solid smartbearing_placeholder
  facet normal 0.993863 0.078219 0.078219
    outer loop
      vertex 1.420000 0.000000 0.000000
      vertex 1.402517 0.222137 0.000000
      vertex 1.397410 0.221328 0.065702
    endloop
  endfacet
  facet normal 0.993863 0.078219 0.078219
    outer loop
      vertex 1.420000 0.000000 0.000000
      vertex 1.397410 0.221328 0.065702
      vertex 1.414829 0.000000 0.065702
    endloop
  endfacet
  facet normal 0.969535 0.076304 0.232765
    outer loop
      vertex 1.414829 0.000000 0.065702
      vertex 1.397410 0.221328 0.065702
      vertex 1.382214 0.218921 0.129787
    endloop
  endfacet
  facet normal 0.969535 0.076304 0.232765
    outer loop
      vertex 1.414829 0.000000 0.065702
      vertex 1.382214 0.218921 0.129787
      vertex 1.399444 0.000000 0.129787
    endloop
  endfacet
  facet normal 0.921447 0.072519 0.381676
    outer loop
      vertex 1.399444 0.000000 0.129787
      vertex 1.382214 0.218921 0.129787
      vertex 1.357304 0.214976 0.190676
    endloop
  endfacet
  facet normal 0.921447 0.072519 0.381676
    outer loop
      vertex 1.399444 0.000000 0.129787
      vertex 1.357304 0.214976 0.190676
      vertex 1.374223 0.000000 0.190676
    endloop
  endfacet
  facet normal 0.850727 0.066954 0.521326
    outer loop
      vertex 1.374223 0.000000 0.190676
      vertex 1.357304 0.214976 0.190676
      vertex 1.323292 0.209589 0.246870
    endloop
  endfacet
  facet normal 0.850727 0.066954 0.521326
    outer loop
      vertex 1.374223 0.000000 0.190676
      vertex 1.323292 0.209589 0.246870
      vertex 1.339787 0.000000 0.246870
    endloop
  endfacet
  facet normal 0.759048 0.059738 0.648288
    outer loop
      vertex 1.339787 0.000000 0.246870
      vertex 1.323292 0.209589 0.246870
      vertex 1.281017 0.202893 0.296985
    endloop
  endfacet
  facet normal 0.759048 0.059738 0.648288
    outer loop
      vertex 1.339787 0.000000 0.246870
      vertex 1.281017 0.202893 0.296985
      vertex 1.296985 0.000000 0.296985
    endloop
  endfacet
  facet normal 0.648601 0.051046 0.759415
    outer loop
      vertex 1.296985 0.000000 0.296985
      vertex 1.281017 0.202893 0.296985
      vertex 1.231519 0.195053 0.339787
    endloop
  endfacet
  facet normal 0.648601 0.051046 0.759415
    outer loop
      vertex 1.296985 0.000000 0.296985
      vertex 1.231519 0.195053 0.339787
      vertex 1.246870 0.000000 0.339787
    endloop
  endfacet
  facet normal 0.522057 0.041087 0.851920
    outer loop
      vertex 1.246870 0.000000 0.339787
      vertex 1.231519 0.195053 0.339787
      vertex 1.176017 0.186263 0.374223
    endloop
  endfacet
  facet normal 0.522057 0.041087 0.851920
    outer loop
      vertex 1.246870 0.000000 0.339787
      vertex 1.176017 0.186263 0.374223
      vertex 1.190676 0.000000 0.374223
    endloop
  endfacet
  facet normal 0.382510 0.030104 0.923461
    outer loop
      vertex 1.190676 0.000000 0.374223
      vertex 1.176017 0.186263 0.374223
      vertex 1.115878 0.176738 0.399444
    endloop
  endfacet
  facet normal 0.382510 0.030104 0.923461
    outer loop
      vertex 1.190676 0.000000 0.374223
      vertex 1.115878 0.176738 0.399444
      vertex 1.129787 0.000000 0.399444
    endloop
  endfacet
  facet normal 0.233406 0.018369 0.972206
    outer loop
      vertex 1.129787 0.000000 0.399444
      vertex 1.115878 0.176738 0.399444
      vertex 1.052582 0.166713 0.414829
    endloop
  endfacet
  facet normal 0.233406 0.018369 0.972206
    outer loop
      vertex 1.129787 0.000000 0.399444
      vertex 1.052582 0.166713 0.414829
      vertex 1.065702 0.000000 0.414829
    endloop
  endfacet
  facet normal 0.078458 0.006175 0.996898
    outer loop
      vertex 1.065702 0.000000 0.414829
      vertex 1.052582 0.166713 0.414829
      vertex 0.987688 0.156434 0.420000
    endloop
  endfacet
  facet normal 0.078458 0.006175 0.996898
    outer loop
      vertex 1.065702 0.000000 0.414829
      vertex 0.987688 0.156434 0.420000
      vertex 1.000000 0.000000 0.420000
    endloop
  endfacet
  facet normal -0.078458 -0.006175 0.996898
    outer loop
      vertex 1.000000 0.000000 0.420000
      vertex 0.987688 0.156434 0.420000
      vertex 0.922795 0.146156 0.414829
    endloop
  endfacet
  facet normal -0.078458 -0.006175 0.996898
    outer loop
      vertex 1.000000 0.000000 0.420000
      vertex 0.922795 0.146156 0.414829
      vertex 0.934298 0.000000 0.414829
    endloop
  endfacet
  facet normal -0.233406 -0.018369 0.972206
    outer loop
      vertex 0.934298 0.000000 0.414829
      vertex 0.922795 0.146156 0.414829
      vertex 0.859499 0.136131 0.399444
    endloop
  endfacet
  facet normal -0.233406 -0.018369 0.972206
    outer loop
      vertex 0.934298 0.000000 0.414829
      vertex 0.859499 0.136131 0.399444
      vertex 0.870213 0.000000 0.399444
    endloop
  endfacet
  facet normal -0.382510 -0.030104 0.923461
    outer loop
      vertex 0.870213 0.000000 0.399444
      vertex 0.859499 0.136131 0.399444
      vertex 0.799360 0.126606 0.374223
    endloop
  endfacet
  facet normal -0.382510 -0.030104 0.923461
    outer loop
      vertex 0.870213 0.000000 0.399444
      vertex 0.799360 0.126606 0.374223
      vertex 0.809324 0.000000 0.374223
    endloop
  endfacet
  facet normal -0.522057 -0.041087 0.851920
    outer loop
      vertex 0.809324 0.000000 0.374223
      vertex 0.799360 0.126606 0.374223
      vertex 0.743858 0.117816 0.339787
    endloop
  endfacet
  facet normal -0.522057 -0.041087 0.851920
    outer loop
      vertex 0.809324 0.000000 0.374223
      vertex 0.743858 0.117816 0.339787
      vertex 0.753130 0.000000 0.339787
    endloop
  endfacet
  facet normal -0.648601 -0.051046 0.759415
    outer loop
      vertex 0.753130 0.000000 0.339787
      vertex 0.743858 0.117816 0.339787
      vertex 0.694360 0.109976 0.296985
    endloop
  endfacet
  facet normal -0.648601 -0.051046 0.759415
    outer loop
      vertex 0.753130 0.000000 0.339787
      vertex 0.694360 0.109976 0.296985
      vertex 0.703015 0.000000 0.296985
    endloop
  endfacet
  facet normal -0.759048 -0.059738 0.648288
    outer loop
      vertex 0.703015 0.000000 0.296985
      vertex 0.694360 0.109976 0.296985
      vertex 0.652085 0.103280 0.246870
    endloop
  endfacet
  facet normal -0.759048 -0.059738 0.648288
    outer loop
      vertex 0.703015 0.000000 0.296985
      vertex 0.652085 0.103280 0.246870
      vertex 0.660213 0.000000 0.246870
    endloop
  endfacet
  facet normal -0.850727 -0.066954 0.521326
    outer loop
      vertex 0.660213 0.000000 0.246870
      vertex 0.652085 0.103280 0.246870
      vertex 0.618073 0.097893 0.190676
    endloop
  endfacet
  facet normal -0.850727 -0.066954 0.521326
    outer loop
      vertex 0.660213 0.000000 0.246870
      vertex 0.618073 0.097893 0.190676
      vertex 0.625777 0.000000 0.190676
    endloop
  endfacet
  facet normal -0.921447 -0.072519 0.381676
    outer loop
      vertex 0.625777 0.000000 0.190676
      vertex 0.618073 0.097893 0.190676
      vertex 0.593162 0.093948 0.129787
    endloop
  endfacet
  facet normal -0.921447 -0.072519 0.381676
    outer loop
      vertex 0.625777 0.000000 0.190676
      vertex 0.593162 0.093948 0.129787
      vertex 0.600556 0.000000 0.129787
    endloop
  endfacet
  facet normal -0.969535 -0.076304 0.232765
    outer loop
      vertex 0.600556 0.000000 0.129787
      vertex 0.593162 0.093948 0.129787
      vertex 0.577966 0.091541 0.065702
    endloop
  endfacet
  facet normal -0.969535 -0.076304 0.232765
    outer loop
      vertex 0.600556 0.000000 0.129787
      vertex 0.577966 0.091541 0.065702
      vertex 0.585171 0.000000 0.065702
    endloop
  endfacet
  facet normal -0.993863 -0.078219 0.078219
    outer loop
      vertex 0.585171 0.000000 0.065702
      vertex 0.577966 0.091541 0.065702
      vertex 0.572859 0.090732 0.000000
    endloop
  endfacet
  facet normal -0.993863 -0.078219 0.078219
    outer loop
      vertex 0.585171 0.000000 0.065702
      vertex 0.572859 0.090732 0.000000
      vertex 0.580000 0.000000 0.000000
    endloop
  endfacet
  facet normal -0.993863 -0.078219 -0.078219
    outer loop
      vertex 0.580000 0.000000 0.000000
      vertex 0.572859 0.090732 0.000000
      vertex 0.577966 0.091541 -0.065702
    endloop
  endfacet
  facet normal -0.993863 -0.078219 -0.078219
    outer loop
      vertex 0.580000 0.000000 0.000000
      vertex 0.577966 0.091541 -0.065702
      vertex 0.585171 0.000000 -0.065702
    endloop
  endfacet
  facet normal -0.969535 -0.076304 -0.232765
    outer loop
      vertex 0.585171 0.000000 -0.065702
      vertex 0.577966 0.091541 -0.065702
      vertex 0.593162 0.093948 -0.129787
    endloop
  endfacet
  facet normal -0.969535 -0.076304 -0.232765
    outer loop
      vertex 0.585171 0.000000 -0.065702
      vertex 0.593162 0.093948 -0.129787
      vertex 0.600556 0.000000 -0.129787
    endloop
  endfacet
  facet normal -0.921447 -0.072519 -0.381676
    outer loop
      vertex 0.600556 0.000000 -0.129787
      vertex 0.593162 0.093948 -0.129787
      vertex 0.618073 0.097893 -0.190676
    endloop
  endfacet
  facet normal -0.921447 -0.072519 -0.381676
    outer loop
      vertex 0.600556 0.000000 -0.129787
      vertex 0.618073 0.097893 -0.190676
      vertex 0.625777 0.000000 -0.190676
    endloop
  endfacet
  facet normal -0.850727 -0.066954 -0.521326
    outer loop
      vertex 0.625777 0.000000 -0.190676
      vertex 0.618073 0.097893 -0.190676
      vertex 0.652085 0.103280 -0.246870
    endloop
  endfacet
  facet normal -0.850727 -0.066954 -0.521326
    outer loop
      vertex 0.625777 0.000000 -0.190676
      vertex 0.652085 0.103280 -0.246870
      vertex 0.660213 0.000000 -0.246870
    endloop
  endfacet
  facet normal -0.759048 -0.059738 -0.648288
    outer loop
      vertex 0.660213 0.000000 -0.246870
      vertex 0.652085 0.103280 -0.246870
      vertex 0.694360 0.109976 -0.296985
    endloop
  endfacet
  facet normal -0.759048 -0.059738 -0.648288
    outer loop
      vertex 0.660213 0.000000 -0.246870
      vertex 0.694360 0.109976 -0.296985
      vertex 0.703015 0.000000 -0.296985
    endloop
  endfacet
  facet normal -0.648601 -0.051046 -0.759415
    outer loop
      vertex 0.703015 0.000000 -0.296985
      vertex 0.694360 0.109976 -0.296985
      vertex 0.743858 0.117816 -0.339787
    endloop
  endfacet
  facet normal -0.648601 -0.051046 -0.759415
    outer loop
      vertex 0.703015 0.000000 -0.296985
      vertex 0.743858 0.117816 -0.339787
      vertex 0.753130 0.000000 -0.339787
    endloop
  endfacet
  facet normal -0.522057 -0.041087 -0.851920
    outer loop
      vertex 0.753130 0.000000 -0.339787
      vertex 0.743858 0.117816 -0.339787
      vertex 0.799360 0.126606 -0.374223
    endloop
  endfacet
  facet normal -0.522057 -0.041087 -0.851920
    outer loop
      vertex 0.753130 0.000000 -0.339787
      vertex 0.799360 0.126606 -0.374223
      vertex 0.809324 0.000000 -0.374223
    endloop
  endfacet
  facet normal -0.382510 -0.030104 -0.923461
    outer loop
      vertex 0.809324 0.000000 -0.374223
      vertex 0.799360 0.126606 -0.374223
      vertex 0.859499 0.136131 -0.399444
    endloop
  endfacet
  facet normal -0.382510 -0.030104 -0.923461
    outer loop
      vertex 0.809324 0.000000 -0.374223
      vertex 0.859499 0.136131 -0.399444
      vertex 0.870213 0.000000 -0.399444
    endloop
  endfacet
  facet normal -0.233406 -0.018369 -0.972206
    outer loop
      vertex 0.870213 0.000000 -0.399444
      vertex 0.859499 0.136131 -0.399444
      vertex 0.922795 0.146156 -0.414829
    endloop
  endfacet
  facet normal -0.233406 -0.018369 -0.972206
    outer loop
      vertex 0.870213 0.000000 -0.399444
      vertex 0.922795 0.146156 -0.414829
      vertex 0.934298 0.000000 -0.414829
    endloop
  endfacet
  facet normal -0.078458 -0.006175 -0.996898
    outer loop
      vertex 0.934298 0.000000 -0.414829
      vertex 0.922795 0.146156 -0.414829
      vertex 0.987688 0.156434 -0.420000
    endloop
  endfacet
  facet normal -0.078458 -0.006175 -0.996898
    outer loop
      vertex 0.934298 0.000000 -0.414829
      vertex 0.987688 0.156434 -0.420000
      vertex 1.000000 0.000000 -0.420000
    endloop
  endfacet
  facet normal 0.078458 0.006175 -0.996898
    outer loop
      vertex 1.000000 0.000000 -0.420000
      vertex 0.987688 0.156434 -0.420000
      vertex 1.052582 0.166713 -0.414829
    endloop
  endfacet
  facet normal 0.078458 0.006175 -0.996898
    outer loop
      vertex 1.000000 0.000000 -0.420000
      vertex 1.052582 0.166713 -0.414829
      vertex 1.065702 0.000000 -0.414829
    endloop
  endfacet
  facet normal 0.233406 0.018369 -0.972206
    outer loop
      vertex 1.065702 0.000000 -0.414829
      vertex 1.052582 0.166713 -0.414829
      vertex 1.115878 0.176738 -0.399444
    endloop
  endfacet
  facet normal 0.233406 0.018369 -0.972206
    outer loop
      vertex 1.065702 0.000000 -0.414829
      vertex 1.115878 0.176738 -0.399444
      vertex 1.129787 0.000000 -0.399444
    endloop
  endfacet
  facet normal 0.382510 0.030104 -0.923461
    outer loop
      vertex 1.129787 0.000000 -0.399444
      vertex 1.115878 0.176738 -0.399444
      vertex 1.176017 0.186263 -0.374223
    endloop
  endfacet
  facet normal 0.382510 0.030104 -0.923461
    outer loop
      vertex 1.129787 0.000000 -0.399444
      vertex 1.176017 0.186263 -0.374223
      vertex 1.190676 0.000000 -0.374223
    endloop
  endfacet
  facet normal 0.522057 0.041087 -0.851920
    outer loop
      vertex 1.190676 0.000000 -0.374223
      vertex 1.176017 0.186263 -0.374223
      vertex 1.231519 0.195053 -0.339787
    endloop
  endfacet
  facet normal 0.522057 0.041087 -0.851920
    outer loop
      vertex 1.190676 0.000000 -0.374223
      vertex 1.231519 0.195053 -0.339787
      vertex 1.246870 0.000000 -0.339787
    endloop
  endfacet
  facet normal 0.648601 0.051046 -0.759415
    outer loop
      vertex 1.246870 0.000000 -0.339787
      vertex 1.231519 0.195053 -0.339787
      vertex 1.281017 0.202893 -0.296985
    endloop
  endfacet
  facet normal 0.648601 0.051046 -0.759415
    outer loop
      vertex 1.246870 0.000000 -0.339787
      vertex 1.281017 0.202893 -0.296985
      vertex 1.296985 0.000000 -0.296985
    endloop
  endfacet
  facet normal 0.759048 0.059738 -0.648288
    outer loop
      vertex 1.296985 0.000000 -0.296985
      vertex 1.281017 0.202893 -0.296985
      vertex 1.323292 0.209589 -0.246870
    endloop
  endfacet
  facet normal 0.759048 0.059738 -0.648288
    outer loop
      vertex 1.296985 0.000000 -0.296985
      vertex 1.323292 0.209589 -0.246870
      vertex 1.339787 0.000000 -0.246870
    endloop
  endfacet
  facet normal 0.850727 0.066954 -0.521326
    outer loop
      vertex 1.339787 0.000000 -0.246870
      vertex 1.323292 0.209589 -0.246870
      vertex 1.357304 0.214976 -0.190676
    endloop
  endfacet
  facet normal 0.850727 0.066954 -0.521326
    outer loop
      vertex 1.339787 0.000000 -0.246870
      vertex 1.357304 0.214976 -0.190676
      vertex 1.374223 0.000000 -0.190676
    endloop
  endfacet
  facet normal 0.921447 0.072519 -0.381676
    outer loop
      vertex 1.374223 0.000000 -0.190676
      vertex 1.357304 0.214976 -0.190676
      vertex 1.382214 0.218921 -0.129787
    endloop
  endfacet
  facet normal 0.921447 0.072519 -0.381676
    outer loop
      vertex 1.374223 0.000000 -0.190676
      vertex 1.382214 0.218921 -0.129787
      vertex 1.399444 0.000000 -0.129787
    endloop
  endfacet
  facet normal 0.969535 0.076304 -0.232765
    outer loop
      vertex 1.399444 0.000000 -0.129787
      vertex 1.382214 0.218921 -0.129787
      vertex 1.397410 0.221328 -0.065702
    endloop
  endfacet
  facet normal 0.969535 0.076304 -0.232765
    outer loop
      vertex 1.399444 0.000000 -0.129787
      vertex 1.397410 0.221328 -0.065702
      vertex 1.414829 0.000000 -0.065702
    endloop
  endfacet
  facet normal 0.993863 0.078219 -0.078219
    outer loop
      vertex 1.414829 0.000000 -0.065702
      vertex 1.397410 0.221328 -0.065702
      vertex 1.402517 0.222137 -0.000000
    endloop
  endfacet
  facet normal 0.993863 0.078219 -0.078219
    outer loop
      vertex 1.414829 0.000000 -0.065702
      vertex 1.402517 0.222137 -0.000000
      vertex 1.420000 0.000000 -0.000000
    endloop
  endfacet
  facet normal 0.969391 0.232730 0.078219
    outer loop
      vertex 1.402517 0.222137 0.000000
      vertex 1.350500 0.438804 0.000000
      vertex 1.345582 0.437206 0.065702
    endloop
  endfacet
  facet normal 0.969391 0.232730 0.078219
    outer loop
      vertex 1.402517 0.222137 0.000000
      vertex 1.345582 0.437206 0.065702
      vertex 1.397410 0.221328 0.065702
    endloop
  endfacet
  facet normal 0.945662 0.227033 0.232765
    outer loop
      vertex 1.397410 0.221328 0.065702
      vertex 1.345582 0.437206 0.065702
      vertex 1.330950 0.432452 0.129787
    endloop
  endfacet
  facet normal 0.945662 0.227033 0.232765
    outer loop
      vertex 1.397410 0.221328 0.065702
      vertex 1.330950 0.432452 0.129787
      vertex 1.382214 0.218921 0.129787
    endloop
  endfacet
  facet normal 0.898758 0.215773 0.381676
    outer loop
      vertex 1.382214 0.218921 0.129787
      vertex 1.330950 0.432452 0.129787
      vertex 1.306963 0.424658 0.190676
    endloop
  endfacet
  facet normal 0.898758 0.215773 0.381676
    outer loop
      vertex 1.382214 0.218921 0.129787
      vertex 1.306963 0.424658 0.190676
      vertex 1.357304 0.214976 0.190676
    endloop
  endfacet
  facet normal 0.829779 0.199212 0.521326
    outer loop
      vertex 1.357304 0.214976 0.190676
      vertex 1.306963 0.424658 0.190676
      vertex 1.274213 0.414017 0.246870
    endloop
  endfacet
  facet normal 0.829779 0.199212 0.521326
    outer loop
      vertex 1.357304 0.214976 0.190676
      vertex 1.274213 0.414017 0.246870
      vertex 1.323292 0.209589 0.246870
    endloop
  endfacet
  facet normal 0.740358 0.177744 0.648288
    outer loop
      vertex 1.323292 0.209589 0.246870
      vertex 1.274213 0.414017 0.246870
      vertex 1.233506 0.400790 0.296985
    endloop
  endfacet
  facet normal 0.740358 0.177744 0.648288
    outer loop
      vertex 1.323292 0.209589 0.246870
      vertex 1.233506 0.400790 0.296985
      vertex 1.281017 0.202893 0.296985
    endloop
  endfacet
  facet normal 0.632631 0.151881 0.759415
    outer loop
      vertex 1.281017 0.202893 0.296985
      vertex 1.233506 0.400790 0.296985
      vertex 1.185844 0.385304 0.339787
    endloop
  endfacet
  facet normal 0.632631 0.151881 0.759415
    outer loop
      vertex 1.281017 0.202893 0.296985
      vertex 1.185844 0.385304 0.339787
      vertex 1.231519 0.195053 0.339787
    endloop
  endfacet
  facet normal 0.509203 0.122249 0.851920
    outer loop
      vertex 1.231519 0.195053 0.339787
      vertex 1.185844 0.385304 0.339787
      vertex 1.132400 0.367939 0.374223
    endloop
  endfacet
  facet normal 0.509203 0.122249 0.851920
    outer loop
      vertex 1.231519 0.195053 0.339787
      vertex 1.132400 0.367939 0.374223
      vertex 1.176017 0.186263 0.374223
    endloop
  endfacet
  facet normal 0.373091 0.089571 0.923461
    outer loop
      vertex 1.176017 0.186263 0.374223
      vertex 1.132400 0.367939 0.374223
      vertex 1.074491 0.349123 0.399444
    endloop
  endfacet
  facet normal 0.373091 0.089571 0.923461
    outer loop
      vertex 1.176017 0.186263 0.374223
      vertex 1.074491 0.349123 0.399444
      vertex 1.115878 0.176738 0.399444
    endloop
  endfacet
  facet normal 0.227659 0.054656 0.972206
    outer loop
      vertex 1.115878 0.176738 0.399444
      vertex 1.074491 0.349123 0.399444
      vertex 1.013543 0.329320 0.414829
    endloop
  endfacet
  facet normal 0.227659 0.054656 0.972206
    outer loop
      vertex 1.115878 0.176738 0.399444
      vertex 1.013543 0.329320 0.414829
      vertex 1.052582 0.166713 0.414829
    endloop
  endfacet
  facet normal 0.076526 0.018372 0.996898
    outer loop
      vertex 1.052582 0.166713 0.414829
      vertex 1.013543 0.329320 0.414829
      vertex 0.951057 0.309017 0.420000
    endloop
  endfacet
  facet normal 0.076526 0.018372 0.996898
    outer loop
      vertex 1.052582 0.166713 0.414829
      vertex 0.951057 0.309017 0.420000
      vertex 0.987688 0.156434 0.420000
    endloop
  endfacet
  facet normal -0.076526 -0.018372 0.996898
    outer loop
      vertex 0.987688 0.156434 0.420000
      vertex 0.951057 0.309017 0.420000
      vertex 0.888570 0.288714 0.414829
    endloop
  endfacet
  facet normal -0.076526 -0.018372 0.996898
    outer loop
      vertex 0.987688 0.156434 0.420000
      vertex 0.888570 0.288714 0.414829
      vertex 0.922795 0.146156 0.414829
    endloop
  endfacet
  facet normal -0.227659 -0.054656 0.972206
    outer loop
      vertex 0.922795 0.146156 0.414829
      vertex 0.888570 0.288714 0.414829
      vertex 0.827622 0.268911 0.399444
    endloop
  endfacet
  facet normal -0.227659 -0.054656 0.972206
    outer loop
      vertex 0.922795 0.146156 0.414829
      vertex 0.827622 0.268911 0.399444
      vertex 0.859499 0.136131 0.399444
    endloop
  endfacet
  facet normal -0.373091 -0.089571 0.923461
    outer loop
      vertex 0.859499 0.136131 0.399444
      vertex 0.827622 0.268911 0.399444
      vertex 0.769713 0.250095 0.374223
    endloop
  endfacet
  facet normal -0.373091 -0.089571 0.923461
    outer loop
      vertex 0.859499 0.136131 0.399444
      vertex 0.769713 0.250095 0.374223
      vertex 0.799360 0.126606 0.374223
    endloop
  endfacet
  facet normal -0.509203 -0.122249 0.851920
    outer loop
      vertex 0.799360 0.126606 0.374223
      vertex 0.769713 0.250095 0.374223
      vertex 0.716269 0.232730 0.339787
    endloop
  endfacet
  facet normal -0.509203 -0.122249 0.851920
    outer loop
      vertex 0.799360 0.126606 0.374223
      vertex 0.716269 0.232730 0.339787
      vertex 0.743858 0.117816 0.339787
    endloop
  endfacet
  facet normal -0.632631 -0.151881 0.759415
    outer loop
      vertex 0.743858 0.117816 0.339787
      vertex 0.716269 0.232730 0.339787
      vertex 0.668607 0.217244 0.296985
    endloop
  endfacet
  facet normal -0.632631 -0.151881 0.759415
    outer loop
      vertex 0.743858 0.117816 0.339787
      vertex 0.668607 0.217244 0.296985
      vertex 0.694360 0.109976 0.296985
    endloop
  endfacet
  facet normal -0.740358 -0.177744 0.648288
    outer loop
      vertex 0.694360 0.109976 0.296985
      vertex 0.668607 0.217244 0.296985
      vertex 0.627900 0.204017 0.246870
    endloop
  endfacet
  facet normal -0.740358 -0.177744 0.648288
    outer loop
      vertex 0.694360 0.109976 0.296985
      vertex 0.627900 0.204017 0.246870
      vertex 0.652085 0.103280 0.246870
    endloop
  endfacet
  facet normal -0.829779 -0.199212 0.521326
    outer loop
      vertex 0.652085 0.103280 0.246870
      vertex 0.627900 0.204017 0.246870
      vertex 0.595150 0.193376 0.190676
    endloop
  endfacet
  facet normal -0.829779 -0.199212 0.521326
    outer loop
      vertex 0.652085 0.103280 0.246870
      vertex 0.595150 0.193376 0.190676
      vertex 0.618073 0.097893 0.190676
    endloop
  endfacet
  facet normal -0.898758 -0.215773 0.381676
    outer loop
      vertex 0.618073 0.097893 0.190676
      vertex 0.595150 0.193376 0.190676
      vertex 0.571163 0.185582 0.129787
    endloop
  endfacet
  facet normal -0.898758 -0.215773 0.381676
    outer loop
      vertex 0.618073 0.097893 0.190676
      vertex 0.571163 0.185582 0.129787
      vertex 0.593162 0.093948 0.129787
    endloop
  endfacet
  facet normal -0.945662 -0.227033 0.232765
    outer loop
      vertex 0.593162 0.093948 0.129787
      vertex 0.571163 0.185582 0.129787
      vertex 0.556531 0.180828 0.065702
    endloop
  endfacet
  facet normal -0.945662 -0.227033 0.232765
    outer loop
      vertex 0.593162 0.093948 0.129787
      vertex 0.556531 0.180828 0.065702
      vertex 0.577966 0.091541 0.065702
    endloop
  endfacet
  facet normal -0.969391 -0.232730 0.078219
    outer loop
      vertex 0.577966 0.091541 0.065702
      vertex 0.556531 0.180828 0.065702
      vertex 0.551613 0.179230 0.000000
    endloop
  endfacet
  facet normal -0.969391 -0.232730 0.078219
    outer loop
      vertex 0.577966 0.091541 0.065702
      vertex 0.551613 0.179230 0.000000
      vertex 0.572859 0.090732 0.000000
    endloop
  endfacet
  facet normal -0.969391 -0.232730 -0.078219
    outer loop
      vertex 0.572859 0.090732 0.000000
      vertex 0.551613 0.179230 0.000000
      vertex 0.556531 0.180828 -0.065702
    endloop
  endfacet
  facet normal -0.969391 -0.232730 -0.078219
    outer loop
      vertex 0.572859 0.090732 0.000000
      vertex 0.556531 0.180828 -0.065702
      vertex 0.577966 0.091541 -0.065702
    endloop
  endfacet
  facet normal -0.945662 -0.227033 -0.232765
    outer loop
      vertex 0.577966 0.091541 -0.065702
      vertex 0.556531 0.180828 -0.065702
      vertex 0.571163 0.185582 -0.129787
    endloop
  endfacet
  facet normal -0.945662 -0.227033 -0.232765
    outer loop
      vertex 0.577966 0.091541 -0.065702
      vertex 0.571163 0.185582 -0.129787
      vertex 0.593162 0.093948 -0.129787
    endloop
  endfacet
  facet normal -0.898758 -0.215773 -0.381676
    outer loop
      vertex 0.593162 0.093948 -0.129787
      vertex 0.571163 0.185582 -0.129787
      vertex 0.595150 0.193376 -0.190676
    endloop
  endfacet
  facet normal -0.898758 -0.215773 -0.381676
    outer loop
      vertex 0.593162 0.093948 -0.129787
      vertex 0.595150 0.193376 -0.190676
      vertex 0.618073 0.097893 -0.190676
    endloop
  endfacet
  facet normal -0.829779 -0.199212 -0.521326
    outer loop
      vertex 0.618073 0.097893 -0.190676
      vertex 0.595150 0.193376 -0.190676
      vertex 0.627900 0.204017 -0.246870
    endloop
  endfacet
  facet normal -0.829779 -0.199212 -0.521326
    outer loop
      vertex 0.618073 0.097893 -0.190676
      vertex 0.627900 0.204017 -0.246870
      vertex 0.652085 0.103280 -0.246870
    endloop
  endfacet
  facet normal -0.740358 -0.177744 -0.648288
    outer loop
      vertex 0.652085 0.103280 -0.246870
      vertex 0.627900 0.204017 -0.246870
      vertex 0.668607 0.217244 -0.296985
    endloop
  endfacet
  facet normal -0.740358 -0.177744 -0.648288
    outer loop
      vertex 0.652085 0.103280 -0.246870
      vertex 0.668607 0.217244 -0.296985
      vertex 0.694360 0.109976 -0.296985
    endloop
  endfacet
  facet normal -0.632631 -0.151881 -0.759415
    outer loop
      vertex 0.694360 0.109976 -0.296985
      vertex 0.668607 0.217244 -0.296985
      vertex 0.716269 0.232730 -0.339787
    endloop
  endfacet
  facet normal -0.632631 -0.151881 -0.759415
    outer loop
      vertex 0.694360 0.109976 -0.296985
      vertex 0.716269 0.232730 -0.339787
      vertex 0.743858 0.117816 -0.339787
    endloop
  endfacet
  facet normal -0.509203 -0.122249 -0.851920
    outer loop
      vertex 0.743858 0.117816 -0.339787
      vertex 0.716269 0.232730 -0.339787
      vertex 0.769713 0.250095 -0.374223
    endloop
  endfacet
  facet normal -0.509203 -0.122249 -0.851920
    outer loop
      vertex 0.743858 0.117816 -0.339787
      vertex 0.769713 0.250095 -0.374223
      vertex 0.799360 0.126606 -0.374223
    endloop
  endfacet
  facet normal -0.373091 -0.089571 -0.923461
    outer loop
      vertex 0.799360 0.126606 -0.374223
      vertex 0.769713 0.250095 -0.374223
      vertex 0.827622 0.268911 -0.399444
    endloop
  endfacet
  facet normal -0.373091 -0.089571 -0.923461
    outer loop
      vertex 0.799360 0.126606 -0.374223
      vertex 0.827622 0.268911 -0.399444
      vertex 0.859499 0.136131 -0.399444
    endloop
  endfacet
  facet normal -0.227659 -0.054656 -0.972206
    outer loop
      vertex 0.859499 0.136131 -0.399444
      vertex 0.827622 0.268911 -0.399444
      vertex 0.888570 0.288714 -0.414829
    endloop
  endfacet
  facet normal -0.227659 -0.054656 -0.972206
    outer loop
      vertex 0.859499 0.136131 -0.399444
      vertex 0.888570 0.288714 -0.414829
      vertex 0.922795 0.146156 -0.414829
    endloop
  endfacet
  facet normal -0.076526 -0.018372 -0.996898
    outer loop
      vertex 0.922795 0.146156 -0.414829
      vertex 0.888570 0.288714 -0.414829
      vertex 0.951057 0.309017 -0.420000
    endloop
  endfacet
  facet normal -0.076526 -0.018372 -0.996898
    outer loop
      vertex 0.922795 0.146156 -0.414829
      vertex 0.951057 0.309017 -0.420000
      vertex 0.987688 0.156434 -0.420000
    endloop
  endfacet
  facet normal 0.076526 0.018372 -0.996898
    outer loop
      vertex 0.987688 0.156434 -0.420000
      vertex 0.951057 0.309017 -0.420000
      vertex 1.013543 0.329320 -0.414829
    endloop
  endfacet
  facet normal 0.076526 0.018372 -0.996898
    outer loop
      vertex 0.987688 0.156434 -0.420000
      vertex 1.013543 0.329320 -0.414829
      vertex 1.052582 0.166713 -0.414829
    endloop
  endfacet
  facet normal 0.227659 0.054656 -0.972206
    outer loop
      vertex 1.052582 0.166713 -0.414829
      vertex 1.013543 0.329320 -0.414829
      vertex 1.074491 0.349123 -0.399444
    endloop
  endfacet
  facet normal 0.227659 0.054656 -0.972206
    outer loop
      vertex 1.052582 0.166713 -0.414829
      vertex 1.074491 0.349123 -0.399444
      vertex 1.115878 0.176738 -0.399444
    endloop
  endfacet
  facet normal 0.373091 0.089571 -0.923461
    outer loop
      vertex 1.115878 0.176738 -0.399444
      vertex 1.074491 0.349123 -0.399444
      vertex 1.132400 0.367939 -0.374223
    endloop
  endfacet
  facet normal 0.373091 0.089571 -0.923461
    outer loop
      vertex 1.115878 0.176738 -0.399444
      vertex 1.132400 0.367939 -0.374223
      vertex 1.176017 0.186263 -0.374223
    endloop
  endfacet
  facet normal 0.509203 0.122249 -0.851920
    outer loop
      vertex 1.176017 0.186263 -0.374223
      vertex 1.132400 0.367939 -0.374223
      vertex 1.185844 0.385304 -0.339787
    endloop
  endfacet
  facet normal 0.509203 0.122249 -0.851920
    outer loop
      vertex 1.176017 0.186263 -0.374223
      vertex 1.185844 0.385304 -0.339787
      vertex 1.231519 0.195053 -0.339787
    endloop
  endfacet
  facet normal 0.632631 0.151881 -0.759415
    outer loop
      vertex 1.231519 0.195053 -0.339787
      vertex 1.185844 0.385304 -0.339787
      vertex 1.233506 0.400790 -0.296985
    endloop
  endfacet
  facet normal 0.632631 0.151881 -0.759415
    outer loop
      vertex 1.231519 0.195053 -0.339787
      vertex 1.233506 0.400790 -0.296985
      vertex 1.281017 0.202893 -0.296985
    endloop
  endfacet
  facet normal 0.740358 0.177744 -0.648288
    outer loop
      vertex 1.281017 0.202893 -0.296985
      vertex 1.233506 0.400790 -0.296985
      vertex 1.274213 0.414017 -0.246870
    endloop
  endfacet
  facet normal 0.740358 0.177744 -0.648288
    outer loop
      vertex 1.281017 0.202893 -0.296985
      vertex 1.274213 0.414017 -0.246870
      vertex 1.323292 0.209589 -0.246870
    endloop
  endfacet
  facet normal 0.829779 0.199212 -0.521326
    outer loop
      vertex 1.323292 0.209589 -0.246870
      vertex 1.274213 0.414017 -0.246870
      vertex 1.306963 0.424658 -0.190676
    endloop
  endfacet
  facet normal 0.829779 0.199212 -0.521326
    outer loop
      vertex 1.323292 0.209589 -0.246870
      vertex 1.306963 0.424658 -0.190676
      vertex 1.357304 0.214976 -0.190676
    endloop
  endfacet
  facet normal 0.898758 0.215773 -0.381676
    outer loop
      vertex 1.357304 0.214976 -0.190676
      vertex 1.306963 0.424658 -0.190676
      vertex 1.330950 0.432452 -0.129787
    endloop
  endfacet
  facet normal 0.898758 0.215773 -0.381676
    outer loop
      vertex 1.357304 0.214976 -0.190676
      vertex 1.330950 0.432452 -0.129787
      vertex 1.382214 0.218921 -0.129787
    endloop
  endfacet
  facet normal 0.945662 0.227033 -0.232765
    outer loop
      vertex 1.382214 0.218921 -0.129787
      vertex 1.330950 0.432452 -0.129787
      vertex 1.345582 0.437206 -0.065702
    endloop
  endfacet
  facet normal 0.945662 0.227033 -0.232765
    outer loop
      vertex 1.382214 0.218921 -0.129787
      vertex 1.345582 0.437206 -0.065702
      vertex 1.397410 0.221328 -0.065702
    endloop
  endfacet
  facet normal 0.969391 0.232730 -0.078219
    outer loop
      vertex 1.397410 0.221328 -0.065702
      vertex 1.345582 0.437206 -0.065702
      vertex 1.350500 0.438804 -0.000000
    endloop
  endfacet
  facet normal 0.969391 0.232730 -0.078219
    outer loop
      vertex 1.397410 0.221328 -0.065702
      vertex 1.350500 0.438804 -0.000000
      vertex 1.402517 0.222137 -0.000000
    endloop
  endfacet
  facet normal 0.921049 0.381511 0.078219
    outer loop
      vertex 1.350500 0.438804 0.000000
      vertex 1.265229 0.644667 0.000000
      vertex 1.260622 0.642319 0.065702
    endloop
  endfacet
  facet normal 0.921049 0.381511 0.078219
    outer loop
      vertex 1.350500 0.438804 0.000000
      vertex 1.260622 0.642319 0.065702
      vertex 1.345582 0.437206 0.065702
    endloop
  endfacet
  facet normal 0.898503 0.372172 0.232765
    outer loop
      vertex 1.345582 0.437206 0.065702
      vertex 1.260622 0.642319 0.065702
      vertex 1.246913 0.635334 0.129787
    endloop
  endfacet
  facet normal 0.898503 0.372172 0.232765
    outer loop
      vertex 1.345582 0.437206 0.065702
      vertex 1.246913 0.635334 0.129787
      vertex 1.330950 0.432452 0.129787
    endloop
  endfacet
  facet normal 0.853938 0.353713 0.381676
    outer loop
      vertex 1.330950 0.432452 0.129787
      vertex 1.246913 0.635334 0.129787
      vertex 1.224441 0.623884 0.190676
    endloop
  endfacet
  facet normal 0.853938 0.353713 0.381676
    outer loop
      vertex 1.330950 0.432452 0.129787
      vertex 1.224441 0.623884 0.190676
      vertex 1.306963 0.424658 0.190676
    endloop
  endfacet
  facet normal 0.788400 0.326566 0.521326
    outer loop
      vertex 1.306963 0.424658 0.190676
      vertex 1.224441 0.623884 0.190676
      vertex 1.193759 0.608251 0.246870
    endloop
  endfacet
  facet normal 0.788400 0.326566 0.521326
    outer loop
      vertex 1.306963 0.424658 0.190676
      vertex 1.193759 0.608251 0.246870
      vertex 1.274213 0.414017 0.246870
    endloop
  endfacet
  facet normal 0.703437 0.291373 0.648288
    outer loop
      vertex 1.274213 0.414017 0.246870
      vertex 1.193759 0.608251 0.246870
      vertex 1.155622 0.588819 0.296985
    endloop
  endfacet
  facet normal 0.703437 0.291373 0.648288
    outer loop
      vertex 1.274213 0.414017 0.246870
      vertex 1.155622 0.588819 0.296985
      vertex 1.233506 0.400790 0.296985
    endloop
  endfacet
  facet normal 0.601082 0.248977 0.759415
    outer loop
      vertex 1.233506 0.400790 0.296985
      vertex 1.155622 0.588819 0.296985
      vertex 1.110969 0.566067 0.339787
    endloop
  endfacet
  facet normal 0.601082 0.248977 0.759415
    outer loop
      vertex 1.233506 0.400790 0.296985
      vertex 1.110969 0.566067 0.339787
      vertex 1.185844 0.385304 0.339787
    endloop
  endfacet
  facet normal 0.483810 0.200400 0.851920
    outer loop
      vertex 1.185844 0.385304 0.339787
      vertex 1.110969 0.566067 0.339787
      vertex 1.060900 0.540556 0.374223
    endloop
  endfacet
  facet normal 0.483810 0.200400 0.851920
    outer loop
      vertex 1.185844 0.385304 0.339787
      vertex 1.060900 0.540556 0.374223
      vertex 1.132400 0.367939 0.374223
    endloop
  endfacet
  facet normal 0.354486 0.146833 0.923461
    outer loop
      vertex 1.132400 0.367939 0.374223
      vertex 1.060900 0.540556 0.374223
      vertex 1.006648 0.512913 0.399444
    endloop
  endfacet
  facet normal 0.354486 0.146833 0.923461
    outer loop
      vertex 1.132400 0.367939 0.374223
      vertex 1.006648 0.512913 0.399444
      vertex 1.074491 0.349123 0.399444
    endloop
  endfacet
  facet normal 0.216306 0.089597 0.972206
    outer loop
      vertex 1.074491 0.349123 0.399444
      vertex 1.006648 0.512913 0.399444
      vertex 0.949548 0.483819 0.414829
    endloop
  endfacet
  facet normal 0.216306 0.089597 0.972206
    outer loop
      vertex 1.074491 0.349123 0.399444
      vertex 0.949548 0.483819 0.414829
      vertex 1.013543 0.329320 0.414829
    endloop
  endfacet
  facet normal 0.072710 0.030117 0.996898
    outer loop
      vertex 1.013543 0.329320 0.414829
      vertex 0.949548 0.483819 0.414829
      vertex 0.891007 0.453990 0.420000
    endloop
  endfacet
  facet normal 0.072710 0.030117 0.996898
    outer loop
      vertex 1.013543 0.329320 0.414829
      vertex 0.891007 0.453990 0.420000
      vertex 0.951057 0.309017 0.420000
    endloop
  endfacet
  facet normal -0.072710 -0.030117 0.996898
    outer loop
      vertex 0.951057 0.309017 0.420000
      vertex 0.891007 0.453990 0.420000
      vertex 0.832465 0.424162 0.414829
    endloop
  endfacet
  facet normal -0.072710 -0.030117 0.996898
    outer loop
      vertex 0.951057 0.309017 0.420000
      vertex 0.832465 0.424162 0.414829
      vertex 0.888570 0.288714 0.414829
    endloop
  endfacet
  facet normal -0.216306 -0.089597 0.972206
    outer loop
      vertex 0.888570 0.288714 0.414829
      vertex 0.832465 0.424162 0.414829
      vertex 0.775365 0.395068 0.399444
    endloop
  endfacet
  facet normal -0.216306 -0.089597 0.972206
    outer loop
      vertex 0.888570 0.288714 0.414829
      vertex 0.775365 0.395068 0.399444
      vertex 0.827622 0.268911 0.399444
    endloop
  endfacet
  facet normal -0.354486 -0.146833 0.923461
    outer loop
      vertex 0.827622 0.268911 0.399444
      vertex 0.775365 0.395068 0.399444
      vertex 0.721113 0.367425 0.374223
    endloop
  endfacet
  facet normal -0.354486 -0.146833 0.923461
    outer loop
      vertex 0.827622 0.268911 0.399444
      vertex 0.721113 0.367425 0.374223
      vertex 0.769713 0.250095 0.374223
    endloop
  endfacet
  facet normal -0.483810 -0.200400 0.851920
    outer loop
      vertex 0.769713 0.250095 0.374223
      vertex 0.721113 0.367425 0.374223
      vertex 0.671044 0.341914 0.339787
    endloop
  endfacet
  facet normal -0.483810 -0.200400 0.851920
    outer loop
      vertex 0.769713 0.250095 0.374223
      vertex 0.671044 0.341914 0.339787
      vertex 0.716269 0.232730 0.339787
    endloop
  endfacet
  facet normal -0.601082 -0.248977 0.759415
    outer loop
      vertex 0.716269 0.232730 0.339787
      vertex 0.671044 0.341914 0.339787
      vertex 0.626391 0.319162 0.296985
    endloop
  endfacet
  facet normal -0.601082 -0.248977 0.759415
    outer loop
      vertex 0.716269 0.232730 0.339787
      vertex 0.626391 0.319162 0.296985
      vertex 0.668607 0.217244 0.296985
    endloop
  endfacet
  facet normal -0.703437 -0.291373 0.648288
    outer loop
      vertex 0.668607 0.217244 0.296985
      vertex 0.626391 0.319162 0.296985
      vertex 0.588254 0.299730 0.246870
    endloop
  endfacet
  facet normal -0.703437 -0.291373 0.648288
    outer loop
      vertex 0.668607 0.217244 0.296985
      vertex 0.588254 0.299730 0.246870
      vertex 0.627900 0.204017 0.246870
    endloop
  endfacet
  facet normal -0.788400 -0.326566 0.521326
    outer loop
      vertex 0.627900 0.204017 0.246870
      vertex 0.588254 0.299730 0.246870
      vertex 0.557572 0.284097 0.190676
    endloop
  endfacet
  facet normal -0.788400 -0.326566 0.521326
    outer loop
      vertex 0.627900 0.204017 0.246870
      vertex 0.557572 0.284097 0.190676
      vertex 0.595150 0.193376 0.190676
    endloop
  endfacet
  facet normal -0.853938 -0.353713 0.381676
    outer loop
      vertex 0.595150 0.193376 0.190676
      vertex 0.557572 0.284097 0.190676
      vertex 0.535100 0.272647 0.129787
    endloop
  endfacet
  facet normal -0.853938 -0.353713 0.381676
    outer loop
      vertex 0.595150 0.193376 0.190676
      vertex 0.535100 0.272647 0.129787
      vertex 0.571163 0.185582 0.129787
    endloop
  endfacet
  facet normal -0.898503 -0.372172 0.232765
    outer loop
      vertex 0.571163 0.185582 0.129787
      vertex 0.535100 0.272647 0.129787
      vertex 0.521391 0.265662 0.065702
    endloop
  endfacet
  facet normal -0.898503 -0.372172 0.232765
    outer loop
      vertex 0.571163 0.185582 0.129787
      vertex 0.521391 0.265662 0.065702
      vertex 0.556531 0.180828 0.065702
    endloop
  endfacet
  facet normal -0.921049 -0.381511 0.078219
    outer loop
      vertex 0.556531 0.180828 0.065702
      vertex 0.521391 0.265662 0.065702
      vertex 0.516784 0.263314 0.000000
    endloop
  endfacet
  facet normal -0.921049 -0.381511 0.078219
    outer loop
      vertex 0.556531 0.180828 0.065702
      vertex 0.516784 0.263314 0.000000
      vertex 0.551613 0.179230 0.000000
    endloop
  endfacet
  facet normal -0.921049 -0.381511 -0.078219
    outer loop
      vertex 0.551613 0.179230 0.000000
      vertex 0.516784 0.263314 0.000000
      vertex 0.521391 0.265662 -0.065702
    endloop
  endfacet
  facet normal -0.921049 -0.381511 -0.078219
    outer loop
      vertex 0.551613 0.179230 0.000000
      vertex 0.521391 0.265662 -0.065702
      vertex 0.556531 0.180828 -0.065702
    endloop
  endfacet
  facet normal -0.898503 -0.372172 -0.232765
    outer loop
      vertex 0.556531 0.180828 -0.065702
      vertex 0.521391 0.265662 -0.065702
      vertex 0.535100 0.272647 -0.129787
    endloop
  endfacet
  facet normal -0.898503 -0.372172 -0.232765
    outer loop
      vertex 0.556531 0.180828 -0.065702
      vertex 0.535100 0.272647 -0.129787
      vertex 0.571163 0.185582 -0.129787
    endloop
  endfacet
  facet normal -0.853938 -0.353713 -0.381676
    outer loop
      vertex 0.571163 0.185582 -0.129787
      vertex 0.535100 0.272647 -0.129787
      vertex 0.557572 0.284097 -0.190676
    endloop
  endfacet
  facet normal -0.853938 -0.353713 -0.381676
    outer loop
      vertex 0.571163 0.185582 -0.129787
      vertex 0.557572 0.284097 -0.190676
      vertex 0.595150 0.193376 -0.190676
    endloop
  endfacet
  facet normal -0.788400 -0.326566 -0.521326
    outer loop
      vertex 0.595150 0.193376 -0.190676
      vertex 0.557572 0.284097 -0.190676
      vertex 0.588254 0.299730 -0.246870
    endloop
  endfacet
  facet normal -0.788400 -0.326566 -0.521326
    outer loop
      vertex 0.595150 0.193376 -0.190676
      vertex 0.588254 0.299730 -0.246870
      vertex 0.627900 0.204017 -0.246870
    endloop
  endfacet
  facet normal -0.703437 -0.291373 -0.648288
    outer loop
      vertex 0.627900 0.204017 -0.246870
      vertex 0.588254 0.299730 -0.246870
      vertex 0.626391 0.319162 -0.296985
    endloop
  endfacet
  facet normal -0.703437 -0.291373 -0.648288
    outer loop
      vertex 0.627900 0.204017 -0.246870
      vertex 0.626391 0.319162 -0.296985
      vertex 0.668607 0.217244 -0.296985
    endloop
  endfacet
  facet normal -0.601082 -0.248977 -0.759415
    outer loop
      vertex 0.668607 0.217244 -0.296985
      vertex 0.626391 0.319162 -0.296985
      vertex 0.671044 0.341914 -0.339787
    endloop
  endfacet
  facet normal -0.601082 -0.248977 -0.759415
    outer loop
      vertex 0.668607 0.217244 -0.296985
      vertex 0.671044 0.341914 -0.339787
      vertex 0.716269 0.232730 -0.339787
    endloop
  endfacet
  facet normal -0.483810 -0.200400 -0.851920
    outer loop
      vertex 0.716269 0.232730 -0.339787
      vertex 0.671044 0.341914 -0.339787
      vertex 0.721113 0.367425 -0.374223
    endloop
  endfacet
  facet normal -0.483810 -0.200400 -0.851920
    outer loop
      vertex 0.716269 0.232730 -0.339787
      vertex 0.721113 0.367425 -0.374223
      vertex 0.769713 0.250095 -0.374223
    endloop
  endfacet
  facet normal -0.354486 -0.146833 -0.923461
    outer loop
      vertex 0.769713 0.250095 -0.374223
      vertex 0.721113 0.367425 -0.374223
      vertex 0.775365 0.395068 -0.399444
    endloop
  endfacet
  facet normal -0.354486 -0.146833 -0.923461
    outer loop
      vertex 0.769713 0.250095 -0.374223
      vertex 0.775365 0.395068 -0.399444
      vertex 0.827622 0.268911 -0.399444
    endloop
  endfacet
  facet normal -0.216306 -0.089597 -0.972206
    outer loop
      vertex 0.827622 0.268911 -0.399444
      vertex 0.775365 0.395068 -0.399444
      vertex 0.832465 0.424162 -0.414829
    endloop
  endfacet
  facet normal -0.216306 -0.089597 -0.972206
    outer loop
      vertex 0.827622 0.268911 -0.399444
      vertex 0.832465 0.424162 -0.414829
      vertex 0.888570 0.288714 -0.414829
    endloop
  endfacet
  facet normal -0.072710 -0.030117 -0.996898
    outer loop
      vertex 0.888570 0.288714 -0.414829
      vertex 0.832465 0.424162 -0.414829
      vertex 0.891007 0.453990 -0.420000
    endloop
  endfacet
  facet normal -0.072710 -0.030117 -0.996898
    outer loop
      vertex 0.888570 0.288714 -0.414829
      vertex 0.891007 0.453990 -0.420000
      vertex 0.951057 0.309017 -0.420000
    endloop
  endfacet
  facet normal 0.072710 0.030117 -0.996898
    outer loop
      vertex 0.951057 0.309017 -0.420000
      vertex 0.891007 0.453990 -0.420000
      vertex 0.949548 0.483819 -0.414829
    endloop
  endfacet
  facet normal 0.072710 0.030117 -0.996898
    outer loop
      vertex 0.951057 0.309017 -0.420000
      vertex 0.949548 0.483819 -0.414829
      vertex 1.013543 0.329320 -0.414829
    endloop
  endfacet
  facet normal 0.216306 0.089597 -0.972206
    outer loop
      vertex 1.013543 0.329320 -0.414829
      vertex 0.949548 0.483819 -0.414829
      vertex 1.006648 0.512913 -0.399444
    endloop
  endfacet
  facet normal 0.216306 0.089597 -0.972206
    outer loop
      vertex 1.013543 0.329320 -0.414829
      vertex 1.006648 0.512913 -0.399444
      vertex 1.074491 0.349123 -0.399444
    endloop
  endfacet
  facet normal 0.354486 0.146833 -0.923461
    outer loop
      vertex 1.074491 0.349123 -0.399444
      vertex 1.006648 0.512913 -0.399444
      vertex 1.060900 0.540556 -0.374223
    endloop
  endfacet
  facet normal 0.354486 0.146833 -0.923461
    outer loop
      vertex 1.074491 0.349123 -0.399444
      vertex 1.060900 0.540556 -0.374223
      vertex 1.132400 0.367939 -0.374223
    endloop
  endfacet
  facet normal 0.483810 0.200400 -0.851920
    outer loop
      vertex 1.132400 0.367939 -0.374223
      vertex 1.060900 0.540556 -0.374223
      vertex 1.110969 0.566067 -0.339787
    endloop
  endfacet
  facet normal 0.483810 0.200400 -0.851920
    outer loop
      vertex 1.132400 0.367939 -0.374223
      vertex 1.110969 0.566067 -0.339787
      vertex 1.185844 0.385304 -0.339787
    endloop
  endfacet
  facet normal 0.601082 0.248977 -0.759415
    outer loop
      vertex 1.185844 0.385304 -0.339787
      vertex 1.110969 0.566067 -0.339787
      vertex 1.155622 0.588819 -0.296985
    endloop
  endfacet
  facet normal 0.601082 0.248977 -0.759415
    outer loop
      vertex 1.185844 0.385304 -0.339787
      vertex 1.155622 0.588819 -0.296985
      vertex 1.233506 0.400790 -0.296985
    endloop
  endfacet
  facet normal 0.703437 0.291373 -0.648288
    outer loop
      vertex 1.233506 0.400790 -0.296985
      vertex 1.155622 0.588819 -0.296985
      vertex 1.193759 0.608251 -0.246870
    endloop
  endfacet
  facet normal 0.703437 0.291373 -0.648288
    outer loop
      vertex 1.233506 0.400790 -0.296985
      vertex 1.193759 0.608251 -0.246870
      vertex 1.274213 0.414017 -0.246870
    endloop
  endfacet
  facet normal 0.788400 0.326566 -0.521326
    outer loop
      vertex 1.274213 0.414017 -0.246870
      vertex 1.193759 0.608251 -0.246870
      vertex 1.224441 0.623884 -0.190676
    endloop
  endfacet
  facet normal 0.788400 0.326566 -0.521326
    outer loop
      vertex 1.274213 0.414017 -0.246870
      vertex 1.224441 0.623884 -0.190676
      vertex 1.306963 0.424658 -0.190676
    endloop
  endfacet
  facet normal 0.853938 0.353713 -0.381676
    outer loop
      vertex 1.306963 0.424658 -0.190676
      vertex 1.224441 0.623884 -0.190676
      vertex 1.246913 0.635334 -0.129787
    endloop
  endfacet
  facet normal 0.853938 0.353713 -0.381676
    outer loop
      vertex 1.306963 0.424658 -0.190676
      vertex 1.246913 0.635334 -0.129787
      vertex 1.330950 0.432452 -0.129787
    endloop
  endfacet
  facet normal 0.898503 0.372172 -0.232765
    outer loop
      vertex 1.330950 0.432452 -0.129787
      vertex 1.246913 0.635334 -0.129787
      vertex 1.260622 0.642319 -0.065702
    endloop
  endfacet
  facet normal 0.898503 0.372172 -0.232765
    outer loop
      vertex 1.330950 0.432452 -0.129787
      vertex 1.260622 0.642319 -0.065702
      vertex 1.345582 0.437206 -0.065702
    endloop
  endfacet
  facet normal 0.921049 0.381511 -0.078219
    outer loop
      vertex 1.345582 0.437206 -0.065702
      vertex 1.260622 0.642319 -0.065702
      vertex 1.265229 0.644667 -0.000000
    endloop
  endfacet
  facet normal 0.921049 0.381511 -0.078219
    outer loop
      vertex 1.345582 0.437206 -0.065702
      vertex 1.265229 0.644667 -0.000000
      vertex 1.350500 0.438804 -0.000000
    endloop
  endfacet
  facet normal 0.850028 0.520898 0.078219
    outer loop
      vertex 1.265229 0.644667 0.000000
      vertex 1.148804 0.834655 0.000000
      vertex 1.144621 0.831616 0.065702
    endloop
  endfacet
  facet normal 0.850028 0.520898 0.078219
    outer loop
      vertex 1.265229 0.644667 0.000000
      vertex 1.144621 0.831616 0.065702
      vertex 1.260622 0.642319 0.065702
    endloop
  endfacet
  facet normal 0.829221 0.508147 0.232765
    outer loop
      vertex 1.260622 0.642319 0.065702
      vertex 1.144621 0.831616 0.065702
      vertex 1.132174 0.822572 0.129787
    endloop
  endfacet
  facet normal 0.829221 0.508147 0.232765
    outer loop
      vertex 1.260622 0.642319 0.065702
      vertex 1.132174 0.822572 0.129787
      vertex 1.246913 0.635334 0.129787
    endloop
  endfacet
  facet normal 0.788092 0.482943 0.381676
    outer loop
      vertex 1.246913 0.635334 0.129787
      vertex 1.132174 0.822572 0.129787
      vertex 1.111770 0.807748 0.190676
    endloop
  endfacet
  facet normal 0.788092 0.482943 0.381676
    outer loop
      vertex 1.246913 0.635334 0.129787
      vertex 1.111770 0.807748 0.190676
      vertex 1.224441 0.623884 0.190676
    endloop
  endfacet
  facet normal 0.727607 0.445878 0.521326
    outer loop
      vertex 1.224441 0.623884 0.190676
      vertex 1.111770 0.807748 0.190676
      vertex 1.083911 0.787507 0.246870
    endloop
  endfacet
  facet normal 0.727607 0.445878 0.521326
    outer loop
      vertex 1.224441 0.623884 0.190676
      vertex 1.083911 0.787507 0.246870
      vertex 1.193759 0.608251 0.246870
    endloop
  endfacet
  facet normal 0.649196 0.397828 0.648288
    outer loop
      vertex 1.193759 0.608251 0.246870
      vertex 1.083911 0.787507 0.246870
      vertex 1.049283 0.762349 0.296985
    endloop
  endfacet
  facet normal 0.649196 0.397828 0.648288
    outer loop
      vertex 1.193759 0.608251 0.246870
      vertex 1.049283 0.762349 0.296985
      vertex 1.155622 0.588819 0.296985
    endloop
  endfacet
  facet normal 0.554734 0.339941 0.759415
    outer loop
      vertex 1.155622 0.588819 0.296985
      vertex 1.049283 0.762349 0.296985
      vertex 1.008739 0.732892 0.339787
    endloop
  endfacet
  facet normal 0.554734 0.339941 0.759415
    outer loop
      vertex 1.155622 0.588819 0.296985
      vertex 1.008739 0.732892 0.339787
      vertex 1.110969 0.566067 0.339787
    endloop
  endfacet
  facet normal 0.446503 0.273618 0.851920
    outer loop
      vertex 1.110969 0.566067 0.339787
      vertex 1.008739 0.732892 0.339787
      vertex 0.963277 0.699862 0.374223
    endloop
  endfacet
  facet normal 0.446503 0.273618 0.851920
    outer loop
      vertex 1.110969 0.566067 0.339787
      vertex 0.963277 0.699862 0.374223
      vertex 1.060900 0.540556 0.374223
    endloop
  endfacet
  facet normal 0.327152 0.200479 0.923461
    outer loop
      vertex 1.060900 0.540556 0.374223
      vertex 0.963277 0.699862 0.374223
      vertex 0.914017 0.664072 0.399444
    endloop
  endfacet
  facet normal 0.327152 0.200479 0.923461
    outer loop
      vertex 1.060900 0.540556 0.374223
      vertex 0.914017 0.664072 0.399444
      vertex 1.006648 0.512913 0.399444
    endloop
  endfacet
  facet normal 0.199627 0.122331 0.972206
    outer loop
      vertex 1.006648 0.512913 0.399444
      vertex 0.914017 0.664072 0.399444
      vertex 0.862171 0.626404 0.414829
    endloop
  endfacet
  facet normal 0.199627 0.122331 0.972206
    outer loop
      vertex 1.006648 0.512913 0.399444
      vertex 0.862171 0.626404 0.414829
      vertex 0.949548 0.483819 0.414829
    endloop
  endfacet
  facet normal 0.067103 0.041121 0.996898
    outer loop
      vertex 0.949548 0.483819 0.414829
      vertex 0.862171 0.626404 0.414829
      vertex 0.809017 0.587785 0.420000
    endloop
  endfacet
  facet normal 0.067103 0.041121 0.996898
    outer loop
      vertex 0.949548 0.483819 0.414829
      vertex 0.809017 0.587785 0.420000
      vertex 0.891007 0.453990 0.420000
    endloop
  endfacet
  facet normal -0.067103 -0.041121 0.996898
    outer loop
      vertex 0.891007 0.453990 0.420000
      vertex 0.809017 0.587785 0.420000
      vertex 0.755863 0.549166 0.414829
    endloop
  endfacet
  facet normal -0.067103 -0.041121 0.996898
    outer loop
      vertex 0.891007 0.453990 0.420000
      vertex 0.755863 0.549166 0.414829
      vertex 0.832465 0.424162 0.414829
    endloop
  endfacet
  facet normal -0.199627 -0.122331 0.972206
    outer loop
      vertex 0.832465 0.424162 0.414829
      vertex 0.755863 0.549166 0.414829
      vertex 0.704017 0.511498 0.399444
    endloop
  endfacet
  facet normal -0.199627 -0.122331 0.972206
    outer loop
      vertex 0.832465 0.424162 0.414829
      vertex 0.704017 0.511498 0.399444
      vertex 0.775365 0.395068 0.399444
    endloop
  endfacet
  facet normal -0.327152 -0.200479 0.923461
    outer loop
      vertex 0.775365 0.395068 0.399444
      vertex 0.704017 0.511498 0.399444
      vertex 0.654757 0.475709 0.374223
    endloop
  endfacet
  facet normal -0.327152 -0.200479 0.923461
    outer loop
      vertex 0.775365 0.395068 0.399444
      vertex 0.654757 0.475709 0.374223
      vertex 0.721113 0.367425 0.374223
    endloop
  endfacet
  facet normal -0.446503 -0.273618 0.851920
    outer loop
      vertex 0.721113 0.367425 0.374223
      vertex 0.654757 0.475709 0.374223
      vertex 0.609295 0.442679 0.339787
    endloop
  endfacet
  facet normal -0.446503 -0.273618 0.851920
    outer loop
      vertex 0.721113 0.367425 0.374223
      vertex 0.609295 0.442679 0.339787
      vertex 0.671044 0.341914 0.339787
    endloop
  endfacet
  facet normal -0.554734 -0.339941 0.759415
    outer loop
      vertex 0.671044 0.341914 0.339787
      vertex 0.609295 0.442679 0.339787
      vertex 0.568751 0.413222 0.296985
    endloop
  endfacet
  facet normal -0.554734 -0.339941 0.759415
    outer loop
      vertex 0.671044 0.341914 0.339787
      vertex 0.568751 0.413222 0.296985
      vertex 0.626391 0.319162 0.296985
    endloop
  endfacet
  facet normal -0.649196 -0.397828 0.648288
    outer loop
      vertex 0.626391 0.319162 0.296985
      vertex 0.568751 0.413222 0.296985
      vertex 0.534123 0.388063 0.246870
    endloop
  endfacet
  facet normal -0.649196 -0.397828 0.648288
    outer loop
      vertex 0.626391 0.319162 0.296985
      vertex 0.534123 0.388063 0.246870
      vertex 0.588254 0.299730 0.246870
    endloop
  endfacet
  facet normal -0.727607 -0.445878 0.521326
    outer loop
      vertex 0.588254 0.299730 0.246870
      vertex 0.534123 0.388063 0.246870
      vertex 0.506264 0.367823 0.190676
    endloop
  endfacet
  facet normal -0.727607 -0.445878 0.521326
    outer loop
      vertex 0.588254 0.299730 0.246870
      vertex 0.506264 0.367823 0.190676
      vertex 0.557572 0.284097 0.190676
    endloop
  endfacet
  facet normal -0.788092 -0.482943 0.381676
    outer loop
      vertex 0.557572 0.284097 0.190676
      vertex 0.506264 0.367823 0.190676
      vertex 0.485860 0.352998 0.129787
    endloop
  endfacet
  facet normal -0.788092 -0.482943 0.381676
    outer loop
      vertex 0.557572 0.284097 0.190676
      vertex 0.485860 0.352998 0.129787
      vertex 0.535100 0.272647 0.129787
    endloop
  endfacet
  facet normal -0.829221 -0.508147 0.232765
    outer loop
      vertex 0.535100 0.272647 0.129787
      vertex 0.485860 0.352998 0.129787
      vertex 0.473413 0.343955 0.065702
    endloop
  endfacet
  facet normal -0.829221 -0.508147 0.232765
    outer loop
      vertex 0.535100 0.272647 0.129787
      vertex 0.473413 0.343955 0.065702
      vertex 0.521391 0.265662 0.065702
    endloop
  endfacet
  facet normal -0.850028 -0.520898 0.078219
    outer loop
      vertex 0.521391 0.265662 0.065702
      vertex 0.473413 0.343955 0.065702
      vertex 0.469230 0.340915 0.000000
    endloop
  endfacet
  facet normal -0.850028 -0.520898 0.078219
    outer loop
      vertex 0.521391 0.265662 0.065702
      vertex 0.469230 0.340915 0.000000
      vertex 0.516784 0.263314 0.000000
    endloop
  endfacet
  facet normal -0.850028 -0.520898 -0.078219
    outer loop
      vertex 0.516784 0.263314 0.000000
      vertex 0.469230 0.340915 0.000000
      vertex 0.473413 0.343955 -0.065702
    endloop
  endfacet
  facet normal -0.850028 -0.520898 -0.078219
    outer loop
      vertex 0.516784 0.263314 0.000000
      vertex 0.473413 0.343955 -0.065702
      vertex 0.521391 0.265662 -0.065702
    endloop
  endfacet
  facet normal -0.829221 -0.508147 -0.232765
    outer loop
      vertex 0.521391 0.265662 -0.065702
      vertex 0.473413 0.343955 -0.065702
      vertex 0.485860 0.352998 -0.129787
    endloop
  endfacet
  facet normal -0.829221 -0.508147 -0.232765
    outer loop
      vertex 0.521391 0.265662 -0.065702
      vertex 0.485860 0.352998 -0.129787
      vertex 0.535100 0.272647 -0.129787
    endloop
  endfacet
  facet normal -0.788092 -0.482943 -0.381676
    outer loop
      vertex 0.535100 0.272647 -0.129787
      vertex 0.485860 0.352998 -0.129787
      vertex 0.506264 0.367823 -0.190676
    endloop
  endfacet
  facet normal -0.788092 -0.482943 -0.381676
    outer loop
      vertex 0.535100 0.272647 -0.129787
      vertex 0.506264 0.367823 -0.190676
      vertex 0.557572 0.284097 -0.190676
    endloop
  endfacet
  facet normal -0.727607 -0.445878 -0.521326
    outer loop
      vertex 0.557572 0.284097 -0.190676
      vertex 0.506264 0.367823 -0.190676
      vertex 0.534123 0.388063 -0.246870
    endloop
  endfacet
  facet normal -0.727607 -0.445878 -0.521326
    outer loop
      vertex 0.557572 0.284097 -0.190676
      vertex 0.534123 0.388063 -0.246870
      vertex 0.588254 0.299730 -0.246870
    endloop
  endfacet
  facet normal -0.649196 -0.397828 -0.648288
    outer loop
      vertex 0.588254 0.299730 -0.246870
      vertex 0.534123 0.388063 -0.246870
      vertex 0.568751 0.413222 -0.296985
    endloop
  endfacet
  facet normal -0.649196 -0.397828 -0.648288
    outer loop
      vertex 0.588254 0.299730 -0.246870
      vertex 0.568751 0.413222 -0.296985
      vertex 0.626391 0.319162 -0.296985
    endloop
  endfacet
  facet normal -0.554734 -0.339941 -0.759415
    outer loop
      vertex 0.626391 0.319162 -0.296985
      vertex 0.568751 0.413222 -0.296985
      vertex 0.609295 0.442679 -0.339787
    endloop
  endfacet
  facet normal -0.554734 -0.339941 -0.759415
    outer loop
      vertex 0.626391 0.319162 -0.296985
      vertex 0.609295 0.442679 -0.339787
      vertex 0.671044 0.341914 -0.339787
    endloop
  endfacet
  facet normal -0.446503 -0.273618 -0.851920
    outer loop
      vertex 0.671044 0.341914 -0.339787
      vertex 0.609295 0.442679 -0.339787
      vertex 0.654757 0.475709 -0.374223
    endloop
  endfacet
  facet normal -0.446503 -0.273618 -0.851920
    outer loop
      vertex 0.671044 0.341914 -0.339787
      vertex 0.654757 0.475709 -0.374223
      vertex 0.721113 0.367425 -0.374223
    endloop
  endfacet
  facet normal -0.327152 -0.200479 -0.923461
    outer loop
      vertex 0.721113 0.367425 -0.374223
      vertex 0.654757 0.475709 -0.374223
      vertex 0.704017 0.511498 -0.399444
    endloop
  endfacet
  facet normal -0.327152 -0.200479 -0.923461
    outer loop
      vertex 0.721113 0.367425 -0.374223
      vertex 0.704017 0.511498 -0.399444
      vertex 0.775365 0.395068 -0.399444
    endloop
  endfacet
  facet normal -0.199627 -0.122331 -0.972206
    outer loop
      vertex 0.775365 0.395068 -0.399444
      vertex 0.704017 0.511498 -0.399444
      vertex 0.755863 0.549166 -0.414829
    endloop
  endfacet
  facet normal -0.199627 -0.122331 -0.972206
    outer loop
      vertex 0.775365 0.395068 -0.399444
      vertex 0.755863 0.549166 -0.414829
      vertex 0.832465 0.424162 -0.414829
    endloop
  endfacet
  facet normal -0.067103 -0.041121 -0.996898
    outer loop
      vertex 0.832465 0.424162 -0.414829
      vertex 0.755863 0.549166 -0.414829
      vertex 0.809017 0.587785 -0.420000
    endloop
  endfacet
  facet normal -0.067103 -0.041121 -0.996898
    outer loop
      vertex 0.832465 0.424162 -0.414829
      vertex 0.809017 0.587785 -0.420000
      vertex 0.891007 0.453990 -0.420000
    endloop
  endfacet
  facet normal 0.067103 0.041121 -0.996898
    outer loop
      vertex 0.891007 0.453990 -0.420000
      vertex 0.809017 0.587785 -0.420000
      vertex 0.862171 0.626404 -0.414829
    endloop
  endfacet
  facet normal 0.067103 0.041121 -0.996898
    outer loop
      vertex 0.891007 0.453990 -0.420000
      vertex 0.862171 0.626404 -0.414829
      vertex 0.949548 0.483819 -0.414829
    endloop
  endfacet
  facet normal 0.199627 0.122331 -0.972206
    outer loop
      vertex 0.949548 0.483819 -0.414829
      vertex 0.862171 0.626404 -0.414829
      vertex 0.914017 0.664072 -0.399444
    endloop
  endfacet
  facet normal 0.199627 0.122331 -0.972206
    outer loop
      vertex 0.949548 0.483819 -0.414829
      vertex 0.914017 0.664072 -0.399444
      vertex 1.006648 0.512913 -0.399444
    endloop
  endfacet
  facet normal 0.327152 0.200479 -0.923461
    outer loop
      vertex 1.006648 0.512913 -0.399444
      vertex 0.914017 0.664072 -0.399444
      vertex 0.963277 0.699862 -0.374223
    endloop
  endfacet
  facet normal 0.327152 0.200479 -0.923461
    outer loop
      vertex 1.006648 0.512913 -0.399444
      vertex 0.963277 0.699862 -0.374223
      vertex 1.060900 0.540556 -0.374223
    endloop
  endfacet
  facet normal 0.446503 0.273618 -0.851920
    outer loop
      vertex 1.060900 0.540556 -0.374223
      vertex 0.963277 0.699862 -0.374223
      vertex 1.008739 0.732892 -0.339787
    endloop
  endfacet
  facet normal 0.446503 0.273618 -0.851920
    outer loop
      vertex 1.060900 0.540556 -0.374223
      vertex 1.008739 0.732892 -0.339787
      vertex 1.110969 0.566067 -0.339787
    endloop
  endfacet
  facet normal 0.554734 0.339941 -0.759415
    outer loop
      vertex 1.110969 0.566067 -0.339787
      vertex 1.008739 0.732892 -0.339787
      vertex 1.049283 0.762349 -0.296985
    endloop
  endfacet
  facet normal 0.554734 0.339941 -0.759415
    outer loop
      vertex 1.110969 0.566067 -0.339787
      vertex 1.049283 0.762349 -0.296985
      vertex 1.155622 0.588819 -0.296985
    endloop
  endfacet
  facet normal 0.649196 0.397828 -0.648288
    outer loop
      vertex 1.155622 0.588819 -0.296985
      vertex 1.049283 0.762349 -0.296985
      vertex 1.083911 0.787507 -0.246870
    endloop
  endfacet
  facet normal 0.649196 0.397828 -0.648288
    outer loop
      vertex 1.155622 0.588819 -0.296985
      vertex 1.083911 0.787507 -0.246870
      vertex 1.193759 0.608251 -0.246870
    endloop
  endfacet
  facet normal 0.727607 0.445878 -0.521326
    outer loop
      vertex 1.193759 0.608251 -0.246870
      vertex 1.083911 0.787507 -0.246870
      vertex 1.111770 0.807748 -0.190676
    endloop
  endfacet
  facet normal 0.727607 0.445878 -0.521326
    outer loop
      vertex 1.193759 0.608251 -0.246870
      vertex 1.111770 0.807748 -0.190676
      vertex 1.224441 0.623884 -0.190676
    endloop
  endfacet
  facet normal 0.788092 0.482943 -0.381676
    outer loop
      vertex 1.224441 0.623884 -0.190676
      vertex 1.111770 0.807748 -0.190676
      vertex 1.132174 0.822572 -0.129787
    endloop
  endfacet
  facet normal 0.788092 0.482943 -0.381676
    outer loop
      vertex 1.224441 0.623884 -0.190676
      vertex 1.132174 0.822572 -0.129787
      vertex 1.246913 0.635334 -0.129787
    endloop
  endfacet
  facet normal 0.829221 0.508147 -0.232765
    outer loop
      vertex 1.246913 0.635334 -0.129787
      vertex 1.132174 0.822572 -0.129787
      vertex 1.144621 0.831616 -0.065702
    endloop
  endfacet
  facet normal 0.829221 0.508147 -0.232765
    outer loop
      vertex 1.246913 0.635334 -0.129787
      vertex 1.144621 0.831616 -0.065702
      vertex 1.260622 0.642319 -0.065702
    endloop
  endfacet
  facet normal 0.850028 0.520898 -0.078219
    outer loop
      vertex 1.260622 0.642319 -0.065702
      vertex 1.144621 0.831616 -0.065702
      vertex 1.148804 0.834655 -0.000000
    endloop
  endfacet
  facet normal 0.850028 0.520898 -0.078219
    outer loop
      vertex 1.260622 0.642319 -0.065702
      vertex 1.148804 0.834655 -0.000000
      vertex 1.265229 0.644667 -0.000000
    endloop
  endfacet
  facet normal 0.758076 0.647458 0.078219
    outer loop
      vertex 1.148804 0.834655 0.000000
      vertex 1.004092 1.004092 0.000000
      vertex 1.000435 1.000435 0.065702
    endloop
  endfacet
  facet normal 0.758076 0.647458 0.078219
    outer loop
      vertex 1.148804 0.834655 0.000000
      vertex 1.000435 1.000435 0.065702
      vertex 1.144621 0.831616 0.065702
    endloop
  endfacet
  facet normal 0.739520 0.631610 0.232765
    outer loop
      vertex 1.144621 0.831616 0.065702
      vertex 1.000435 1.000435 0.065702
      vertex 0.989556 0.989556 0.129787
    endloop
  endfacet
  facet normal 0.739520 0.631610 0.232765
    outer loop
      vertex 1.144621 0.831616 0.065702
      vertex 0.989556 0.989556 0.129787
      vertex 1.132174 0.822572 0.129787
    endloop
  endfacet
  facet normal 0.702840 0.600282 0.381676
    outer loop
      vertex 1.132174 0.822572 0.129787
      vertex 0.989556 0.989556 0.129787
      vertex 0.971722 0.971722 0.190676
    endloop
  endfacet
  facet normal 0.702840 0.600282 0.381676
    outer loop
      vertex 1.132174 0.822572 0.129787
      vertex 0.971722 0.971722 0.190676
      vertex 1.111770 0.807748 0.190676
    endloop
  endfacet
  facet normal 0.648898 0.554211 0.521326
    outer loop
      vertex 1.111770 0.807748 0.190676
      vertex 0.971722 0.971722 0.190676
      vertex 0.947373 0.947373 0.246870
    endloop
  endfacet
  facet normal 0.648898 0.554211 0.521326
    outer loop
      vertex 1.111770 0.807748 0.190676
      vertex 0.947373 0.947373 0.246870
      vertex 1.083911 0.787507 0.246870
    endloop
  endfacet
  facet normal 0.578969 0.494487 0.648288
    outer loop
      vertex 1.083911 0.787507 0.246870
      vertex 0.947373 0.947373 0.246870
      vertex 0.917107 0.917107 0.296985
    endloop
  endfacet
  facet normal 0.578969 0.494487 0.648288
    outer loop
      vertex 1.083911 0.787507 0.246870
      vertex 0.917107 0.917107 0.296985
      vertex 1.049283 0.762349 0.296985
    endloop
  endfacet
  facet normal 0.494725 0.422535 0.759415
    outer loop
      vertex 1.049283 0.762349 0.296985
      vertex 0.917107 0.917107 0.296985
      vertex 0.881670 0.881670 0.339787
    endloop
  endfacet
  facet normal 0.494725 0.422535 0.759415
    outer loop
      vertex 1.049283 0.762349 0.296985
      vertex 0.881670 0.881670 0.339787
      vertex 1.008739 0.732892 0.339787
    endloop
  endfacet
  facet normal 0.398203 0.340098 0.851920
    outer loop
      vertex 1.008739 0.732892 0.339787
      vertex 0.881670 0.881670 0.339787
      vertex 0.841935 0.841935 0.374223
    endloop
  endfacet
  facet normal 0.398203 0.340098 0.851920
    outer loop
      vertex 1.008739 0.732892 0.339787
      vertex 0.841935 0.841935 0.374223
      vertex 0.963277 0.699862 0.374223
    endloop
  endfacet
  facet normal 0.291762 0.249189 0.923461
    outer loop
      vertex 0.963277 0.699862 0.374223
      vertex 0.841935 0.841935 0.374223
      vertex 0.798880 0.798880 0.399444
    endloop
  endfacet
  facet normal 0.291762 0.249189 0.923461
    outer loop
      vertex 0.963277 0.699862 0.374223
      vertex 0.798880 0.798880 0.399444
      vertex 0.914017 0.664072 0.399444
    endloop
  endfacet
  facet normal 0.178032 0.152054 0.972206
    outer loop
      vertex 0.914017 0.664072 0.399444
      vertex 0.798880 0.798880 0.399444
      vertex 0.753565 0.753565 0.414829
    endloop
  endfacet
  facet normal 0.178032 0.152054 0.972206
    outer loop
      vertex 0.914017 0.664072 0.399444
      vertex 0.753565 0.753565 0.414829
      vertex 0.862171 0.626404 0.414829
    endloop
  endfacet
  facet normal 0.059844 0.051112 0.996898
    outer loop
      vertex 0.862171 0.626404 0.414829
      vertex 0.753565 0.753565 0.414829
      vertex 0.707107 0.707107 0.420000
    endloop
  endfacet
  facet normal 0.059844 0.051112 0.996898
    outer loop
      vertex 0.862171 0.626404 0.414829
      vertex 0.707107 0.707107 0.420000
      vertex 0.809017 0.587785 0.420000
    endloop
  endfacet
  facet normal -0.059844 -0.051112 0.996898
    outer loop
      vertex 0.809017 0.587785 0.420000
      vertex 0.707107 0.707107 0.420000
      vertex 0.660648 0.660648 0.414829
    endloop
  endfacet
  facet normal -0.059844 -0.051112 0.996898
    outer loop
      vertex 0.809017 0.587785 0.420000
      vertex 0.660648 0.660648 0.414829
      vertex 0.755863 0.549166 0.414829
    endloop
  endfacet
  facet normal -0.178032 -0.152054 0.972206
    outer loop
      vertex 0.755863 0.549166 0.414829
      vertex 0.660648 0.660648 0.414829
      vertex 0.615333 0.615333 0.399444
    endloop
  endfacet
  facet normal -0.178032 -0.152054 0.972206
    outer loop
      vertex 0.755863 0.549166 0.414829
      vertex 0.615333 0.615333 0.399444
      vertex 0.704017 0.511498 0.399444
    endloop
  endfacet
  facet normal -0.291762 -0.249189 0.923461
    outer loop
      vertex 0.704017 0.511498 0.399444
      vertex 0.615333 0.615333 0.399444
      vertex 0.572278 0.572278 0.374223
    endloop
  endfacet
  facet normal -0.291762 -0.249189 0.923461
    outer loop
      vertex 0.704017 0.511498 0.399444
      vertex 0.572278 0.572278 0.374223
      vertex 0.654757 0.475709 0.374223
    endloop
  endfacet
  facet normal -0.398203 -0.340098 0.851920
    outer loop
      vertex 0.654757 0.475709 0.374223
      vertex 0.572278 0.572278 0.374223
      vertex 0.532543 0.532543 0.339787
    endloop
  endfacet
  facet normal -0.398203 -0.340098 0.851920
    outer loop
      vertex 0.654757 0.475709 0.374223
      vertex 0.532543 0.532543 0.339787
      vertex 0.609295 0.442679 0.339787
    endloop
  endfacet
  facet normal -0.494725 -0.422535 0.759415
    outer loop
      vertex 0.609295 0.442679 0.339787
      vertex 0.532543 0.532543 0.339787
      vertex 0.497107 0.497107 0.296985
    endloop
  endfacet
  facet normal -0.494725 -0.422535 0.759415
    outer loop
      vertex 0.609295 0.442679 0.339787
      vertex 0.497107 0.497107 0.296985
      vertex 0.568751 0.413222 0.296985
    endloop
  endfacet
  facet normal -0.578969 -0.494487 0.648288
    outer loop
      vertex 0.568751 0.413222 0.296985
      vertex 0.497107 0.497107 0.296985
      vertex 0.466841 0.466841 0.246870
    endloop
  endfacet
  facet normal -0.578969 -0.494487 0.648288
    outer loop
      vertex 0.568751 0.413222 0.296985
      vertex 0.466841 0.466841 0.246870
      vertex 0.534123 0.388063 0.246870
    endloop
  endfacet
  facet normal -0.648898 -0.554211 0.521326
    outer loop
      vertex 0.534123 0.388063 0.246870
      vertex 0.466841 0.466841 0.246870
      vertex 0.442491 0.442491 0.190676
    endloop
  endfacet
  facet normal -0.648898 -0.554211 0.521326
    outer loop
      vertex 0.534123 0.388063 0.246870
      vertex 0.442491 0.442491 0.190676
      vertex 0.506264 0.367823 0.190676
    endloop
  endfacet
  facet normal -0.702840 -0.600282 0.381676
    outer loop
      vertex 0.506264 0.367823 0.190676
      vertex 0.442491 0.442491 0.190676
      vertex 0.424657 0.424657 0.129787
    endloop
  endfacet
  facet normal -0.702840 -0.600282 0.381676
    outer loop
      vertex 0.506264 0.367823 0.190676
      vertex 0.424657 0.424657 0.129787
      vertex 0.485860 0.352998 0.129787
    endloop
  endfacet
  facet normal -0.739520 -0.631610 0.232765
    outer loop
      vertex 0.485860 0.352998 0.129787
      vertex 0.424657 0.424657 0.129787
      vertex 0.413778 0.413778 0.065702
    endloop
  endfacet
  facet normal -0.739520 -0.631610 0.232765
    outer loop
      vertex 0.485860 0.352998 0.129787
      vertex 0.413778 0.413778 0.065702
      vertex 0.473413 0.343955 0.065702
    endloop
  endfacet
  facet normal -0.758076 -0.647458 0.078219
    outer loop
      vertex 0.473413 0.343955 0.065702
      vertex 0.413778 0.413778 0.065702
      vertex 0.410122 0.410122 0.000000
    endloop
  endfacet
  facet normal -0.758076 -0.647458 0.078219
    outer loop
      vertex 0.473413 0.343955 0.065702
      vertex 0.410122 0.410122 0.000000
      vertex 0.469230 0.340915 0.000000
    endloop
  endfacet
  facet normal -0.758076 -0.647458 -0.078219
    outer loop
      vertex 0.469230 0.340915 0.000000
      vertex 0.410122 0.410122 0.000000
      vertex 0.413778 0.413778 -0.065702
    endloop
  endfacet
  facet normal -0.758076 -0.647458 -0.078219
    outer loop
      vertex 0.469230 0.340915 0.000000
      vertex 0.413778 0.413778 -0.065702
      vertex 0.473413 0.343955 -0.065702
    endloop
  endfacet
  facet normal -0.739520 -0.631610 -0.232765
    outer loop
      vertex 0.473413 0.343955 -0.065702
      vertex 0.413778 0.413778 -0.065702
      vertex 0.424657 0.424657 -0.129787
    endloop
  endfacet
  facet normal -0.739520 -0.631610 -0.232765
    outer loop
      vertex 0.473413 0.343955 -0.065702
      vertex 0.424657 0.424657 -0.129787
      vertex 0.485860 0.352998 -0.129787
    endloop
  endfacet
  facet normal -0.702840 -0.600282 -0.381676
    outer loop
      vertex 0.485860 0.352998 -0.129787
      vertex 0.424657 0.424657 -0.129787
      vertex 0.442491 0.442491 -0.190676
    endloop
  endfacet
  facet normal -0.702840 -0.600282 -0.381676
    outer loop
      vertex 0.485860 0.352998 -0.129787
      vertex 0.442491 0.442491 -0.190676
      vertex 0.506264 0.367823 -0.190676
    endloop
  endfacet
  facet normal -0.648898 -0.554211 -0.521326
    outer loop
      vertex 0.506264 0.367823 -0.190676
      vertex 0.442491 0.442491 -0.190676
      vertex 0.466841 0.466841 -0.246870
    endloop
  endfacet
  facet normal -0.648898 -0.554211 -0.521326
    outer loop
      vertex 0.506264 0.367823 -0.190676
      vertex 0.466841 0.466841 -0.246870
      vertex 0.534123 0.388063 -0.246870
    endloop
  endfacet
  facet normal -0.578969 -0.494487 -0.648288
    outer loop
      vertex 0.534123 0.388063 -0.246870
      vertex 0.466841 0.466841 -0.246870
      vertex 0.497107 0.497107 -0.296985
    endloop
  endfacet
  facet normal -0.578969 -0.494487 -0.648288
    outer loop
      vertex 0.534123 0.388063 -0.246870
      vertex 0.497107 0.497107 -0.296985
      vertex 0.568751 0.413222 -0.296985
    endloop
  endfacet
  facet normal -0.494725 -0.422535 -0.759415
    outer loop
      vertex 0.568751 0.413222 -0.296985
      vertex 0.497107 0.497107 -0.296985
      vertex 0.532543 0.532543 -0.339787
    endloop
  endfacet
  facet normal -0.494725 -0.422535 -0.759415
    outer loop
      vertex 0.568751 0.413222 -0.296985
      vertex 0.532543 0.532543 -0.339787
      vertex 0.609295 0.442679 -0.339787
    endloop
  endfacet
  facet normal -0.398203 -0.340098 -0.851920
    outer loop
      vertex 0.609295 0.442679 -0.339787
      vertex 0.532543 0.532543 -0.339787
      vertex 0.572278 0.572278 -0.374223
    endloop
  endfacet
  facet normal -0.398203 -0.340098 -0.851920
    outer loop
      vertex 0.609295 0.442679 -0.339787
      vertex 0.572278 0.572278 -0.374223
      vertex 0.654757 0.475709 -0.374223
    endloop
  endfacet
  facet normal -0.291762 -0.249189 -0.923461
    outer loop
      vertex 0.654757 0.475709 -0.374223
      vertex 0.572278 0.572278 -0.374223
      vertex 0.615333 0.615333 -0.399444
    endloop
  endfacet
  facet normal -0.291762 -0.249189 -0.923461
    outer loop
      vertex 0.654757 0.475709 -0.374223
      vertex 0.615333 0.615333 -0.399444
      vertex 0.704017 0.511498 -0.399444
    endloop
  endfacet
  facet normal -0.178032 -0.152054 -0.972206
    outer loop
      vertex 0.704017 0.511498 -0.399444
      vertex 0.615333 0.615333 -0.399444
      vertex 0.660648 0.660648 -0.414829
    endloop
  endfacet
  facet normal -0.178032 -0.152054 -0.972206
    outer loop
      vertex 0.704017 0.511498 -0.399444
      vertex 0.660648 0.660648 -0.414829
      vertex 0.755863 0.549166 -0.414829
    endloop
  endfacet
  facet normal -0.059844 -0.051112 -0.996898
    outer loop
      vertex 0.755863 0.549166 -0.414829
      vertex 0.660648 0.660648 -0.414829
      vertex 0.707107 0.707107 -0.420000
    endloop
  endfacet
  facet normal -0.059844 -0.051112 -0.996898
    outer loop
      vertex 0.755863 0.549166 -0.414829
      vertex 0.707107 0.707107 -0.420000
      vertex 0.809017 0.587785 -0.420000
    endloop
  endfacet
  facet normal 0.059844 0.051112 -0.996898
    outer loop
      vertex 0.809017 0.587785 -0.420000
      vertex 0.707107 0.707107 -0.420000
      vertex 0.753565 0.753565 -0.414829
    endloop
  endfacet
  facet normal 0.059844 0.051112 -0.996898
    outer loop
      vertex 0.809017 0.587785 -0.420000
      vertex 0.753565 0.753565 -0.414829
      vertex 0.862171 0.626404 -0.414829
    endloop
  endfacet
  facet normal 0.178032 0.152054 -0.972206
    outer loop
      vertex 0.862171 0.626404 -0.414829
      vertex 0.753565 0.753565 -0.414829
      vertex 0.798880 0.798880 -0.399444
    endloop
  endfacet
  facet normal 0.178032 0.152054 -0.972206
    outer loop
      vertex 0.862171 0.626404 -0.414829
      vertex 0.798880 0.798880 -0.399444
      vertex 0.914017 0.664072 -0.399444
    endloop
  endfacet
  facet normal 0.291762 0.249189 -0.923461
    outer loop
      vertex 0.914017 0.664072 -0.399444
      vertex 0.798880 0.798880 -0.399444
      vertex 0.841935 0.841935 -0.374223
    endloop
  endfacet
  facet normal 0.291762 0.249189 -0.923461
    outer loop
      vertex 0.914017 0.664072 -0.399444
      vertex 0.841935 0.841935 -0.374223
      vertex 0.963277 0.699862 -0.374223
    endloop
  endfacet
  facet normal 0.398203 0.340098 -0.851920
    outer loop
      vertex 0.963277 0.699862 -0.374223
      vertex 0.841935 0.841935 -0.374223
      vertex 0.881670 0.881670 -0.339787
    endloop
  endfacet
  facet normal 0.398203 0.340098 -0.851920
    outer loop
      vertex 0.963277 0.699862 -0.374223
      vertex 0.881670 0.881670 -0.339787
      vertex 1.008739 0.732892 -0.339787
    endloop
  endfacet
  facet normal 0.494725 0.422535 -0.759415
    outer loop
      vertex 1.008739 0.732892 -0.339787
      vertex 0.881670 0.881670 -0.339787
      vertex 0.917107 0.917107 -0.296985
    endloop
  endfacet
  facet normal 0.494725 0.422535 -0.759415
    outer loop
      vertex 1.008739 0.732892 -0.339787
      vertex 0.917107 0.917107 -0.296985
      vertex 1.049283 0.762349 -0.296985
    endloop
  endfacet
  facet normal 0.578969 0.494487 -0.648288
    outer loop
      vertex 1.049283 0.762349 -0.296985
      vertex 0.917107 0.917107 -0.296985
      vertex 0.947373 0.947373 -0.246870
    endloop
  endfacet
  facet normal 0.578969 0.494487 -0.648288
    outer loop
      vertex 1.049283 0.762349 -0.296985
      vertex 0.947373 0.947373 -0.246870
      vertex 1.083911 0.787507 -0.246870
    endloop
  endfacet
  facet normal 0.648898 0.554211 -0.521326
    outer loop
      vertex 1.083911 0.787507 -0.246870
      vertex 0.947373 0.947373 -0.246870
      vertex 0.971722 0.971722 -0.190676
    endloop
  endfacet
  facet normal 0.648898 0.554211 -0.521326
    outer loop
      vertex 1.083911 0.787507 -0.246870
      vertex 0.971722 0.971722 -0.190676
      vertex 1.111770 0.807748 -0.190676
    endloop
  endfacet
  facet normal 0.702840 0.600282 -0.381676
    outer loop
      vertex 1.111770 0.807748 -0.190676
      vertex 0.971722 0.971722 -0.190676
      vertex 0.989556 0.989556 -0.129787
    endloop
  endfacet
  facet normal 0.702840 0.600282 -0.381676
    outer loop
      vertex 1.111770 0.807748 -0.190676
      vertex 0.989556 0.989556 -0.129787
      vertex 1.132174 0.822572 -0.129787
    endloop
  endfacet
  facet normal 0.739520 0.631610 -0.232765
    outer loop
      vertex 1.132174 0.822572 -0.129787
      vertex 0.989556 0.989556 -0.129787
      vertex 1.000435 1.000435 -0.065702
    endloop
  endfacet
  facet normal 0.739520 0.631610 -0.232765
    outer loop
      vertex 1.132174 0.822572 -0.129787
      vertex 1.000435 1.000435 -0.065702
      vertex 1.144621 0.831616 -0.065702
    endloop
  endfacet
  facet normal 0.758076 0.647458 -0.078219
    outer loop
      vertex 1.144621 0.831616 -0.065702
      vertex 1.000435 1.000435 -0.065702
      vertex 1.004092 1.004092 -0.000000
    endloop
  endfacet
  facet normal 0.758076 0.647458 -0.078219
    outer loop
      vertex 1.144621 0.831616 -0.065702
      vertex 1.004092 1.004092 -0.000000
      vertex 1.148804 0.834655 -0.000000
    endloop
  endfacet
  facet normal 0.647458 0.758076 0.078219
    outer loop
      vertex 1.004092 1.004092 0.000000
      vertex 0.834655 1.148804 0.000000
      vertex 0.831616 1.144621 0.065702
    endloop
  endfacet
  facet normal 0.647458 0.758076 0.078219
    outer loop
      vertex 1.004092 1.004092 0.000000
      vertex 0.831616 1.144621 0.065702
      vertex 1.000435 1.000435 0.065702
    endloop
  endfacet
  facet normal 0.631610 0.739520 0.232765
    outer loop
      vertex 1.000435 1.000435 0.065702
      vertex 0.831616 1.144621 0.065702
      vertex 0.822572 1.132174 0.129787
    endloop
  endfacet
  facet normal 0.631610 0.739520 0.232765
    outer loop
      vertex 1.000435 1.000435 0.065702
      vertex 0.822572 1.132174 0.129787
      vertex 0.989556 0.989556 0.129787
    endloop
  endfacet
  facet normal 0.600282 0.702840 0.381676
    outer loop
      vertex 0.989556 0.989556 0.129787
      vertex 0.822572 1.132174 0.129787
      vertex 0.807748 1.111770 0.190676
    endloop
  endfacet
  facet normal 0.600282 0.702840 0.381676
    outer loop
      vertex 0.989556 0.989556 0.129787
      vertex 0.807748 1.111770 0.190676
      vertex 0.971722 0.971722 0.190676
    endloop
  endfacet
  facet normal 0.554211 0.648898 0.521326
    outer loop
      vertex 0.971722 0.971722 0.190676
      vertex 0.807748 1.111770 0.190676
      vertex 0.787507 1.083911 0.246870
    endloop
  endfacet
  facet normal 0.554211 0.648898 0.521326
    outer loop
      vertex 0.971722 0.971722 0.190676
      vertex 0.787507 1.083911 0.246870
      vertex 0.947373 0.947373 0.246870
    endloop
  endfacet
  facet normal 0.494487 0.578969 0.648288
    outer loop
      vertex 0.947373 0.947373 0.246870
      vertex 0.787507 1.083911 0.246870
      vertex 0.762349 1.049283 0.296985
    endloop
  endfacet
  facet normal 0.494487 0.578969 0.648288
    outer loop
      vertex 0.947373 0.947373 0.246870
      vertex 0.762349 1.049283 0.296985
      vertex 0.917107 0.917107 0.296985
    endloop
  endfacet
  facet normal 0.422535 0.494725 0.759415
    outer loop
      vertex 0.917107 0.917107 0.296985
      vertex 0.762349 1.049283 0.296985
      vertex 0.732892 1.008739 0.339787
    endloop
  endfacet
  facet normal 0.422535 0.494725 0.759415
    outer loop
      vertex 0.917107 0.917107 0.296985
      vertex 0.732892 1.008739 0.339787
      vertex 0.881670 0.881670 0.339787
    endloop
  endfacet
  facet normal 0.340098 0.398203 0.851920
    outer loop
      vertex 0.881670 0.881670 0.339787
      vertex 0.732892 1.008739 0.339787
      vertex 0.699862 0.963277 0.374223
    endloop
  endfacet
  facet normal 0.340098 0.398203 0.851920
    outer loop
      vertex 0.881670 0.881670 0.339787
      vertex 0.699862 0.963277 0.374223
      vertex 0.841935 0.841935 0.374223
    endloop
  endfacet
  facet normal 0.249189 0.291762 0.923461
    outer loop
      vertex 0.841935 0.841935 0.374223
      vertex 0.699862 0.963277 0.374223
      vertex 0.664072 0.914017 0.399444
    endloop
  endfacet
  facet normal 0.249189 0.291762 0.923461
    outer loop
      vertex 0.841935 0.841935 0.374223
      vertex 0.664072 0.914017 0.399444
      vertex 0.798880 0.798880 0.399444
    endloop
  endfacet
  facet normal 0.152054 0.178032 0.972206
    outer loop
      vertex 0.798880 0.798880 0.399444
      vertex 0.664072 0.914017 0.399444
      vertex 0.626404 0.862171 0.414829
    endloop
  endfacet
  facet normal 0.152054 0.178032 0.972206
    outer loop
      vertex 0.798880 0.798880 0.399444
      vertex 0.626404 0.862171 0.414829
      vertex 0.753565 0.753565 0.414829
    endloop
  endfacet
  facet normal 0.051112 0.059844 0.996898
    outer loop
      vertex 0.753565 0.753565 0.414829
      vertex 0.626404 0.862171 0.414829
      vertex 0.587785 0.809017 0.420000
    endloop
  endfacet
  facet normal 0.051112 0.059844 0.996898
    outer loop
      vertex 0.753565 0.753565 0.414829
      vertex 0.587785 0.809017 0.420000
      vertex 0.707107 0.707107 0.420000
    endloop
  endfacet
  facet normal -0.051112 -0.059844 0.996898
    outer loop
      vertex 0.707107 0.707107 0.420000
      vertex 0.587785 0.809017 0.420000
      vertex 0.549166 0.755863 0.414829
    endloop
  endfacet
  facet normal -0.051112 -0.059844 0.996898
    outer loop
      vertex 0.707107 0.707107 0.420000
      vertex 0.549166 0.755863 0.414829
      vertex 0.660648 0.660648 0.414829
    endloop
  endfacet
  facet normal -0.152054 -0.178032 0.972206
    outer loop
      vertex 0.660648 0.660648 0.414829
      vertex 0.549166 0.755863 0.414829
      vertex 0.511498 0.704017 0.399444
    endloop
  endfacet
  facet normal -0.152054 -0.178032 0.972206
    outer loop
      vertex 0.660648 0.660648 0.414829
      vertex 0.511498 0.704017 0.399444
      vertex 0.615333 0.615333 0.399444
    endloop
  endfacet
  facet normal -0.249189 -0.291762 0.923461
    outer loop
      vertex 0.615333 0.615333 0.399444
      vertex 0.511498 0.704017 0.399444
      vertex 0.475709 0.654757 0.374223
    endloop
  endfacet
  facet normal -0.249189 -0.291762 0.923461
    outer loop
      vertex 0.615333 0.615333 0.399444
      vertex 0.475709 0.654757 0.374223
      vertex 0.572278 0.572278 0.374223
    endloop
  endfacet
  facet normal -0.340098 -0.398203 0.851920
    outer loop
      vertex 0.572278 0.572278 0.374223
      vertex 0.475709 0.654757 0.374223
      vertex 0.442679 0.609295 0.339787
    endloop
  endfacet
  facet normal -0.340098 -0.398203 0.851920
    outer loop
      vertex 0.572278 0.572278 0.374223
      vertex 0.442679 0.609295 0.339787
      vertex 0.532543 0.532543 0.339787
    endloop
  endfacet
  facet normal -0.422535 -0.494725 0.759415
    outer loop
      vertex 0.532543 0.532543 0.339787
      vertex 0.442679 0.609295 0.339787
      vertex 0.413222 0.568751 0.296985
    endloop
  endfacet
  facet normal -0.422535 -0.494725 0.759415
    outer loop
      vertex 0.532543 0.532543 0.339787
      vertex 0.413222 0.568751 0.296985
      vertex 0.497107 0.497107 0.296985
    endloop
  endfacet
  facet normal -0.494487 -0.578969 0.648288
    outer loop
      vertex 0.497107 0.497107 0.296985
      vertex 0.413222 0.568751 0.296985
      vertex 0.388063 0.534123 0.246870
    endloop
  endfacet
  facet normal -0.494487 -0.578969 0.648288
    outer loop
      vertex 0.497107 0.497107 0.296985
      vertex 0.388063 0.534123 0.246870
      vertex 0.466841 0.466841 0.246870
    endloop
  endfacet
  facet normal -0.554211 -0.648898 0.521326
    outer loop
      vertex 0.466841 0.466841 0.246870
      vertex 0.388063 0.534123 0.246870
      vertex 0.367823 0.506264 0.190676
    endloop
  endfacet
  facet normal -0.554211 -0.648898 0.521326
    outer loop
      vertex 0.466841 0.466841 0.246870
      vertex 0.367823 0.506264 0.190676
      vertex 0.442491 0.442491 0.190676
    endloop
  endfacet
  facet normal -0.600282 -0.702840 0.381676
    outer loop
      vertex 0.442491 0.442491 0.190676
      vertex 0.367823 0.506264 0.190676
      vertex 0.352998 0.485860 0.129787
    endloop
  endfacet
  facet normal -0.600282 -0.702840 0.381676
    outer loop
      vertex 0.442491 0.442491 0.190676
      vertex 0.352998 0.485860 0.129787
      vertex 0.424657 0.424657 0.129787
    endloop
  endfacet
  facet normal -0.631610 -0.739520 0.232765
    outer loop
      vertex 0.424657 0.424657 0.129787
      vertex 0.352998 0.485860 0.129787
      vertex 0.343955 0.473413 0.065702
    endloop
  endfacet
  facet normal -0.631610 -0.739520 0.232765
    outer loop
      vertex 0.424657 0.424657 0.129787
      vertex 0.343955 0.473413 0.065702
      vertex 0.413778 0.413778 0.065702
    endloop
  endfacet
  facet normal -0.647458 -0.758076 0.078219
    outer loop
      vertex 0.413778 0.413778 0.065702
      vertex 0.343955 0.473413 0.065702
      vertex 0.340915 0.469230 0.000000
    endloop
  endfacet
  facet normal -0.647458 -0.758076 0.078219
    outer loop
      vertex 0.413778 0.413778 0.065702
      vertex 0.340915 0.469230 0.000000
      vertex 0.410122 0.410122 0.000000
    endloop
  endfacet
  facet normal -0.647458 -0.758076 -0.078219
    outer loop
      vertex 0.410122 0.410122 0.000000
      vertex 0.340915 0.469230 0.000000
      vertex 0.343955 0.473413 -0.065702
    endloop
  endfacet
  facet normal -0.647458 -0.758076 -0.078219
    outer loop
      vertex 0.410122 0.410122 0.000000
      vertex 0.343955 0.473413 -0.065702
      vertex 0.413778 0.413778 -0.065702
    endloop
  endfacet
  facet normal -0.631610 -0.739520 -0.232765
    outer loop
      vertex 0.413778 0.413778 -0.065702
      vertex 0.343955 0.473413 -0.065702
      vertex 0.352998 0.485860 -0.129787
    endloop
  endfacet
  facet normal -0.631610 -0.739520 -0.232765
    outer loop
      vertex 0.413778 0.413778 -0.065702
      vertex 0.352998 0.485860 -0.129787
      vertex 0.424657 0.424657 -0.129787
    endloop
  endfacet
  facet normal -0.600282 -0.702840 -0.381676
    outer loop
      vertex 0.424657 0.424657 -0.129787
      vertex 0.352998 0.485860 -0.129787
      vertex 0.367823 0.506264 -0.190676
    endloop
  endfacet
  facet normal -0.600282 -0.702840 -0.381676
    outer loop
      vertex 0.424657 0.424657 -0.129787
      vertex 0.367823 0.506264 -0.190676
      vertex 0.442491 0.442491 -0.190676
    endloop
  endfacet
  facet normal -0.554211 -0.648898 -0.521326
    outer loop
      vertex 0.442491 0.442491 -0.190676
      vertex 0.367823 0.506264 -0.190676
      vertex 0.388063 0.534123 -0.246870
    endloop
  endfacet
  facet normal -0.554211 -0.648898 -0.521326
    outer loop
      vertex 0.442491 0.442491 -0.190676
      vertex 0.388063 0.534123 -0.246870
      vertex 0.466841 0.466841 -0.246870
    endloop
  endfacet
  facet normal -0.494487 -0.578969 -0.648288
    outer loop
      vertex 0.466841 0.466841 -0.246870
      vertex 0.388063 0.534123 -0.246870
      vertex 0.413222 0.568751 -0.296985
    endloop
  endfacet
  facet normal -0.494487 -0.578969 -0.648288
    outer loop
      vertex 0.466841 0.466841 -0.246870
      vertex 0.413222 0.568751 -0.296985
      vertex 0.497107 0.497107 -0.296985
    endloop
  endfacet
  facet normal -0.422535 -0.494725 -0.759415
    outer loop
      vertex 0.497107 0.497107 -0.296985
      vertex 0.413222 0.568751 -0.296985
      vertex 0.442679 0.609295 -0.339787
    endloop
  endfacet
  facet normal -0.422535 -0.494725 -0.759415
    outer loop
      vertex 0.497107 0.497107 -0.296985
      vertex 0.442679 0.609295 -0.339787
      vertex 0.532543 0.532543 -0.339787
    endloop
  endfacet
  facet normal -0.340098 -0.398203 -0.851920
    outer loop
      vertex 0.532543 0.532543 -0.339787
      vertex 0.442679 0.609295 -0.339787
      vertex 0.475709 0.654757 -0.374223
    endloop
  endfacet
  facet normal -0.340098 -0.398203 -0.851920
    outer loop
      vertex 0.532543 0.532543 -0.339787
      vertex 0.475709 0.654757 -0.374223
      vertex 0.572278 0.572278 -0.374223
    endloop
  endfacet
  facet normal -0.249189 -0.291762 -0.923461
    outer loop
      vertex 0.572278 0.572278 -0.374223
      vertex 0.475709 0.654757 -0.374223
      vertex 0.511498 0.704017 -0.399444
    endloop
  endfacet
  facet normal -0.249189 -0.291762 -0.923461
    outer loop
      vertex 0.572278 0.572278 -0.374223
      vertex 0.511498 0.704017 -0.399444
      vertex 0.615333 0.615333 -0.399444
    endloop
  endfacet
  facet normal -0.152054 -0.178032 -0.972206
    outer loop
      vertex 0.615333 0.615333 -0.399444
      vertex 0.511498 0.704017 -0.399444
      vertex 0.549166 0.755863 -0.414829
    endloop
  endfacet
  facet normal -0.152054 -0.178032 -0.972206
    outer loop
      vertex 0.615333 0.615333 -0.399444
      vertex 0.549166 0.755863 -0.414829
      vertex 0.660648 0.660648 -0.414829
    endloop
  endfacet
  facet normal -0.051112 -0.059844 -0.996898
    outer loop
      vertex 0.660648 0.660648 -0.414829
      vertex 0.549166 0.755863 -0.414829
      vertex 0.587785 0.809017 -0.420000
    endloop
  endfacet
  facet normal -0.051112 -0.059844 -0.996898
    outer loop
      vertex 0.660648 0.660648 -0.414829
      vertex 0.587785 0.809017 -0.420000
      vertex 0.707107 0.707107 -0.420000
    endloop
  endfacet
  facet normal 0.051112 0.059844 -0.996898
    outer loop
      vertex 0.707107 0.707107 -0.420000
      vertex 0.587785 0.809017 -0.420000
      vertex 0.626404 0.862171 -0.414829
    endloop
  endfacet
  facet normal 0.051112 0.059844 -0.996898
    outer loop
      vertex 0.707107 0.707107 -0.420000
      vertex 0.626404 0.862171 -0.414829
      vertex 0.753565 0.753565 -0.414829
    endloop
  endfacet
  facet normal 0.152054 0.178032 -0.972206
    outer loop
      vertex 0.753565 0.753565 -0.414829
      vertex 0.626404 0.862171 -0.414829
      vertex 0.664072 0.914017 -0.399444
    endloop
  endfacet
  facet normal 0.152054 0.178032 -0.972206
    outer loop
      vertex 0.753565 0.753565 -0.414829
      vertex 0.664072 0.914017 -0.399444
      vertex 0.798880 0.798880 -0.399444
    endloop
  endfacet
  facet normal 0.249189 0.291762 -0.923461
    outer loop
      vertex 0.798880 0.798880 -0.399444
      vertex 0.664072 0.914017 -0.399444
      vertex 0.699862 0.963277 -0.374223
    endloop
  endfacet
  facet normal 0.249189 0.291762 -0.923461
    outer loop
      vertex 0.798880 0.798880 -0.399444
      vertex 0.699862 0.963277 -0.374223
      vertex 0.841935 0.841935 -0.374223
    endloop
  endfacet
  facet normal 0.340098 0.398203 -0.851920
    outer loop
      vertex 0.841935 0.841935 -0.374223
      vertex 0.699862 0.963277 -0.374223
      vertex 0.732892 1.008739 -0.339787
    endloop
  endfacet
  facet normal 0.340098 0.398203 -0.851920
    outer loop
      vertex 0.841935 0.841935 -0.374223
      vertex 0.732892 1.008739 -0.339787
      vertex 0.881670 0.881670 -0.339787
    endloop
  endfacet
  facet normal 0.422535 0.494725 -0.759415
    outer loop
      vertex 0.881670 0.881670 -0.339787
      vertex 0.732892 1.008739 -0.339787
      vertex 0.762349 1.049283 -0.296985
    endloop
  endfacet
  facet normal 0.422535 0.494725 -0.759415
    outer loop
      vertex 0.881670 0.881670 -0.339787
      vertex 0.762349 1.049283 -0.296985
      vertex 0.917107 0.917107 -0.296985
    endloop
  endfacet
  facet normal 0.494487 0.578969 -0.648288
    outer loop
      vertex 0.917107 0.917107 -0.296985
      vertex 0.762349 1.049283 -0.296985
      vertex 0.787507 1.083911 -0.246870
    endloop
  endfacet
  facet normal 0.494487 0.578969 -0.648288
    outer loop
      vertex 0.917107 0.917107 -0.296985
      vertex 0.787507 1.083911 -0.246870
      vertex 0.947373 0.947373 -0.246870
    endloop
  endfacet
  facet normal 0.554211 0.648898 -0.521326
    outer loop
      vertex 0.947373 0.947373 -0.246870
      vertex 0.787507 1.083911 -0.246870
      vertex 0.807748 1.111770 -0.190676
    endloop
  endfacet
  facet normal 0.554211 0.648898 -0.521326
    outer loop
      vertex 0.947373 0.947373 -0.246870
      vertex 0.807748 1.111770 -0.190676
      vertex 0.971722 0.971722 -0.190676
    endloop
  endfacet
  facet normal 0.600282 0.702840 -0.381676
    outer loop
      vertex 0.971722 0.971722 -0.190676
      vertex 0.807748 1.111770 -0.190676
      vertex 0.822572 1.132174 -0.129787
    endloop
  endfacet
  facet normal 0.600282 0.702840 -0.381676
    outer loop
      vertex 0.971722 0.971722 -0.190676
      vertex 0.822572 1.132174 -0.129787
      vertex 0.989556 0.989556 -0.129787
    endloop
  endfacet
  facet normal 0.631610 0.739520 -0.232765
    outer loop
      vertex 0.989556 0.989556 -0.129787
      vertex 0.822572 1.132174 -0.129787
      vertex 0.831616 1.144621 -0.065702
    endloop
  endfacet
  facet normal 0.631610 0.739520 -0.232765
    outer loop
      vertex 0.989556 0.989556 -0.129787
      vertex 0.831616 1.144621 -0.065702
      vertex 1.000435 1.000435 -0.065702
    endloop
  endfacet
  facet normal 0.647458 0.758076 -0.078219
    outer loop
      vertex 1.000435 1.000435 -0.065702
      vertex 0.831616 1.144621 -0.065702
      vertex 0.834655 1.148804 -0.000000
    endloop
  endfacet
  facet normal 0.647458 0.758076 -0.078219
    outer loop
      vertex 1.000435 1.000435 -0.065702
      vertex 0.834655 1.148804 -0.000000
      vertex 1.004092 1.004092 -0.000000
    endloop
  endfacet
  facet normal 0.520898 0.850028 0.078219
    outer loop
      vertex 0.834655 1.148804 0.000000
      vertex 0.644667 1.265229 0.000000
      vertex 0.642319 1.260622 0.065702
    endloop
  endfacet
  facet normal 0.520898 0.850028 0.078219
    outer loop
      vertex 0.834655 1.148804 0.000000
      vertex 0.642319 1.260622 0.065702
      vertex 0.831616 1.144621 0.065702
    endloop
  endfacet
  facet normal 0.508147 0.829221 0.232765
    outer loop
      vertex 0.831616 1.144621 0.065702
      vertex 0.642319 1.260622 0.065702
      vertex 0.635334 1.246913 0.129787
    endloop
  endfacet
  facet normal 0.508147 0.829221 0.232765
    outer loop
      vertex 0.831616 1.144621 0.065702
      vertex 0.635334 1.246913 0.129787
      vertex 0.822572 1.132174 0.129787
    endloop
  endfacet
  facet normal 0.482943 0.788092 0.381676
    outer loop
      vertex 0.822572 1.132174 0.129787
      vertex 0.635334 1.246913 0.129787
      vertex 0.623884 1.224441 0.190676
    endloop
  endfacet
  facet normal 0.482943 0.788092 0.381676
    outer loop
      vertex 0.822572 1.132174 0.129787
      vertex 0.623884 1.224441 0.190676
      vertex 0.807748 1.111770 0.190676
    endloop
  endfacet
  facet normal 0.445878 0.727607 0.521326
    outer loop
      vertex 0.807748 1.111770 0.190676
      vertex 0.623884 1.224441 0.190676
      vertex 0.608251 1.193759 0.246870
    endloop
  endfacet
  facet normal 0.445878 0.727607 0.521326
    outer loop
      vertex 0.807748 1.111770 0.190676
      vertex 0.608251 1.193759 0.246870
      vertex 0.787507 1.083911 0.246870
    endloop
  endfacet
  facet normal 0.397828 0.649196 0.648288
    outer loop
      vertex 0.787507 1.083911 0.246870
      vertex 0.608251 1.193759 0.246870
      vertex 0.588819 1.155622 0.296985
    endloop
  endfacet
  facet normal 0.397828 0.649196 0.648288
    outer loop
      vertex 0.787507 1.083911 0.246870
      vertex 0.588819 1.155622 0.296985
      vertex 0.762349 1.049283 0.296985
    endloop
  endfacet
  facet normal 0.339941 0.554734 0.759415
    outer loop
      vertex 0.762349 1.049283 0.296985
      vertex 0.588819 1.155622 0.296985
      vertex 0.566067 1.110969 0.339787
    endloop
  endfacet
  facet normal 0.339941 0.554734 0.759415
    outer loop
      vertex 0.762349 1.049283 0.296985
      vertex 0.566067 1.110969 0.339787
      vertex 0.732892 1.008739 0.339787
    endloop
  endfacet
  facet normal 0.273618 0.446503 0.851920
    outer loop
      vertex 0.732892 1.008739 0.339787
      vertex 0.566067 1.110969 0.339787
      vertex 0.540556 1.060900 0.374223
    endloop
  endfacet
  facet normal 0.273618 0.446503 0.851920
    outer loop
      vertex 0.732892 1.008739 0.339787
      vertex 0.540556 1.060900 0.374223
      vertex 0.699862 0.963277 0.374223
    endloop
  endfacet
  facet normal 0.200479 0.327152 0.923461
    outer loop
      vertex 0.699862 0.963277 0.374223
      vertex 0.540556 1.060900 0.374223
      vertex 0.512913 1.006648 0.399444
    endloop
  endfacet
  facet normal 0.200479 0.327152 0.923461
    outer loop
      vertex 0.699862 0.963277 0.374223
      vertex 0.512913 1.006648 0.399444
      vertex 0.664072 0.914017 0.399444
    endloop
  endfacet
  facet normal 0.122331 0.199627 0.972206
    outer loop
      vertex 0.664072 0.914017 0.399444
      vertex 0.512913 1.006648 0.399444
      vertex 0.483819 0.949548 0.414829
    endloop
  endfacet
  facet normal 0.122331 0.199627 0.972206
    outer loop
      vertex 0.664072 0.914017 0.399444
      vertex 0.483819 0.949548 0.414829
      vertex 0.626404 0.862171 0.414829
    endloop
  endfacet
  facet normal 0.041121 0.067103 0.996898
    outer loop
      vertex 0.626404 0.862171 0.414829
      vertex 0.483819 0.949548 0.414829
      vertex 0.453990 0.891007 0.420000
    endloop
  endfacet
  facet normal 0.041121 0.067103 0.996898
    outer loop
      vertex 0.626404 0.862171 0.414829
      vertex 0.453990 0.891007 0.420000
      vertex 0.587785 0.809017 0.420000
    endloop
  endfacet
  facet normal -0.041121 -0.067103 0.996898
    outer loop
      vertex 0.587785 0.809017 0.420000
      vertex 0.453990 0.891007 0.420000
      vertex 0.424162 0.832465 0.414829
    endloop
  endfacet
  facet normal -0.041121 -0.067103 0.996898
    outer loop
      vertex 0.587785 0.809017 0.420000
      vertex 0.424162 0.832465 0.414829
      vertex 0.549166 0.755863 0.414829
    endloop
  endfacet
  facet normal -0.122331 -0.199627 0.972206
    outer loop
      vertex 0.549166 0.755863 0.414829
      vertex 0.424162 0.832465 0.414829
      vertex 0.395068 0.775365 0.399444
    endloop
  endfacet
  facet normal -0.122331 -0.199627 0.972206
    outer loop
      vertex 0.549166 0.755863 0.414829
      vertex 0.395068 0.775365 0.399444
      vertex 0.511498 0.704017 0.399444
    endloop
  endfacet
  facet normal -0.200479 -0.327152 0.923461
    outer loop
      vertex 0.511498 0.704017 0.399444
      vertex 0.395068 0.775365 0.399444
      vertex 0.367425 0.721113 0.374223
    endloop
  endfacet
  facet normal -0.200479 -0.327152 0.923461
    outer loop
      vertex 0.511498 0.704017 0.399444
      vertex 0.367425 0.721113 0.374223
      vertex 0.475709 0.654757 0.374223
    endloop
  endfacet
  facet normal -0.273618 -0.446503 0.851920
    outer loop
      vertex 0.475709 0.654757 0.374223
      vertex 0.367425 0.721113 0.374223
      vertex 0.341914 0.671044 0.339787
    endloop
  endfacet
  facet normal -0.273618 -0.446503 0.851920
    outer loop
      vertex 0.475709 0.654757 0.374223
      vertex 0.341914 0.671044 0.339787
      vertex 0.442679 0.609295 0.339787
    endloop
  endfacet
  facet normal -0.339941 -0.554734 0.759415
    outer loop
      vertex 0.442679 0.609295 0.339787
      vertex 0.341914 0.671044 0.339787
      vertex 0.319162 0.626391 0.296985
    endloop
  endfacet
  facet normal -0.339941 -0.554734 0.759415
    outer loop
      vertex 0.442679 0.609295 0.339787
      vertex 0.319162 0.626391 0.296985
      vertex 0.413222 0.568751 0.296985
    endloop
  endfacet
  facet normal -0.397828 -0.649196 0.648288
    outer loop
      vertex 0.413222 0.568751 0.296985
      vertex 0.319162 0.626391 0.296985
      vertex 0.299730 0.588254 0.246870
    endloop
  endfacet
  facet normal -0.397828 -0.649196 0.648288
    outer loop
      vertex 0.413222 0.568751 0.296985
      vertex 0.299730 0.588254 0.246870
      vertex 0.388063 0.534123 0.246870
    endloop
  endfacet
  facet normal -0.445878 -0.727607 0.521326
    outer loop
      vertex 0.388063 0.534123 0.246870
      vertex 0.299730 0.588254 0.246870
      vertex 0.284097 0.557572 0.190676
    endloop
  endfacet
  facet normal -0.445878 -0.727607 0.521326
    outer loop
      vertex 0.388063 0.534123 0.246870
      vertex 0.284097 0.557572 0.190676
      vertex 0.367823 0.506264 0.190676
    endloop
  endfacet
  facet normal -0.482943 -0.788092 0.381676
    outer loop
      vertex 0.367823 0.506264 0.190676
      vertex 0.284097 0.557572 0.190676
      vertex 0.272647 0.535100 0.129787
    endloop
  endfacet
  facet normal -0.482943 -0.788092 0.381676
    outer loop
      vertex 0.367823 0.506264 0.190676
      vertex 0.272647 0.535100 0.129787
      vertex 0.352998 0.485860 0.129787
    endloop
  endfacet
  facet normal -0.508147 -0.829221 0.232765
    outer loop
      vertex 0.352998 0.485860 0.129787
      vertex 0.272647 0.535100 0.129787
      vertex 0.265662 0.521391 0.065702
    endloop
  endfacet
  facet normal -0.508147 -0.829221 0.232765
    outer loop
      vertex 0.352998 0.485860 0.129787
      vertex 0.265662 0.521391 0.065702
      vertex 0.343955 0.473413 0.065702
    endloop
  endfacet
  facet normal -0.520898 -0.850028 0.078219
    outer loop
      vertex 0.343955 0.473413 0.065702
      vertex 0.265662 0.521391 0.065702
      vertex 0.263314 0.516784 0.000000
    endloop
  endfacet
  facet normal -0.520898 -0.850028 0.078219
    outer loop
      vertex 0.343955 0.473413 0.065702
      vertex 0.263314 0.516784 0.000000
      vertex 0.340915 0.469230 0.000000
    endloop
  endfacet
  facet normal -0.520898 -0.850028 -0.078219
    outer loop
      vertex 0.340915 0.469230 0.000000
      vertex 0.263314 0.516784 0.000000
      vertex 0.265662 0.521391 -0.065702
    endloop
  endfacet
  facet normal -0.520898 -0.850028 -0.078219
    outer loop
      vertex 0.340915 0.469230 0.000000
      vertex 0.265662 0.521391 -0.065702
      vertex 0.343955 0.473413 -0.065702
    endloop
  endfacet
  facet normal -0.508147 -0.829221 -0.232765
    outer loop
      vertex 0.343955 0.473413 -0.065702
      vertex 0.265662 0.521391 -0.065702
      vertex 0.272647 0.535100 -0.129787
    endloop
  endfacet
  facet normal -0.508147 -0.829221 -0.232765
    outer loop
      vertex 0.343955 0.473413 -0.065702
      vertex 0.272647 0.535100 -0.129787
      vertex 0.352998 0.485860 -0.129787
    endloop
  endfacet
  facet normal -0.482943 -0.788092 -0.381676
    outer loop
      vertex 0.352998 0.485860 -0.129787
      vertex 0.272647 0.535100 -0.129787
      vertex 0.284097 0.557572 -0.190676
    endloop
  endfacet
  facet normal -0.482943 -0.788092 -0.381676
    outer loop
      vertex 0.352998 0.485860 -0.129787
      vertex 0.284097 0.557572 -0.190676
      vertex 0.367823 0.506264 -0.190676
    endloop
  endfacet
  facet normal -0.445878 -0.727607 -0.521326
    outer loop
      vertex 0.367823 0.506264 -0.190676
      vertex 0.284097 0.557572 -0.190676
      vertex 0.299730 0.588254 -0.246870
    endloop
  endfacet
  facet normal -0.445878 -0.727607 -0.521326
    outer loop
      vertex 0.367823 0.506264 -0.190676
      vertex 0.299730 0.588254 -0.246870
      vertex 0.388063 0.534123 -0.246870
    endloop
  endfacet
  facet normal -0.397828 -0.649196 -0.648288
    outer loop
      vertex 0.388063 0.534123 -0.246870
      vertex 0.299730 0.588254 -0.246870
      vertex 0.319162 0.626391 -0.296985
    endloop
  endfacet
  facet normal -0.397828 -0.649196 -0.648288
    outer loop
      vertex 0.388063 0.534123 -0.246870
      vertex 0.319162 0.626391 -0.296985
      vertex 0.413222 0.568751 -0.296985
    endloop
  endfacet
  facet normal -0.339941 -0.554734 -0.759415
    outer loop
      vertex 0.413222 0.568751 -0.296985
      vertex 0.319162 0.626391 -0.296985
      vertex 0.341914 0.671044 -0.339787
    endloop
  endfacet
  facet normal -0.339941 -0.554734 -0.759415
    outer loop
      vertex 0.413222 0.568751 -0.296985
      vertex 0.341914 0.671044 -0.339787
      vertex 0.442679 0.609295 -0.339787
    endloop
  endfacet
  facet normal -0.273618 -0.446503 -0.851920
    outer loop
      vertex 0.442679 0.609295 -0.339787
      vertex 0.341914 0.671044 -0.339787
      vertex 0.367425 0.721113 -0.374223
    endloop
  endfacet
  facet normal -0.273618 -0.446503 -0.851920
    outer loop
      vertex 0.442679 0.609295 -0.339787
      vertex 0.367425 0.721113 -0.374223
      vertex 0.475709 0.654757 -0.374223
    endloop
  endfacet
  facet normal -0.200479 -0.327152 -0.923461
    outer loop
      vertex 0.475709 0.654757 -0.374223
      vertex 0.367425 0.721113 -0.374223
      vertex 0.395068 0.775365 -0.399444
    endloop
  endfacet
  facet normal -0.200479 -0.327152 -0.923461
    outer loop
      vertex 0.475709 0.654757 -0.374223
      vertex 0.395068 0.775365 -0.399444
      vertex 0.511498 0.704017 -0.399444
    endloop
  endfacet
  facet normal -0.122331 -0.199627 -0.972206
    outer loop
      vertex 0.511498 0.704017 -0.399444
      vertex 0.395068 0.775365 -0.399444
      vertex 0.424162 0.832465 -0.414829
    endloop
  endfacet
  facet normal -0.122331 -0.199627 -0.972206
    outer loop
      vertex 0.511498 0.704017 -0.399444
      vertex 0.424162 0.832465 -0.414829
      vertex 0.549166 0.755863 -0.414829
    endloop
  endfacet
  facet normal -0.041121 -0.067103 -0.996898
    outer loop
      vertex 0.549166 0.755863 -0.414829
      vertex 0.424162 0.832465 -0.414829
      vertex 0.453990 0.891007 -0.420000
    endloop
  endfacet
  facet normal -0.041121 -0.067103 -0.996898
    outer loop
      vertex 0.549166 0.755863 -0.414829
      vertex 0.453990 0.891007 -0.420000
      vertex 0.587785 0.809017 -0.420000
    endloop
  endfacet
  facet normal 0.041121 0.067103 -0.996898
    outer loop
      vertex 0.587785 0.809017 -0.420000
      vertex 0.453990 0.891007 -0.420000
      vertex 0.483819 0.949548 -0.414829
    endloop
  endfacet
  facet normal 0.041121 0.067103 -0.996898
    outer loop
      vertex 0.587785 0.809017 -0.420000
      vertex 0.483819 0.949548 -0.414829
      vertex 0.626404 0.862171 -0.414829
    endloop
  endfacet
  facet normal 0.122331 0.199627 -0.972206
    outer loop
      vertex 0.626404 0.862171 -0.414829
      vertex 0.483819 0.949548 -0.414829
      vertex 0.512913 1.006648 -0.399444
    endloop
  endfacet
  facet normal 0.122331 0.199627 -0.972206
    outer loop
      vertex 0.626404 0.862171 -0.414829
      vertex 0.512913 1.006648 -0.399444
      vertex 0.664072 0.914017 -0.399444
    endloop
  endfacet
  facet normal 0.200479 0.327152 -0.923461
    outer loop
      vertex 0.664072 0.914017 -0.399444
      vertex 0.512913 1.006648 -0.399444
      vertex 0.540556 1.060900 -0.374223
    endloop
  endfacet
  facet normal 0.200479 0.327152 -0.923461
    outer loop
      vertex 0.664072 0.914017 -0.399444
      vertex 0.540556 1.060900 -0.374223
      vertex 0.699862 0.963277 -0.374223
    endloop
  endfacet
  facet normal 0.273618 0.446503 -0.851920
    outer loop
      vertex 0.699862 0.963277 -0.374223
      vertex 0.540556 1.060900 -0.374223
      vertex 0.566067 1.110969 -0.339787
    endloop
  endfacet
  facet normal 0.273618 0.446503 -0.851920
    outer loop
      vertex 0.699862 0.963277 -0.374223
      vertex 0.566067 1.110969 -0.339787
      vertex 0.732892 1.008739 -0.339787
    endloop
  endfacet
  facet normal 0.339941 0.554734 -0.759415
    outer loop
      vertex 0.732892 1.008739 -0.339787
      vertex 0.566067 1.110969 -0.339787
      vertex 0.588819 1.155622 -0.296985
    endloop
  endfacet
  facet normal 0.339941 0.554734 -0.759415
    outer loop
      vertex 0.732892 1.008739 -0.339787
      vertex 0.588819 1.155622 -0.296985
      vertex 0.762349 1.049283 -0.296985
    endloop
  endfacet
  facet normal 0.397828 0.649196 -0.648288
    outer loop
      vertex 0.762349 1.049283 -0.296985
      vertex 0.588819 1.155622 -0.296985
      vertex 0.608251 1.193759 -0.246870
    endloop
  endfacet
  facet normal 0.397828 0.649196 -0.648288
    outer loop
      vertex 0.762349 1.049283 -0.296985
      vertex 0.608251 1.193759 -0.246870
      vertex 0.787507 1.083911 -0.246870
    endloop
  endfacet
  facet normal 0.445878 0.727607 -0.521326
    outer loop
      vertex 0.787507 1.083911 -0.246870
      vertex 0.608251 1.193759 -0.246870
      vertex 0.623884 1.224441 -0.190676
    endloop
  endfacet
  facet normal 0.445878 0.727607 -0.521326
    outer loop
      vertex 0.787507 1.083911 -0.246870
      vertex 0.623884 1.224441 -0.190676
      vertex 0.807748 1.111770 -0.190676
    endloop
  endfacet
  facet normal 0.482943 0.788092 -0.381676
    outer loop
      vertex 0.807748 1.111770 -0.190676
      vertex 0.623884 1.224441 -0.190676
      vertex 0.635334 1.246913 -0.129787
    endloop
  endfacet
  facet normal 0.482943 0.788092 -0.381676
    outer loop
      vertex 0.807748 1.111770 -0.190676
      vertex 0.635334 1.246913 -0.129787
      vertex 0.822572 1.132174 -0.129787
    endloop
  endfacet
  facet normal 0.508147 0.829221 -0.232765
    outer loop
      vertex 0.822572 1.132174 -0.129787
      vertex 0.635334 1.246913 -0.129787
      vertex 0.642319 1.260622 -0.065702
    endloop
  endfacet
  facet normal 0.508147 0.829221 -0.232765
    outer loop
      vertex 0.822572 1.132174 -0.129787
      vertex 0.642319 1.260622 -0.065702
      vertex 0.831616 1.144621 -0.065702
    endloop
  endfacet
  facet normal 0.520898 0.850028 -0.078219
    outer loop
      vertex 0.831616 1.144621 -0.065702
      vertex 0.642319 1.260622 -0.065702
      vertex 0.644667 1.265229 -0.000000
    endloop
  endfacet
  facet normal 0.520898 0.850028 -0.078219
    outer loop
      vertex 0.831616 1.144621 -0.065702
      vertex 0.644667 1.265229 -0.000000
      vertex 0.834655 1.148804 -0.000000
    endloop
  endfacet
  facet normal 0.381511 0.921049 0.078219
    outer loop
      vertex 0.644667 1.265229 0.000000
      vertex 0.438804 1.350500 0.000000
      vertex 0.437206 1.345582 0.065702
    endloop
  endfacet
  facet normal 0.381511 0.921049 0.078219
    outer loop
      vertex 0.644667 1.265229 0.000000
      vertex 0.437206 1.345582 0.065702
      vertex 0.642319 1.260622 0.065702
    endloop
  endfacet
  facet normal 0.372172 0.898503 0.232765
    outer loop
      vertex 0.642319 1.260622 0.065702
      vertex 0.437206 1.345582 0.065702
      vertex 0.432452 1.330950 0.129787
    endloop
  endfacet
  facet normal 0.372172 0.898503 0.232765
    outer loop
      vertex 0.642319 1.260622 0.065702
      vertex 0.432452 1.330950 0.129787
      vertex 0.635334 1.246913 0.129787
    endloop
  endfacet
  facet normal 0.353713 0.853938 0.381676
    outer loop
      vertex 0.635334 1.246913 0.129787
      vertex 0.432452 1.330950 0.129787
      vertex 0.424658 1.306963 0.190676
    endloop
  endfacet
  facet normal 0.353713 0.853938 0.381676
    outer loop
      vertex 0.635334 1.246913 0.129787
      vertex 0.424658 1.306963 0.190676
      vertex 0.623884 1.224441 0.190676
    endloop
  endfacet
  facet normal 0.326566 0.788400 0.521326
    outer loop
      vertex 0.623884 1.224441 0.190676
      vertex 0.424658 1.306963 0.190676
      vertex 0.414017 1.274213 0.246870
    endloop
  endfacet
  facet normal 0.326566 0.788400 0.521326
    outer loop
      vertex 0.623884 1.224441 0.190676
      vertex 0.414017 1.274213 0.246870
      vertex 0.608251 1.193759 0.246870
    endloop
  endfacet
  facet normal 0.291373 0.703437 0.648288
    outer loop
      vertex 0.608251 1.193759 0.246870
      vertex 0.414017 1.274213 0.246870
      vertex 0.400790 1.233506 0.296985
    endloop
  endfacet
  facet normal 0.291373 0.703437 0.648288
    outer loop
      vertex 0.608251 1.193759 0.246870
      vertex 0.400790 1.233506 0.296985
      vertex 0.588819 1.155622 0.296985
    endloop
  endfacet
  facet normal 0.248977 0.601082 0.759415
    outer loop
      vertex 0.588819 1.155622 0.296985
      vertex 0.400790 1.233506 0.296985
      vertex 0.385304 1.185844 0.339787
    endloop
  endfacet
  facet normal 0.248977 0.601082 0.759415
    outer loop
      vertex 0.588819 1.155622 0.296985
      vertex 0.385304 1.185844 0.339787
      vertex 0.566067 1.110969 0.339787
    endloop
  endfacet
  facet normal 0.200400 0.483810 0.851920
    outer loop
      vertex 0.566067 1.110969 0.339787
      vertex 0.385304 1.185844 0.339787
      vertex 0.367939 1.132400 0.374223
    endloop
  endfacet
  facet normal 0.200400 0.483810 0.851920
    outer loop
      vertex 0.566067 1.110969 0.339787
      vertex 0.367939 1.132400 0.374223
      vertex 0.540556 1.060900 0.374223
    endloop
  endfacet
  facet normal 0.146833 0.354486 0.923461
    outer loop
      vertex 0.540556 1.060900 0.374223
      vertex 0.367939 1.132400 0.374223
      vertex 0.349123 1.074491 0.399444
    endloop
  endfacet
  facet normal 0.146833 0.354486 0.923461
    outer loop
      vertex 0.540556 1.060900 0.374223
      vertex 0.349123 1.074491 0.399444
      vertex 0.512913 1.006648 0.399444
    endloop
  endfacet
  facet normal 0.089597 0.216306 0.972206
    outer loop
      vertex 0.512913 1.006648 0.399444
      vertex 0.349123 1.074491 0.399444
      vertex 0.329320 1.013543 0.414829
    endloop
  endfacet
  facet normal 0.089597 0.216306 0.972206
    outer loop
      vertex 0.512913 1.006648 0.399444
      vertex 0.329320 1.013543 0.414829
      vertex 0.483819 0.949548 0.414829
    endloop
  endfacet
  facet normal 0.030117 0.072710 0.996898
    outer loop
      vertex 0.483819 0.949548 0.414829
      vertex 0.329320 1.013543 0.414829
      vertex 0.309017 0.951057 0.420000
    endloop
  endfacet
  facet normal 0.030117 0.072710 0.996898
    outer loop
      vertex 0.483819 0.949548 0.414829
      vertex 0.309017 0.951057 0.420000
      vertex 0.453990 0.891007 0.420000
    endloop
  endfacet
  facet normal -0.030117 -0.072710 0.996898
    outer loop
      vertex 0.453990 0.891007 0.420000
      vertex 0.309017 0.951057 0.420000
      vertex 0.288714 0.888570 0.414829
    endloop
  endfacet
  facet normal -0.030117 -0.072710 0.996898
    outer loop
      vertex 0.453990 0.891007 0.420000
      vertex 0.288714 0.888570 0.414829
      vertex 0.424162 0.832465 0.414829
    endloop
  endfacet
  facet normal -0.089597 -0.216306 0.972206
    outer loop
      vertex 0.424162 0.832465 0.414829
      vertex 0.288714 0.888570 0.414829
      vertex 0.268911 0.827622 0.399444
    endloop
  endfacet
  facet normal -0.089597 -0.216306 0.972206
    outer loop
      vertex 0.424162 0.832465 0.414829
      vertex 0.268911 0.827622 0.399444
      vertex 0.395068 0.775365 0.399444
    endloop
  endfacet
  facet normal -0.146833 -0.354486 0.923461
    outer loop
      vertex 0.395068 0.775365 0.399444
      vertex 0.268911 0.827622 0.399444
      vertex 0.250095 0.769713 0.374223
    endloop
  endfacet
  facet normal -0.146833 -0.354486 0.923461
    outer loop
      vertex 0.395068 0.775365 0.399444
      vertex 0.250095 0.769713 0.374223
      vertex 0.367425 0.721113 0.374223
    endloop
  endfacet
  facet normal -0.200400 -0.483810 0.851920
    outer loop
      vertex 0.367425 0.721113 0.374223
      vertex 0.250095 0.769713 0.374223
      vertex 0.232730 0.716269 0.339787
    endloop
  endfacet
  facet normal -0.200400 -0.483810 0.851920
    outer loop
      vertex 0.367425 0.721113 0.374223
      vertex 0.232730 0.716269 0.339787
      vertex 0.341914 0.671044 0.339787
    endloop
  endfacet
  facet normal -0.248977 -0.601082 0.759415
    outer loop
      vertex 0.341914 0.671044 0.339787
      vertex 0.232730 0.716269 0.339787
      vertex 0.217244 0.668607 0.296985
    endloop
  endfacet
  facet normal -0.248977 -0.601082 0.759415
    outer loop
      vertex 0.341914 0.671044 0.339787
      vertex 0.217244 0.668607 0.296985
      vertex 0.319162 0.626391 0.296985
    endloop
  endfacet
  facet normal -0.291373 -0.703437 0.648288
    outer loop
      vertex 0.319162 0.626391 0.296985
      vertex 0.217244 0.668607 0.296985
      vertex 0.204017 0.627900 0.246870
    endloop
  endfacet
  facet normal -0.291373 -0.703437 0.648288
    outer loop
      vertex 0.319162 0.626391 0.296985
      vertex 0.204017 0.627900 0.246870
      vertex 0.299730 0.588254 0.246870
    endloop
  endfacet
  facet normal -0.326566 -0.788400 0.521326
    outer loop
      vertex 0.299730 0.588254 0.246870
      vertex 0.204017 0.627900 0.246870
      vertex 0.193376 0.595150 0.190676
    endloop
  endfacet
  facet normal -0.326566 -0.788400 0.521326
    outer loop
      vertex 0.299730 0.588254 0.246870
      vertex 0.193376 0.595150 0.190676
      vertex 0.284097 0.557572 0.190676
    endloop
  endfacet
  facet normal -0.353713 -0.853938 0.381676
    outer loop
      vertex 0.284097 0.557572 0.190676
      vertex 0.193376 0.595150 0.190676
      vertex 0.185582 0.571163 0.129787
    endloop
  endfacet
  facet normal -0.353713 -0.853938 0.381676
    outer loop
      vertex 0.284097 0.557572 0.190676
      vertex 0.185582 0.571163 0.129787
      vertex 0.272647 0.535100 0.129787
    endloop
  endfacet
  facet normal -0.372172 -0.898503 0.232765
    outer loop
      vertex 0.272647 0.535100 0.129787
      vertex 0.185582 0.571163 0.129787
      vertex 0.180828 0.556531 0.065702
    endloop
  endfacet
  facet normal -0.372172 -0.898503 0.232765
    outer loop
      vertex 0.272647 0.535100 0.129787
      vertex 0.180828 0.556531 0.065702
      vertex 0.265662 0.521391 0.065702
    endloop
  endfacet
  facet normal -0.381511 -0.921049 0.078219
    outer loop
      vertex 0.265662 0.521391 0.065702
      vertex 0.180828 0.556531 0.065702
      vertex 0.179230 0.551613 0.000000
    endloop
  endfacet
  facet normal -0.381511 -0.921049 0.078219
    outer loop
      vertex 0.265662 0.521391 0.065702
      vertex 0.179230 0.551613 0.000000
      vertex 0.263314 0.516784 0.000000
    endloop
  endfacet
  facet normal -0.381511 -0.921049 -0.078219
    outer loop
      vertex 0.263314 0.516784 0.000000
      vertex 0.179230 0.551613 0.000000
      vertex 0.180828 0.556531 -0.065702
    endloop
  endfacet
  facet normal -0.381511 -0.921049 -0.078219
    outer loop
      vertex 0.263314 0.516784 0.000000
      vertex 0.180828 0.556531 -0.065702
      vertex 0.265662 0.521391 -0.065702
    endloop
  endfacet
  facet normal -0.372172 -0.898503 -0.232765
    outer loop
      vertex 0.265662 0.521391 -0.065702
      vertex 0.180828 0.556531 -0.065702
      vertex 0.185582 0.571163 -0.129787
    endloop
  endfacet
  facet normal -0.372172 -0.898503 -0.232765
    outer loop
      vertex 0.265662 0.521391 -0.065702
      vertex 0.185582 0.571163 -0.129787
      vertex 0.272647 0.535100 -0.129787
    endloop
  endfacet
  facet normal -0.353713 -0.853938 -0.381676
    outer loop
      vertex 0.272647 0.535100 -0.129787
      vertex 0.185582 0.571163 -0.129787
      vertex 0.193376 0.595150 -0.190676
    endloop
  endfacet
  facet normal -0.353713 -0.853938 -0.381676
    outer loop
      vertex 0.272647 0.535100 -0.129787
      vertex 0.193376 0.595150 -0.190676
      vertex 0.284097 0.557572 -0.190676
    endloop
  endfacet
  facet normal -0.326566 -0.788400 -0.521326
    outer loop
      vertex 0.284097 0.557572 -0.190676
      vertex 0.193376 0.595150 -0.190676
      vertex 0.204017 0.627900 -0.246870
    endloop
  endfacet
  facet normal -0.326566 -0.788400 -0.521326
    outer loop
      vertex 0.284097 0.557572 -0.190676
      vertex 0.204017 0.627900 -0.246870
      vertex 0.299730 0.588254 -0.246870
    endloop
  endfacet
  facet normal -0.291373 -0.703437 -0.648288
    outer loop
      vertex 0.299730 0.588254 -0.246870
      vertex 0.204017 0.627900 -0.246870
      vertex 0.217244 0.668607 -0.296985
    endloop
  endfacet
  facet normal -0.291373 -0.703437 -0.648288
    outer loop
      vertex 0.299730 0.588254 -0.246870
      vertex 0.217244 0.668607 -0.296985
      vertex 0.319162 0.626391 -0.296985
    endloop
  endfacet
  facet normal -0.248977 -0.601082 -0.759415
    outer loop
      vertex 0.319162 0.626391 -0.296985
      vertex 0.217244 0.668607 -0.296985
      vertex 0.232730 0.716269 -0.339787
    endloop
  endfacet
  facet normal -0.248977 -0.601082 -0.759415
    outer loop
      vertex 0.319162 0.626391 -0.296985
      vertex 0.232730 0.716269 -0.339787
      vertex 0.341914 0.671044 -0.339787
    endloop
  endfacet
  facet normal -0.200400 -0.483810 -0.851920
    outer loop
      vertex 0.341914 0.671044 -0.339787
      vertex 0.232730 0.716269 -0.339787
      vertex 0.250095 0.769713 -0.374223
    endloop
  endfacet
  facet normal -0.200400 -0.483810 -0.851920
    outer loop
      vertex 0.341914 0.671044 -0.339787
      vertex 0.250095 0.769713 -0.374223
      vertex 0.367425 0.721113 -0.374223
    endloop
  endfacet
  facet normal -0.146833 -0.354486 -0.923461
    outer loop
      vertex 0.367425 0.721113 -0.374223
      vertex 0.250095 0.769713 -0.374223
      vertex 0.268911 0.827622 -0.399444
    endloop
  endfacet
  facet normal -0.146833 -0.354486 -0.923461
    outer loop
      vertex 0.367425 0.721113 -0.374223
      vertex 0.268911 0.827622 -0.399444
      vertex 0.395068 0.775365 -0.399444
    endloop
  endfacet
  facet normal -0.089597 -0.216306 -0.972206
    outer loop
      vertex 0.395068 0.775365 -0.399444
      vertex 0.268911 0.827622 -0.399444
      vertex 0.288714 0.888570 -0.414829
    endloop
  endfacet
  facet normal -0.089597 -0.216306 -0.972206
    outer loop
      vertex 0.395068 0.775365 -0.399444
      vertex 0.288714 0.888570 -0.414829
      vertex 0.424162 0.832465 -0.414829
    endloop
  endfacet
  facet normal -0.030117 -0.072710 -0.996898
    outer loop
      vertex 0.424162 0.832465 -0.414829
      vertex 0.288714 0.888570 -0.414829
      vertex 0.309017 0.951057 -0.420000
    endloop
  endfacet
  facet normal -0.030117 -0.072710 -0.996898
    outer loop
      vertex 0.424162 0.832465 -0.414829
      vertex 0.309017 0.951057 -0.420000
      vertex 0.453990 0.891007 -0.420000
    endloop
  endfacet
  facet normal 0.030117 0.072710 -0.996898
    outer loop
      vertex 0.453990 0.891007 -0.420000
      vertex 0.309017 0.951057 -0.420000
      vertex 0.329320 1.013543 -0.414829
    endloop
  endfacet
  facet normal 0.030117 0.072710 -0.996898
    outer loop
      vertex 0.453990 0.891007 -0.420000
      vertex 0.329320 1.013543 -0.414829
      vertex 0.483819 0.949548 -0.414829
    endloop
  endfacet
  facet normal 0.089597 0.216306 -0.972206
    outer loop
      vertex 0.483819 0.949548 -0.414829
      vertex 0.329320 1.013543 -0.414829
      vertex 0.349123 1.074491 -0.399444
    endloop
  endfacet
  facet normal 0.089597 0.216306 -0.972206
    outer loop
      vertex 0.483819 0.949548 -0.414829
      vertex 0.349123 1.074491 -0.399444
      vertex 0.512913 1.006648 -0.399444
    endloop
  endfacet
  facet normal 0.146833 0.354486 -0.923461
    outer loop
      vertex 0.512913 1.006648 -0.399444
      vertex 0.349123 1.074491 -0.399444
      vertex 0.367939 1.132400 -0.374223
    endloop
  endfacet
  facet normal 0.146833 0.354486 -0.923461
    outer loop
      vertex 0.512913 1.006648 -0.399444
      vertex 0.367939 1.132400 -0.374223
      vertex 0.540556 1.060900 -0.374223
    endloop
  endfacet
  facet normal 0.200400 0.483810 -0.851920
    outer loop
      vertex 0.540556 1.060900 -0.374223
      vertex 0.367939 1.132400 -0.374223
      vertex 0.385304 1.185844 -0.339787
    endloop
  endfacet
  facet normal 0.200400 0.483810 -0.851920
    outer loop
      vertex 0.540556 1.060900 -0.374223
      vertex 0.385304 1.185844 -0.339787
      vertex 0.566067 1.110969 -0.339787
    endloop
  endfacet
  facet normal 0.248977 0.601082 -0.759415
    outer loop
      vertex 0.566067 1.110969 -0.339787
      vertex 0.385304 1.185844 -0.339787
      vertex 0.400790 1.233506 -0.296985
    endloop
  endfacet
  facet normal 0.248977 0.601082 -0.759415
    outer loop
      vertex 0.566067 1.110969 -0.339787
      vertex 0.400790 1.233506 -0.296985
      vertex 0.588819 1.155622 -0.296985
    endloop
  endfacet
  facet normal 0.291373 0.703437 -0.648288
    outer loop
      vertex 0.588819 1.155622 -0.296985
      vertex 0.400790 1.233506 -0.296985
      vertex 0.414017 1.274213 -0.246870
    endloop
  endfacet
  facet normal 0.291373 0.703437 -0.648288
    outer loop
      vertex 0.588819 1.155622 -0.296985
      vertex 0.414017 1.274213 -0.246870
      vertex 0.608251 1.193759 -0.246870
    endloop
  endfacet
  facet normal 0.326566 0.788400 -0.521326
    outer loop
      vertex 0.608251 1.193759 -0.246870
      vertex 0.414017 1.274213 -0.246870
      vertex 0.424658 1.306963 -0.190676
    endloop
  endfacet
  facet normal 0.326566 0.788400 -0.521326
    outer loop
      vertex 0.608251 1.193759 -0.246870
      vertex 0.424658 1.306963 -0.190676
      vertex 0.623884 1.224441 -0.190676
    endloop
  endfacet
  facet normal 0.353713 0.853938 -0.381676
    outer loop
      vertex 0.623884 1.224441 -0.190676
      vertex 0.424658 1.306963 -0.190676
      vertex 0.432452 1.330950 -0.129787
    endloop
  endfacet
  facet normal 0.353713 0.853938 -0.381676
    outer loop
      vertex 0.623884 1.224441 -0.190676
      vertex 0.432452 1.330950 -0.129787
      vertex 0.635334 1.246913 -0.129787
    endloop
  endfacet
  facet normal 0.372172 0.898503 -0.232765
    outer loop
      vertex 0.635334 1.246913 -0.129787
      vertex 0.432452 1.330950 -0.129787
      vertex 0.437206 1.345582 -0.065702
    endloop
  endfacet
  facet normal 0.372172 0.898503 -0.232765
    outer loop
      vertex 0.635334 1.246913 -0.129787
      vertex 0.437206 1.345582 -0.065702
      vertex 0.642319 1.260622 -0.065702
    endloop
  endfacet
  facet normal 0.381511 0.921049 -0.078219
    outer loop
      vertex 0.642319 1.260622 -0.065702
      vertex 0.437206 1.345582 -0.065702
      vertex 0.438804 1.350500 -0.000000
    endloop
  endfacet
  facet normal 0.381511 0.921049 -0.078219
    outer loop
      vertex 0.642319 1.260622 -0.065702
      vertex 0.438804 1.350500 -0.000000
      vertex 0.644667 1.265229 -0.000000
    endloop
  endfacet
  facet normal 0.232730 0.969391 0.078219
    outer loop
      vertex 0.438804 1.350500 0.000000
      vertex 0.222137 1.402517 0.000000
      vertex 0.221328 1.397410 0.065702
    endloop
  endfacet
  facet normal 0.232730 0.969391 0.078219
    outer loop
      vertex 0.438804 1.350500 0.000000
      vertex 0.221328 1.397410 0.065702
      vertex 0.437206 1.345582 0.065702
    endloop
  endfacet
  facet normal 0.227033 0.945662 0.232765
    outer loop
      vertex 0.437206 1.345582 0.065702
      vertex 0.221328 1.397410 0.065702
      vertex 0.218921 1.382214 0.129787
    endloop
  endfacet
  facet normal 0.227033 0.945662 0.232765
    outer loop
      vertex 0.437206 1.345582 0.065702
      vertex 0.218921 1.382214 0.129787
      vertex 0.432452 1.330950 0.129787
    endloop
  endfacet
  facet normal 0.215773 0.898758 0.381676
    outer loop
      vertex 0.432452 1.330950 0.129787
      vertex 0.218921 1.382214 0.129787
      vertex 0.214976 1.357304 0.190676
    endloop
  endfacet
  facet normal 0.215773 0.898758 0.381676
    outer loop
      vertex 0.432452 1.330950 0.129787
      vertex 0.214976 1.357304 0.190676
      vertex 0.424658 1.306963 0.190676
    endloop
  endfacet
  facet normal 0.199212 0.829779 0.521326
    outer loop
      vertex 0.424658 1.306963 0.190676
      vertex 0.214976 1.357304 0.190676
      vertex 0.209589 1.323292 0.246870
    endloop
  endfacet
  facet normal 0.199212 0.829779 0.521326
    outer loop
      vertex 0.424658 1.306963 0.190676
      vertex 0.209589 1.323292 0.246870
      vertex 0.414017 1.274213 0.246870
    endloop
  endfacet
  facet normal 0.177744 0.740358 0.648288
    outer loop
      vertex 0.414017 1.274213 0.246870
      vertex 0.209589 1.323292 0.246870
      vertex 0.202893 1.281017 0.296985
    endloop
  endfacet
  facet normal 0.177744 0.740358 0.648288
    outer loop
      vertex 0.414017 1.274213 0.246870
      vertex 0.202893 1.281017 0.296985
      vertex 0.400790 1.233506 0.296985
    endloop
  endfacet
  facet normal 0.151881 0.632631 0.759415
    outer loop
      vertex 0.400790 1.233506 0.296985
      vertex 0.202893 1.281017 0.296985
      vertex 0.195053 1.231519 0.339787
    endloop
  endfacet
  facet normal 0.151881 0.632631 0.759415
    outer loop
      vertex 0.400790 1.233506 0.296985
      vertex 0.195053 1.231519 0.339787
      vertex 0.385304 1.185844 0.339787
    endloop
  endfacet
  facet normal 0.122249 0.509203 0.851920
    outer loop
      vertex 0.385304 1.185844 0.339787
      vertex 0.195053 1.231519 0.339787
      vertex 0.186263 1.176017 0.374223
    endloop
  endfacet
  facet normal 0.122249 0.509203 0.851920
    outer loop
      vertex 0.385304 1.185844 0.339787
      vertex 0.186263 1.176017 0.374223
      vertex 0.367939 1.132400 0.374223
    endloop
  endfacet
  facet normal 0.089571 0.373091 0.923461
    outer loop
      vertex 0.367939 1.132400 0.374223
      vertex 0.186263 1.176017 0.374223
      vertex 0.176738 1.115878 0.399444
    endloop
  endfacet
  facet normal 0.089571 0.373091 0.923461
    outer loop
      vertex 0.367939 1.132400 0.374223
      vertex 0.176738 1.115878 0.399444
      vertex 0.349123 1.074491 0.399444
    endloop
  endfacet
  facet normal 0.054656 0.227659 0.972206
    outer loop
      vertex 0.349123 1.074491 0.399444
      vertex 0.176738 1.115878 0.399444
      vertex 0.166713 1.052582 0.414829
    endloop
  endfacet
  facet normal 0.054656 0.227659 0.972206
    outer loop
      vertex 0.349123 1.074491 0.399444
      vertex 0.166713 1.052582 0.414829
      vertex 0.329320 1.013543 0.414829
    endloop
  endfacet
  facet normal 0.018372 0.076526 0.996898
    outer loop
      vertex 0.329320 1.013543 0.414829
      vertex 0.166713 1.052582 0.414829
      vertex 0.156434 0.987688 0.420000
    endloop
  endfacet
  facet normal 0.018372 0.076526 0.996898
    outer loop
      vertex 0.329320 1.013543 0.414829
      vertex 0.156434 0.987688 0.420000
      vertex 0.309017 0.951057 0.420000
    endloop
  endfacet
  facet normal -0.018372 -0.076526 0.996898
    outer loop
      vertex 0.309017 0.951057 0.420000
      vertex 0.156434 0.987688 0.420000
      vertex 0.146156 0.922795 0.414829
    endloop
  endfacet
  facet normal -0.018372 -0.076526 0.996898
    outer loop
      vertex 0.309017 0.951057 0.420000
      vertex 0.146156 0.922795 0.414829
      vertex 0.288714 0.888570 0.414829
    endloop
  endfacet
  facet normal -0.054656 -0.227659 0.972206
    outer loop
      vertex 0.288714 0.888570 0.414829
      vertex 0.146156 0.922795 0.414829
      vertex 0.136131 0.859499 0.399444
    endloop
  endfacet
  facet normal -0.054656 -0.227659 0.972206
    outer loop
      vertex 0.288714 0.888570 0.414829
      vertex 0.136131 0.859499 0.399444
      vertex 0.268911 0.827622 0.399444
    endloop
  endfacet
  facet normal -0.089571 -0.373091 0.923461
    outer loop
      vertex 0.268911 0.827622 0.399444
      vertex 0.136131 0.859499 0.399444
      vertex 0.126606 0.799360 0.374223
    endloop
  endfacet
  facet normal -0.089571 -0.373091 0.923461
    outer loop
      vertex 0.268911 0.827622 0.399444
      vertex 0.126606 0.799360 0.374223
      vertex 0.250095 0.769713 0.374223
    endloop
  endfacet
  facet normal -0.122249 -0.509203 0.851920
    outer loop
      vertex 0.250095 0.769713 0.374223
      vertex 0.126606 0.799360 0.374223
      vertex 0.117816 0.743858 0.339787
    endloop
  endfacet
  facet normal -0.122249 -0.509203 0.851920
    outer loop
      vertex 0.250095 0.769713 0.374223
      vertex 0.117816 0.743858 0.339787
      vertex 0.232730 0.716269 0.339787
    endloop
  endfacet
  facet normal -0.151881 -0.632631 0.759415
    outer loop
      vertex 0.232730 0.716269 0.339787
      vertex 0.117816 0.743858 0.339787
      vertex 0.109976 0.694360 0.296985
    endloop
  endfacet
  facet normal -0.151881 -0.632631 0.759415
    outer loop
      vertex 0.232730 0.716269 0.339787
      vertex 0.109976 0.694360 0.296985
      vertex 0.217244 0.668607 0.296985
    endloop
  endfacet
  facet normal -0.177744 -0.740358 0.648288
    outer loop
      vertex 0.217244 0.668607 0.296985
      vertex 0.109976 0.694360 0.296985
      vertex 0.103280 0.652085 0.246870
    endloop
  endfacet
  facet normal -0.177744 -0.740358 0.648288
    outer loop
      vertex 0.217244 0.668607 0.296985
      vertex 0.103280 0.652085 0.246870
      vertex 0.204017 0.627900 0.246870
    endloop
  endfacet
  facet normal -0.199212 -0.829779 0.521326
    outer loop
      vertex 0.204017 0.627900 0.246870
      vertex 0.103280 0.652085 0.246870
      vertex 0.097893 0.618073 0.190676
    endloop
  endfacet
  facet normal -0.199212 -0.829779 0.521326
    outer loop
      vertex 0.204017 0.627900 0.246870
      vertex 0.097893 0.618073 0.190676
      vertex 0.193376 0.595150 0.190676
    endloop
  endfacet
  facet normal -0.215773 -0.898758 0.381676
    outer loop
      vertex 0.193376 0.595150 0.190676
      vertex 0.097893 0.618073 0.190676
      vertex 0.093948 0.593162 0.129787
    endloop
  endfacet
  facet normal -0.215773 -0.898758 0.381676
    outer loop
      vertex 0.193376 0.595150 0.190676
      vertex 0.093948 0.593162 0.129787
      vertex 0.185582 0.571163 0.129787
    endloop
  endfacet
  facet normal -0.227033 -0.945662 0.232765
    outer loop
      vertex 0.185582 0.571163 0.129787
      vertex 0.093948 0.593162 0.129787
      vertex 0.091541 0.577966 0.065702
    endloop
  endfacet
  facet normal -0.227033 -0.945662 0.232765
    outer loop
      vertex 0.185582 0.571163 0.129787
      vertex 0.091541 0.577966 0.065702
      vertex 0.180828 0.556531 0.065702
    endloop
  endfacet
  facet normal -0.232730 -0.969391 0.078219
    outer loop
      vertex 0.180828 0.556531 0.065702
      vertex 0.091541 0.577966 0.065702
      vertex 0.090732 0.572859 0.000000
    endloop
  endfacet
  facet normal -0.232730 -0.969391 0.078219
    outer loop
      vertex 0.180828 0.556531 0.065702
      vertex 0.090732 0.572859 0.000000
      vertex 0.179230 0.551613 0.000000
    endloop
  endfacet
  facet normal -0.232730 -0.969391 -0.078219
    outer loop
      vertex 0.179230 0.551613 0.000000
      vertex 0.090732 0.572859 0.000000
      vertex 0.091541 0.577966 -0.065702
    endloop
  endfacet
  facet normal -0.232730 -0.969391 -0.078219
    outer loop
      vertex 0.179230 0.551613 0.000000
      vertex 0.091541 0.577966 -0.065702
      vertex 0.180828 0.556531 -0.065702
    endloop
  endfacet
  facet normal -0.227033 -0.945662 -0.232765
    outer loop
      vertex 0.180828 0.556531 -0.065702
      vertex 0.091541 0.577966 -0.065702
      vertex 0.093948 0.593162 -0.129787
    endloop
  endfacet
  facet normal -0.227033 -0.945662 -0.232765
    outer loop
      vertex 0.180828 0.556531 -0.065702
      vertex 0.093948 0.593162 -0.129787
      vertex 0.185582 0.571163 -0.129787
    endloop
  endfacet
  facet normal -0.215773 -0.898758 -0.381676
    outer loop
      vertex 0.185582 0.571163 -0.129787
      vertex 0.093948 0.593162 -0.129787
      vertex 0.097893 0.618073 -0.190676
    endloop
  endfacet
  facet normal -0.215773 -0.898758 -0.381676
    outer loop
      vertex 0.185582 0.571163 -0.129787
      vertex 0.097893 0.618073 -0.190676
      vertex 0.193376 0.595150 -0.190676
    endloop
  endfacet
  facet normal -0.199212 -0.829779 -0.521326
    outer loop
      vertex 0.193376 0.595150 -0.190676
      vertex 0.097893 0.618073 -0.190676
      vertex 0.103280 0.652085 -0.246870
    endloop
  endfacet
  facet normal -0.199212 -0.829779 -0.521326
    outer loop
      vertex 0.193376 0.595150 -0.190676
      vertex 0.103280 0.652085 -0.246870
      vertex 0.204017 0.627900 -0.246870
    endloop
  endfacet
  facet normal -0.177744 -0.740358 -0.648288
    outer loop
      vertex 0.204017 0.627900 -0.246870
      vertex 0.103280 0.652085 -0.246870
      vertex 0.109976 0.694360 -0.296985
    endloop
  endfacet
  facet normal -0.177744 -0.740358 -0.648288
    outer loop
      vertex 0.204017 0.627900 -0.246870
      vertex 0.109976 0.694360 -0.296985
      vertex 0.217244 0.668607 -0.296985
    endloop
  endfacet
  facet normal -0.151881 -0.632631 -0.759415
    outer loop
      vertex 0.217244 0.668607 -0.296985
      vertex 0.109976 0.694360 -0.296985
      vertex 0.117816 0.743858 -0.339787
    endloop
  endfacet
  facet normal -0.151881 -0.632631 -0.759415
    outer loop
      vertex 0.217244 0.668607 -0.296985
      vertex 0.117816 0.743858 -0.339787
      vertex 0.232730 0.716269 -0.339787
    endloop
  endfacet
  facet normal -0.122249 -0.509203 -0.851920
    outer loop
      vertex 0.232730 0.716269 -0.339787
      vertex 0.117816 0.743858 -0.339787
      vertex 0.126606 0.799360 -0.374223
    endloop
  endfacet
  facet normal -0.122249 -0.509203 -0.851920
    outer loop
      vertex 0.232730 0.716269 -0.339787
      vertex 0.126606 0.799360 -0.374223
      vertex 0.250095 0.769713 -0.374223
    endloop
  endfacet
  facet normal -0.089571 -0.373091 -0.923461
    outer loop
      vertex 0.250095 0.769713 -0.374223
      vertex 0.126606 0.799360 -0.374223
      vertex 0.136131 0.859499 -0.399444
    endloop
  endfacet
  facet normal -0.089571 -0.373091 -0.923461
    outer loop
      vertex 0.250095 0.769713 -0.374223
      vertex 0.136131 0.859499 -0.399444
      vertex 0.268911 0.827622 -0.399444
    endloop
  endfacet
  facet normal -0.054656 -0.227659 -0.972206
    outer loop
      vertex 0.268911 0.827622 -0.399444
      vertex 0.136131 0.859499 -0.399444
      vertex 0.146156 0.922795 -0.414829
    endloop
  endfacet
  facet normal -0.054656 -0.227659 -0.972206
    outer loop
      vertex 0.268911 0.827622 -0.399444
      vertex 0.146156 0.922795 -0.414829
      vertex 0.288714 0.888570 -0.414829
    endloop
  endfacet
  facet normal -0.018372 -0.076526 -0.996898
    outer loop
      vertex 0.288714 0.888570 -0.414829
      vertex 0.146156 0.922795 -0.414829
      vertex 0.156434 0.987688 -0.420000
    endloop
  endfacet
  facet normal -0.018372 -0.076526 -0.996898
    outer loop
      vertex 0.288714 0.888570 -0.414829
      vertex 0.156434 0.987688 -0.420000
      vertex 0.309017 0.951057 -0.420000
    endloop
  endfacet
  facet normal 0.018372 0.076526 -0.996898
    outer loop
      vertex 0.309017 0.951057 -0.420000
      vertex 0.156434 0.987688 -0.420000
      vertex 0.166713 1.052582 -0.414829
    endloop
  endfacet
  facet normal 0.018372 0.076526 -0.996898
    outer loop
      vertex 0.309017 0.951057 -0.420000
      vertex 0.166713 1.052582 -0.414829
      vertex 0.329320 1.013543 -0.414829
    endloop
  endfacet
  facet normal 0.054656 0.227659 -0.972206
    outer loop
      vertex 0.329320 1.013543 -0.414829
      vertex 0.166713 1.052582 -0.414829
      vertex 0.176738 1.115878 -0.399444
    endloop
  endfacet
  facet normal 0.054656 0.227659 -0.972206
    outer loop
      vertex 0.329320 1.013543 -0.414829
      vertex 0.176738 1.115878 -0.399444
      vertex 0.349123 1.074491 -0.399444
    endloop
  endfacet
  facet normal 0.089571 0.373091 -0.923461
    outer loop
      vertex 0.349123 1.074491 -0.399444
      vertex 0.176738 1.115878 -0.399444
      vertex 0.186263 1.176017 -0.374223
    endloop
  endfacet
  facet normal 0.089571 0.373091 -0.923461
    outer loop
      vertex 0.349123 1.074491 -0.399444
      vertex 0.186263 1.176017 -0.374223
      vertex 0.367939 1.132400 -0.374223
    endloop
  endfacet
  facet normal 0.122249 0.509203 -0.851920
    outer loop
      vertex 0.367939 1.132400 -0.374223
      vertex 0.186263 1.176017 -0.374223
      vertex 0.195053 1.231519 -0.339787
    endloop
  endfacet
  facet normal 0.122249 0.509203 -0.851920
    outer loop
      vertex 0.367939 1.132400 -0.374223
      vertex 0.195053 1.231519 -0.339787
      vertex 0.385304 1.185844 -0.339787
    endloop
  endfacet
  facet normal 0.151881 0.632631 -0.759415
    outer loop
      vertex 0.385304 1.185844 -0.339787
      vertex 0.195053 1.231519 -0.339787
      vertex 0.202893 1.281017 -0.296985
    endloop
  endfacet
  facet normal 0.151881 0.632631 -0.759415
    outer loop
      vertex 0.385304 1.185844 -0.339787
      vertex 0.202893 1.281017 -0.296985
      vertex 0.400790 1.233506 -0.296985
    endloop
  endfacet
  facet normal 0.177744 0.740358 -0.648288
    outer loop
      vertex 0.400790 1.233506 -0.296985
      vertex 0.202893 1.281017 -0.296985
      vertex 0.209589 1.323292 -0.246870
    endloop
  endfacet
  facet normal 0.177744 0.740358 -0.648288
    outer loop
      vertex 0.400790 1.233506 -0.296985
      vertex 0.209589 1.323292 -0.246870
      vertex 0.414017 1.274213 -0.246870
    endloop
  endfacet
  facet normal 0.199212 0.829779 -0.521326
    outer loop
      vertex 0.414017 1.274213 -0.246870
      vertex 0.209589 1.323292 -0.246870
      vertex 0.214976 1.357304 -0.190676
    endloop
  endfacet
  facet normal 0.199212 0.829779 -0.521326
    outer loop
      vertex 0.414017 1.274213 -0.246870
      vertex 0.214976 1.357304 -0.190676
      vertex 0.424658 1.306963 -0.190676
    endloop
  endfacet
  facet normal 0.215773 0.898758 -0.381676
    outer loop
      vertex 0.424658 1.306963 -0.190676
      vertex 0.214976 1.357304 -0.190676
      vertex 0.218921 1.382214 -0.129787
    endloop
  endfacet
  facet normal 0.215773 0.898758 -0.381676
    outer loop
      vertex 0.424658 1.306963 -0.190676
      vertex 0.218921 1.382214 -0.129787
      vertex 0.432452 1.330950 -0.129787
    endloop
  endfacet
  facet normal 0.227033 0.945662 -0.232765
    outer loop
      vertex 0.432452 1.330950 -0.129787
      vertex 0.218921 1.382214 -0.129787
      vertex 0.221328 1.397410 -0.065702
    endloop
  endfacet
  facet normal 0.227033 0.945662 -0.232765
    outer loop
      vertex 0.432452 1.330950 -0.129787
      vertex 0.221328 1.397410 -0.065702
      vertex 0.437206 1.345582 -0.065702
    endloop
  endfacet
  facet normal 0.232730 0.969391 -0.078219
    outer loop
      vertex 0.437206 1.345582 -0.065702
      vertex 0.221328 1.397410 -0.065702
      vertex 0.222137 1.402517 -0.000000
    endloop
  endfacet
  facet normal 0.232730 0.969391 -0.078219
    outer loop
      vertex 0.437206 1.345582 -0.065702
      vertex 0.222137 1.402517 -0.000000
      vertex 0.438804 1.350500 -0.000000
    endloop
  endfacet
  facet normal 0.078219 0.993863 0.078219
    outer loop
      vertex 0.222137 1.402517 0.000000
      vertex 0.000000 1.420000 0.000000
      vertex 0.000000 1.414829 0.065702
    endloop
  endfacet
  facet normal 0.078219 0.993863 0.078219
    outer loop
      vertex 0.222137 1.402517 0.000000
      vertex 0.000000 1.414829 0.065702
      vertex 0.221328 1.397410 0.065702
    endloop
  endfacet
  facet normal 0.076304 0.969535 0.232765
    outer loop
      vertex 0.221328 1.397410 0.065702
      vertex 0.000000 1.414829 0.065702
      vertex 0.000000 1.399444 0.129787
    endloop
  endfacet
  facet normal 0.076304 0.969535 0.232765
    outer loop
      vertex 0.221328 1.397410 0.065702
      vertex 0.000000 1.399444 0.129787
      vertex 0.218921 1.382214 0.129787
    endloop
  endfacet
  facet normal 0.072519 0.921447 0.381676
    outer loop
      vertex 0.218921 1.382214 0.129787
      vertex 0.000000 1.399444 0.129787
      vertex 0.000000 1.374223 0.190676
    endloop
  endfacet
  facet normal 0.072519 0.921447 0.381676
    outer loop
      vertex 0.218921 1.382214 0.129787
      vertex 0.000000 1.374223 0.190676
      vertex 0.214976 1.357304 0.190676
    endloop
  endfacet
  facet normal 0.066954 0.850727 0.521326
    outer loop
      vertex 0.214976 1.357304 0.190676
      vertex 0.000000 1.374223 0.190676
      vertex 0.000000 1.339787 0.246870
    endloop
  endfacet
  facet normal 0.066954 0.850727 0.521326
    outer loop
      vertex 0.214976 1.357304 0.190676
      vertex 0.000000 1.339787 0.246870
      vertex 0.209589 1.323292 0.246870
    endloop
  endfacet
  facet normal 0.059738 0.759048 0.648288
    outer loop
      vertex 0.209589 1.323292 0.246870
      vertex 0.000000 1.339787 0.246870
      vertex 0.000000 1.296985 0.296985
    endloop
  endfacet
  facet normal 0.059738 0.759048 0.648288
    outer loop
      vertex 0.209589 1.323292 0.246870
      vertex 0.000000 1.296985 0.296985
      vertex 0.202893 1.281017 0.296985
    endloop
  endfacet
  facet normal 0.051046 0.648601 0.759415
    outer loop
      vertex 0.202893 1.281017 0.296985
      vertex 0.000000 1.296985 0.296985
      vertex 0.000000 1.246870 0.339787
    endloop
  endfacet
  facet normal 0.051046 0.648601 0.759415
    outer loop
      vertex 0.202893 1.281017 0.296985
      vertex 0.000000 1.246870 0.339787
      vertex 0.195053 1.231519 0.339787
    endloop
  endfacet
  facet normal 0.041087 0.522057 0.851920
    outer loop
      vertex 0.195053 1.231519 0.339787
      vertex 0.000000 1.246870 0.339787
      vertex 0.000000 1.190676 0.374223
    endloop
  endfacet
  facet normal 0.041087 0.522057 0.851920
    outer loop
      vertex 0.195053 1.231519 0.339787
      vertex 0.000000 1.190676 0.374223
      vertex 0.186263 1.176017 0.374223
    endloop
  endfacet
  facet normal 0.030104 0.382510 0.923461
    outer loop
      vertex 0.186263 1.176017 0.374223
      vertex 0.000000 1.190676 0.374223
      vertex 0.000000 1.129787 0.399444
    endloop
  endfacet
  facet normal 0.030104 0.382510 0.923461
    outer loop
      vertex 0.186263 1.176017 0.374223
      vertex 0.000000 1.129787 0.399444
      vertex 0.176738 1.115878 0.399444
    endloop
  endfacet
  facet normal 0.018369 0.233406 0.972206
    outer loop
      vertex 0.176738 1.115878 0.399444
      vertex 0.000000 1.129787 0.399444
      vertex 0.000000 1.065702 0.414829
    endloop
  endfacet
  facet normal 0.018369 0.233406 0.972206
    outer loop
      vertex 0.176738 1.115878 0.399444
      vertex 0.000000 1.065702 0.414829
      vertex 0.166713 1.052582 0.414829
    endloop
  endfacet
  facet normal 0.006175 0.078458 0.996898
    outer loop
      vertex 0.166713 1.052582 0.414829
      vertex 0.000000 1.065702 0.414829
      vertex 0.000000 1.000000 0.420000
    endloop
  endfacet
  facet normal 0.006175 0.078458 0.996898
    outer loop
      vertex 0.166713 1.052582 0.414829
      vertex 0.000000 1.000000 0.420000
      vertex 0.156434 0.987688 0.420000
    endloop
  endfacet
  facet normal -0.006175 -0.078458 0.996898
    outer loop
      vertex 0.156434 0.987688 0.420000
      vertex 0.000000 1.000000 0.420000
      vertex 0.000000 0.934298 0.414829
    endloop
  endfacet
  facet normal -0.006175 -0.078458 0.996898
    outer loop
      vertex 0.156434 0.987688 0.420000
      vertex 0.000000 0.934298 0.414829
      vertex 0.146156 0.922795 0.414829
    endloop
  endfacet
  facet normal -0.018369 -0.233406 0.972206
    outer loop
      vertex 0.146156 0.922795 0.414829
      vertex 0.000000 0.934298 0.414829
      vertex 0.000000 0.870213 0.399444
    endloop
  endfacet
  facet normal -0.018369 -0.233406 0.972206
    outer loop
      vertex 0.146156 0.922795 0.414829
      vertex 0.000000 0.870213 0.399444
      vertex 0.136131 0.859499 0.399444
    endloop
  endfacet
  facet normal -0.030104 -0.382510 0.923461
    outer loop
      vertex 0.136131 0.859499 0.399444
      vertex 0.000000 0.870213 0.399444
      vertex 0.000000 0.809324 0.374223
    endloop
  endfacet
  facet normal -0.030104 -0.382510 0.923461
    outer loop
      vertex 0.136131 0.859499 0.399444
      vertex 0.000000 0.809324 0.374223
      vertex 0.126606 0.799360 0.374223
    endloop
  endfacet
  facet normal -0.041087 -0.522057 0.851920
    outer loop
      vertex 0.126606 0.799360 0.374223
      vertex 0.000000 0.809324 0.374223
      vertex 0.000000 0.753130 0.339787
    endloop
  endfacet
  facet normal -0.041087 -0.522057 0.851920
    outer loop
      vertex 0.126606 0.799360 0.374223
      vertex 0.000000 0.753130 0.339787
      vertex 0.117816 0.743858 0.339787
    endloop
  endfacet
  facet normal -0.051046 -0.648601 0.759415
    outer loop
      vertex 0.117816 0.743858 0.339787
      vertex 0.000000 0.753130 0.339787
      vertex 0.000000 0.703015 0.296985
    endloop
  endfacet
  facet normal -0.051046 -0.648601 0.759415
    outer loop
      vertex 0.117816 0.743858 0.339787
      vertex 0.000000 0.703015 0.296985
      vertex 0.109976 0.694360 0.296985
    endloop
  endfacet
  facet normal -0.059738 -0.759048 0.648288
    outer loop
      vertex 0.109976 0.694360 0.296985
      vertex 0.000000 0.703015 0.296985
      vertex 0.000000 0.660213 0.246870
    endloop
  endfacet
  facet normal -0.059738 -0.759048 0.648288
    outer loop
      vertex 0.109976 0.694360 0.296985
      vertex 0.000000 0.660213 0.246870
      vertex 0.103280 0.652085 0.246870
    endloop
  endfacet
  facet normal -0.066954 -0.850727 0.521326
    outer loop
      vertex 0.103280 0.652085 0.246870
      vertex 0.000000 0.660213 0.246870
      vertex 0.000000 0.625777 0.190676
    endloop
  endfacet
  facet normal -0.066954 -0.850727 0.521326
    outer loop
      vertex 0.103280 0.652085 0.246870
      vertex 0.000000 0.625777 0.190676
      vertex 0.097893 0.618073 0.190676
    endloop
  endfacet
  facet normal -0.072519 -0.921447 0.381676
    outer loop
      vertex 0.097893 0.618073 0.190676
      vertex 0.000000 0.625777 0.190676
      vertex 0.000000 0.600556 0.129787
    endloop
  endfacet
  facet normal -0.072519 -0.921447 0.381676
    outer loop
      vertex 0.097893 0.618073 0.190676
      vertex 0.000000 0.600556 0.129787
      vertex 0.093948 0.593162 0.129787
    endloop
  endfacet
  facet normal -0.076304 -0.969535 0.232765
    outer loop
      vertex 0.093948 0.593162 0.129787
      vertex 0.000000 0.600556 0.129787
      vertex 0.000000 0.585171 0.065702
    endloop
  endfacet
  facet normal -0.076304 -0.969535 0.232765
    outer loop
      vertex 0.093948 0.593162 0.129787
      vertex 0.000000 0.585171 0.065702
      vertex 0.091541 0.577966 0.065702
    endloop
  endfacet
  facet normal -0.078219 -0.993863 0.078219
    outer loop
      vertex 0.091541 0.577966 0.065702
      vertex 0.000000 0.585171 0.065702
      vertex 0.000000 0.580000 0.000000
    endloop
  endfacet
  facet normal -0.078219 -0.993863 0.078219
    outer loop
      vertex 0.091541 0.577966 0.065702
      vertex 0.000000 0.580000 0.000000
      vertex 0.090732 0.572859 0.000000
    endloop
  endfacet
  facet normal -0.078219 -0.993863 -0.078219
    outer loop
      vertex 0.090732 0.572859 0.000000
      vertex 0.000000 0.580000 0.000000
      vertex 0.000000 0.585171 -0.065702
    endloop
  endfacet
  facet normal -0.078219 -0.993863 -0.078219
    outer loop
      vertex 0.090732 0.572859 0.000000
      vertex 0.000000 0.585171 -0.065702
      vertex 0.091541 0.577966 -0.065702
    endloop
  endfacet
  facet normal -0.076304 -0.969535 -0.232765
    outer loop
      vertex 0.091541 0.577966 -0.065702
      vertex 0.000000 0.585171 -0.065702
      vertex 0.000000 0.600556 -0.129787
    endloop
  endfacet
  facet normal -0.076304 -0.969535 -0.232765
    outer loop
      vertex 0.091541 0.577966 -0.065702
      vertex 0.000000 0.600556 -0.129787
      vertex 0.093948 0.593162 -0.129787
    endloop
  endfacet
  facet normal -0.072519 -0.921447 -0.381676
    outer loop
      vertex 0.093948 0.593162 -0.129787
      vertex 0.000000 0.600556 -0.129787
      vertex 0.000000 0.625777 -0.190676
    endloop
  endfacet
  facet normal -0.072519 -0.921447 -0.381676
    outer loop
      vertex 0.093948 0.593162 -0.129787
      vertex 0.000000 0.625777 -0.190676
      vertex 0.097893 0.618073 -0.190676
    endloop
  endfacet
  facet normal -0.066954 -0.850727 -0.521326
    outer loop
      vertex 0.097893 0.618073 -0.190676
      vertex 0.000000 0.625777 -0.190676
      vertex 0.000000 0.660213 -0.246870
    endloop
  endfacet
  facet normal -0.066954 -0.850727 -0.521326
    outer loop
      vertex 0.097893 0.618073 -0.190676
      vertex 0.000000 0.660213 -0.246870
      vertex 0.103280 0.652085 -0.246870
    endloop
  endfacet
  facet normal -0.059738 -0.759048 -0.648288
    outer loop
      vertex 0.103280 0.652085 -0.246870
      vertex 0.000000 0.660213 -0.246870
      vertex 0.000000 0.703015 -0.296985
    endloop
  endfacet
  facet normal -0.059738 -0.759048 -0.648288
    outer loop
      vertex 0.103280 0.652085 -0.246870
      vertex 0.000000 0.703015 -0.296985
      vertex 0.109976 0.694360 -0.296985
    endloop
  endfacet
  facet normal -0.051046 -0.648601 -0.759415
    outer loop
      vertex 0.109976 0.694360 -0.296985
      vertex 0.000000 0.703015 -0.296985
      vertex 0.000000 0.753130 -0.339787
    endloop
  endfacet
  facet normal -0.051046 -0.648601 -0.759415
    outer loop
      vertex 0.109976 0.694360 -0.296985
      vertex 0.000000 0.753130 -0.339787
      vertex 0.117816 0.743858 -0.339787
    endloop
  endfacet
  facet normal -0.041087 -0.522057 -0.851920
    outer loop
      vertex 0.117816 0.743858 -0.339787
      vertex 0.000000 0.753130 -0.339787
      vertex 0.000000 0.809324 -0.374223
    endloop
  endfacet
  facet normal -0.041087 -0.522057 -0.851920
    outer loop
      vertex 0.117816 0.743858 -0.339787
      vertex 0.000000 0.809324 -0.374223
      vertex 0.126606 0.799360 -0.374223
    endloop
  endfacet
  facet normal -0.030104 -0.382510 -0.923461
    outer loop
      vertex 0.126606 0.799360 -0.374223
      vertex 0.000000 0.809324 -0.374223
      vertex 0.000000 0.870213 -0.399444
    endloop
  endfacet
  facet normal -0.030104 -0.382510 -0.923461
    outer loop
      vertex 0.126606 0.799360 -0.374223
      vertex 0.000000 0.870213 -0.399444
      vertex 0.136131 0.859499 -0.399444
    endloop
  endfacet
  facet normal -0.018369 -0.233406 -0.972206
    outer loop
      vertex 0.136131 0.859499 -0.399444
      vertex 0.000000 0.870213 -0.399444
      vertex 0.000000 0.934298 -0.414829
    endloop
  endfacet
  facet normal -0.018369 -0.233406 -0.972206
    outer loop
      vertex 0.136131 0.859499 -0.399444
      vertex 0.000000 0.934298 -0.414829
      vertex 0.146156 0.922795 -0.414829
    endloop
  endfacet
  facet normal -0.006175 -0.078458 -0.996898
    outer loop
      vertex 0.146156 0.922795 -0.414829
      vertex 0.000000 0.934298 -0.414829
      vertex 0.000000 1.000000 -0.420000
    endloop
  endfacet
  facet normal -0.006175 -0.078458 -0.996898
    outer loop
      vertex 0.146156 0.922795 -0.414829
      vertex 0.000000 1.000000 -0.420000
      vertex 0.156434 0.987688 -0.420000
    endloop
  endfacet
  facet normal 0.006175 0.078458 -0.996898
    outer loop
      vertex 0.156434 0.987688 -0.420000
      vertex 0.000000 1.000000 -0.420000
      vertex 0.000000 1.065702 -0.414829
    endloop
  endfacet
  facet normal 0.006175 0.078458 -0.996898
    outer loop
      vertex 0.156434 0.987688 -0.420000
      vertex 0.000000 1.065702 -0.414829
      vertex 0.166713 1.052582 -0.414829
    endloop
  endfacet
  facet normal 0.018369 0.233406 -0.972206
    outer loop
      vertex 0.166713 1.052582 -0.414829
      vertex 0.000000 1.065702 -0.414829
      vertex 0.000000 1.129787 -0.399444
    endloop
  endfacet
  facet normal 0.018369 0.233406 -0.972206
    outer loop
      vertex 0.166713 1.052582 -0.414829
      vertex 0.000000 1.129787 -0.399444
      vertex 0.176738 1.115878 -0.399444
    endloop
  endfacet
  facet normal 0.030104 0.382510 -0.923461
    outer loop
      vertex 0.176738 1.115878 -0.399444
      vertex 0.000000 1.129787 -0.399444
      vertex 0.000000 1.190676 -0.374223
    endloop
  endfacet
  facet normal 0.030104 0.382510 -0.923461
    outer loop
      vertex 0.176738 1.115878 -0.399444
      vertex 0.000000 1.190676 -0.374223
      vertex 0.186263 1.176017 -0.374223
    endloop
  endfacet
  facet normal 0.041087 0.522057 -0.851920
    outer loop
      vertex 0.186263 1.176017 -0.374223
      vertex 0.000000 1.190676 -0.374223
      vertex 0.000000 1.246870 -0.339787
    endloop
  endfacet
  facet normal 0.041087 0.522057 -0.851920
    outer loop
      vertex 0.186263 1.176017 -0.374223
      vertex 0.000000 1.246870 -0.339787
      vertex 0.195053 1.231519 -0.339787
    endloop
  endfacet
  facet normal 0.051046 0.648601 -0.759415
    outer loop
      vertex 0.195053 1.231519 -0.339787
      vertex 0.000000 1.246870 -0.339787
      vertex 0.000000 1.296985 -0.296985
    endloop
  endfacet
  facet normal 0.051046 0.648601 -0.759415
    outer loop
      vertex 0.195053 1.231519 -0.339787
      vertex 0.000000 1.296985 -0.296985
      vertex 0.202893 1.281017 -0.296985
    endloop
  endfacet
  facet normal 0.059738 0.759048 -0.648288
    outer loop
      vertex 0.202893 1.281017 -0.296985
      vertex 0.000000 1.296985 -0.296985
      vertex 0.000000 1.339787 -0.246870
    endloop
  endfacet
  facet normal 0.059738 0.759048 -0.648288
    outer loop
      vertex 0.202893 1.281017 -0.296985
      vertex 0.000000 1.339787 -0.246870
      vertex 0.209589 1.323292 -0.246870
    endloop
  endfacet
  facet normal 0.066954 0.850727 -0.521326
    outer loop
      vertex 0.209589 1.323292 -0.246870
      vertex 0.000000 1.339787 -0.246870
      vertex 0.000000 1.374223 -0.190676
    endloop
  endfacet
  facet normal 0.066954 0.850727 -0.521326
    outer loop
      vertex 0.209589 1.323292 -0.246870
      vertex 0.000000 1.374223 -0.190676
      vertex 0.214976 1.357304 -0.190676
    endloop
  endfacet
  facet normal 0.072519 0.921447 -0.381676
    outer loop
      vertex 0.214976 1.357304 -0.190676
      vertex 0.000000 1.374223 -0.190676
      vertex 0.000000 1.399444 -0.129787
    endloop
  endfacet
  facet normal 0.072519 0.921447 -0.381676
    outer loop
      vertex 0.214976 1.357304 -0.190676
      vertex 0.000000 1.399444 -0.129787
      vertex 0.218921 1.382214 -0.129787
    endloop
  endfacet
  facet normal 0.076304 0.969535 -0.232765
    outer loop
      vertex 0.218921 1.382214 -0.129787
      vertex 0.000000 1.399444 -0.129787
      vertex 0.000000 1.414829 -0.065702
    endloop
  endfacet
  facet normal 0.076304 0.969535 -0.232765
    outer loop
      vertex 0.218921 1.382214 -0.129787
      vertex 0.000000 1.414829 -0.065702
      vertex 0.221328 1.397410 -0.065702
    endloop
  endfacet
  facet normal 0.078219 0.993863 -0.078219
    outer loop
      vertex 0.221328 1.397410 -0.065702
      vertex 0.000000 1.414829 -0.065702
      vertex 0.000000 1.420000 -0.000000
    endloop
  endfacet
  facet normal 0.078219 0.993863 -0.078219
    outer loop
      vertex 0.221328 1.397410 -0.065702
      vertex 0.000000 1.420000 -0.000000
      vertex 0.222137 1.402517 -0.000000
    endloop
  endfacet
  facet normal -0.078219 0.993863 0.078219
    outer loop
      vertex 0.000000 1.420000 0.000000
      vertex -0.222137 1.402517 0.000000
      vertex -0.221328 1.397410 0.065702
    endloop
  endfacet
  facet normal -0.078219 0.993863 0.078219
    outer loop
      vertex 0.000000 1.420000 0.000000
      vertex -0.221328 1.397410 0.065702
      vertex 0.000000 1.414829 0.065702
    endloop
  endfacet
  facet normal -0.076304 0.969535 0.232765
    outer loop
      vertex 0.000000 1.414829 0.065702
      vertex -0.221328 1.397410 0.065702
      vertex -0.218921 1.382214 0.129787
    endloop
  endfacet
  facet normal -0.076304 0.969535 0.232765
    outer loop
      vertex 0.000000 1.414829 0.065702
      vertex -0.218921 1.382214 0.129787
      vertex 0.000000 1.399444 0.129787
    endloop
  endfacet
  facet normal -0.072519 0.921447 0.381676
    outer loop
      vertex 0.000000 1.399444 0.129787
      vertex -0.218921 1.382214 0.129787
      vertex -0.214976 1.357304 0.190676
    endloop
  endfacet
  facet normal -0.072519 0.921447 0.381676
    outer loop
      vertex 0.000000 1.399444 0.129787
      vertex -0.214976 1.357304 0.190676
      vertex 0.000000 1.374223 0.190676
    endloop
  endfacet
  facet normal -0.066954 0.850727 0.521326
    outer loop
      vertex 0.000000 1.374223 0.190676
      vertex -0.214976 1.357304 0.190676
      vertex -0.209589 1.323292 0.246870
    endloop
  endfacet
  facet normal -0.066954 0.850727 0.521326
    outer loop
      vertex 0.000000 1.374223 0.190676
      vertex -0.209589 1.323292 0.246870
      vertex 0.000000 1.339787 0.246870
    endloop
  endfacet
  facet normal -0.059738 0.759048 0.648288
    outer loop
      vertex 0.000000 1.339787 0.246870
      vertex -0.209589 1.323292 0.246870
      vertex -0.202893 1.281017 0.296985
    endloop
  endfacet
  facet normal -0.059738 0.759048 0.648288
    outer loop
      vertex 0.000000 1.339787 0.246870
      vertex -0.202893 1.281017 0.296985
      vertex 0.000000 1.296985 0.296985
    endloop
  endfacet
  facet normal -0.051046 0.648601 0.759415
    outer loop
      vertex 0.000000 1.296985 0.296985
      vertex -0.202893 1.281017 0.296985
      vertex -0.195053 1.231519 0.339787
    endloop
  endfacet
  facet normal -0.051046 0.648601 0.759415
    outer loop
      vertex 0.000000 1.296985 0.296985
      vertex -0.195053 1.231519 0.339787
      vertex 0.000000 1.246870 0.339787
    endloop
  endfacet
  facet normal -0.041087 0.522057 0.851920
    outer loop
      vertex 0.000000 1.246870 0.339787
      vertex -0.195053 1.231519 0.339787
      vertex -0.186263 1.176017 0.374223
    endloop
  endfacet
  facet normal -0.041087 0.522057 0.851920
    outer loop
      vertex 0.000000 1.246870 0.339787
      vertex -0.186263 1.176017 0.374223
      vertex 0.000000 1.190676 0.374223
    endloop
  endfacet
  facet normal -0.030104 0.382510 0.923461
    outer loop
      vertex 0.000000 1.190676 0.374223
      vertex -0.186263 1.176017 0.374223
      vertex -0.176738 1.115878 0.399444
    endloop
  endfacet
  facet normal -0.030104 0.382510 0.923461
    outer loop
      vertex 0.000000 1.190676 0.374223
      vertex -0.176738 1.115878 0.399444
      vertex 0.000000 1.129787 0.399444
    endloop
  endfacet
  facet normal -0.018369 0.233406 0.972206
    outer loop
      vertex 0.000000 1.129787 0.399444
      vertex -0.176738 1.115878 0.399444
      vertex -0.166713 1.052582 0.414829
    endloop
  endfacet
  facet normal -0.018369 0.233406 0.972206
    outer loop
      vertex 0.000000 1.129787 0.399444
      vertex -0.166713 1.052582 0.414829
      vertex 0.000000 1.065702 0.414829
    endloop
  endfacet
  facet normal -0.006175 0.078458 0.996898
    outer loop
      vertex 0.000000 1.065702 0.414829
      vertex -0.166713 1.052582 0.414829
      vertex -0.156434 0.987688 0.420000
    endloop
  endfacet
  facet normal -0.006175 0.078458 0.996898
    outer loop
      vertex 0.000000 1.065702 0.414829
      vertex -0.156434 0.987688 0.420000
      vertex 0.000000 1.000000 0.420000
    endloop
  endfacet
  facet normal 0.006175 -0.078458 0.996898
    outer loop
      vertex 0.000000 1.000000 0.420000
      vertex -0.156434 0.987688 0.420000
      vertex -0.146156 0.922795 0.414829
    endloop
  endfacet
  facet normal 0.006175 -0.078458 0.996898
    outer loop
      vertex 0.000000 1.000000 0.420000
      vertex -0.146156 0.922795 0.414829
      vertex 0.000000 0.934298 0.414829
    endloop
  endfacet
  facet normal 0.018369 -0.233406 0.972206
    outer loop
      vertex 0.000000 0.934298 0.414829
      vertex -0.146156 0.922795 0.414829
      vertex -0.136131 0.859499 0.399444
    endloop
  endfacet
  facet normal 0.018369 -0.233406 0.972206
    outer loop
      vertex 0.000000 0.934298 0.414829
      vertex -0.136131 0.859499 0.399444
      vertex 0.000000 0.870213 0.399444
    endloop
  endfacet
  facet normal 0.030104 -0.382510 0.923461
    outer loop
      vertex 0.000000 0.870213 0.399444
      vertex -0.136131 0.859499 0.399444
      vertex -0.126606 0.799360 0.374223
    endloop
  endfacet
  facet normal 0.030104 -0.382510 0.923461
    outer loop
      vertex 0.000000 0.870213 0.399444
      vertex -0.126606 0.799360 0.374223
      vertex 0.000000 0.809324 0.374223
    endloop
  endfacet
  facet normal 0.041087 -0.522057 0.851920
    outer loop
      vertex 0.000000 0.809324 0.374223
      vertex -0.126606 0.799360 0.374223
      vertex -0.117816 0.743858 0.339787
    endloop
  endfacet
  facet normal 0.041087 -0.522057 0.851920
    outer loop
      vertex 0.000000 0.809324 0.374223
      vertex -0.117816 0.743858 0.339787
      vertex 0.000000 0.753130 0.339787
    endloop
  endfacet
  facet normal 0.051046 -0.648601 0.759415
    outer loop
      vertex 0.000000 0.753130 0.339787
      vertex -0.117816 0.743858 0.339787
      vertex -0.109976 0.694360 0.296985
    endloop
  endfacet
  facet normal 0.051046 -0.648601 0.759415
    outer loop
      vertex 0.000000 0.753130 0.339787
      vertex -0.109976 0.694360 0.296985
      vertex 0.000000 0.703015 0.296985
    endloop
  endfacet
  facet normal 0.059738 -0.759048 0.648288
    outer loop
      vertex 0.000000 0.703015 0.296985
      vertex -0.109976 0.694360 0.296985
      vertex -0.103280 0.652085 0.246870
    endloop
  endfacet
  facet normal 0.059738 -0.759048 0.648288
    outer loop
      vertex 0.000000 0.703015 0.296985
      vertex -0.103280 0.652085 0.246870
      vertex 0.000000 0.660213 0.246870
    endloop
  endfacet
  facet normal 0.066954 -0.850727 0.521326
    outer loop
      vertex 0.000000 0.660213 0.246870
      vertex -0.103280 0.652085 0.246870
      vertex -0.097893 0.618073 0.190676
    endloop
  endfacet
  facet normal 0.066954 -0.850727 0.521326
    outer loop
      vertex 0.000000 0.660213 0.246870
      vertex -0.097893 0.618073 0.190676
      vertex 0.000000 0.625777 0.190676
    endloop
  endfacet
  facet normal 0.072519 -0.921447 0.381676
    outer loop
      vertex 0.000000 0.625777 0.190676
      vertex -0.097893 0.618073 0.190676
      vertex -0.093948 0.593162 0.129787
    endloop
  endfacet
  facet normal 0.072519 -0.921447 0.381676
    outer loop
      vertex 0.000000 0.625777 0.190676
      vertex -0.093948 0.593162 0.129787
      vertex 0.000000 0.600556 0.129787
    endloop
  endfacet
  facet normal 0.076304 -0.969535 0.232765
    outer loop
      vertex 0.000000 0.600556 0.129787
      vertex -0.093948 0.593162 0.129787
      vertex -0.091541 0.577966 0.065702
    endloop
  endfacet
  facet normal 0.076304 -0.969535 0.232765
    outer loop
      vertex 0.000000 0.600556 0.129787
      vertex -0.091541 0.577966 0.065702
      vertex 0.000000 0.585171 0.065702
    endloop
  endfacet
  facet normal 0.078219 -0.993863 0.078219
    outer loop
      vertex 0.000000 0.585171 0.065702
      vertex -0.091541 0.577966 0.065702
      vertex -0.090732 0.572859 0.000000
    endloop
  endfacet
  facet normal 0.078219 -0.993863 0.078219
    outer loop
      vertex 0.000000 0.585171 0.065702
      vertex -0.090732 0.572859 0.000000
      vertex 0.000000 0.580000 0.000000
    endloop
  endfacet
  facet normal 0.078219 -0.993863 -0.078219
    outer loop
      vertex 0.000000 0.580000 0.000000
      vertex -0.090732 0.572859 0.000000
      vertex -0.091541 0.577966 -0.065702
    endloop
  endfacet
  facet normal 0.078219 -0.993863 -0.078219
    outer loop
      vertex 0.000000 0.580000 0.000000
      vertex -0.091541 0.577966 -0.065702
      vertex 0.000000 0.585171 -0.065702
    endloop
  endfacet
  facet normal 0.076304 -0.969535 -0.232765
    outer loop
      vertex 0.000000 0.585171 -0.065702
      vertex -0.091541 0.577966 -0.065702
      vertex -0.093948 0.593162 -0.129787
    endloop
  endfacet
  facet normal 0.076304 -0.969535 -0.232765
    outer loop
      vertex 0.000000 0.585171 -0.065702
      vertex -0.093948 0.593162 -0.129787
      vertex 0.000000 0.600556 -0.129787
    endloop
  endfacet
  facet normal 0.072519 -0.921447 -0.381676
    outer loop
      vertex 0.000000 0.600556 -0.129787
      vertex -0.093948 0.593162 -0.129787
      vertex -0.097893 0.618073 -0.190676
    endloop
  endfacet
  facet normal 0.072519 -0.921447 -0.381676
    outer loop
      vertex 0.000000 0.600556 -0.129787
      vertex -0.097893 0.618073 -0.190676
      vertex 0.000000 0.625777 -0.190676
    endloop
  endfacet
  facet normal 0.066954 -0.850727 -0.521326
    outer loop
      vertex 0.000000 0.625777 -0.190676
      vertex -0.097893 0.618073 -0.190676
      vertex -0.103280 0.652085 -0.246870
    endloop
  endfacet
  facet normal 0.066954 -0.850727 -0.521326
    outer loop
      vertex 0.000000 0.625777 -0.190676
      vertex -0.103280 0.652085 -0.246870
      vertex 0.000000 0.660213 -0.246870
    endloop
  endfacet
  facet normal 0.059738 -0.759048 -0.648288
    outer loop
      vertex 0.000000 0.660213 -0.246870
      vertex -0.103280 0.652085 -0.246870
      vertex -0.109976 0.694360 -0.296985
    endloop
  endfacet
  facet normal 0.059738 -0.759048 -0.648288
    outer loop
      vertex 0.000000 0.660213 -0.246870
      vertex -0.109976 0.694360 -0.296985
      vertex 0.000000 0.703015 -0.296985
    endloop
  endfacet
  facet normal 0.051046 -0.648601 -0.759415
    outer loop
      vertex 0.000000 0.703015 -0.296985
      vertex -0.109976 0.694360 -0.296985
      vertex -0.117816 0.743858 -0.339787
    endloop
  endfacet
  facet normal 0.051046 -0.648601 -0.759415
    outer loop
      vertex 0.000000 0.703015 -0.296985
      vertex -0.117816 0.743858 -0.339787
      vertex 0.000000 0.753130 -0.339787
    endloop
  endfacet
  facet normal 0.041087 -0.522057 -0.851920
    outer loop
      vertex 0.000000 0.753130 -0.339787
      vertex -0.117816 0.743858 -0.339787
      vertex -0.126606 0.799360 -0.374223
    endloop
  endfacet
  facet normal 0.041087 -0.522057 -0.851920
    outer loop
      vertex 0.000000 0.753130 -0.339787
      vertex -0.126606 0.799360 -0.374223
      vertex 0.000000 0.809324 -0.374223
    endloop
  endfacet
  facet normal 0.030104 -0.382510 -0.923461
    outer loop
      vertex 0.000000 0.809324 -0.374223
      vertex -0.126606 0.799360 -0.374223
      vertex -0.136131 0.859499 -0.399444
    endloop
  endfacet
  facet normal 0.030104 -0.382510 -0.923461
    outer loop
      vertex 0.000000 0.809324 -0.374223
      vertex -0.136131 0.859499 -0.399444
      vertex 0.000000 0.870213 -0.399444
    endloop
  endfacet
  facet normal 0.018369 -0.233406 -0.972206
    outer loop
      vertex 0.000000 0.870213 -0.399444
      vertex -0.136131 0.859499 -0.399444
      vertex -0.146156 0.922795 -0.414829
    endloop
  endfacet
  facet normal 0.018369 -0.233406 -0.972206
    outer loop
      vertex 0.000000 0.870213 -0.399444
      vertex -0.146156 0.922795 -0.414829
      vertex 0.000000 0.934298 -0.414829
    endloop
  endfacet
  facet normal 0.006175 -0.078458 -0.996898
    outer loop
      vertex 0.000000 0.934298 -0.414829
      vertex -0.146156 0.922795 -0.414829
      vertex -0.156434 0.987688 -0.420000
    endloop
  endfacet
  facet normal 0.006175 -0.078458 -0.996898
    outer loop
      vertex 0.000000 0.934298 -0.414829
      vertex -0.156434 0.987688 -0.420000
      vertex 0.000000 1.000000 -0.420000
    endloop
  endfacet
  facet normal -0.006175 0.078458 -0.996898
    outer loop
      vertex 0.000000 1.000000 -0.420000
      vertex -0.156434 0.987688 -0.420000
      vertex -0.166713 1.052582 -0.414829
    endloop
  endfacet
  facet normal -0.006175 0.078458 -0.996898
    outer loop
      vertex 0.000000 1.000000 -0.420000
      vertex -0.166713 1.052582 -0.414829
      vertex 0.000000 1.065702 -0.414829
    endloop
  endfacet
  facet normal -0.018369 0.233406 -0.972206
    outer loop
      vertex 0.000000 1.065702 -0.414829
      vertex -0.166713 1.052582 -0.414829
      vertex -0.176738 1.115878 -0.399444
    endloop
  endfacet
  facet normal -0.018369 0.233406 -0.972206
    outer loop
      vertex 0.000000 1.065702 -0.414829
      vertex -0.176738 1.115878 -0.399444
      vertex 0.000000 1.129787 -0.399444
    endloop
  endfacet
  facet normal -0.030104 0.382510 -0.923461
    outer loop
      vertex 0.000000 1.129787 -0.399444
      vertex -0.176738 1.115878 -0.399444
      vertex -0.186263 1.176017 -0.374223
    endloop
  endfacet
  facet normal -0.030104 0.382510 -0.923461
    outer loop
      vertex 0.000000 1.129787 -0.399444
      vertex -0.186263 1.176017 -0.374223
      vertex 0.000000 1.190676 -0.374223
    endloop
  endfacet
  facet normal -0.041087 0.522057 -0.851920
    outer loop
      vertex 0.000000 1.190676 -0.374223
      vertex -0.186263 1.176017 -0.374223
      vertex -0.195053 1.231519 -0.339787
    endloop
  endfacet
  facet normal -0.041087 0.522057 -0.851920
    outer loop
      vertex 0.000000 1.190676 -0.374223
      vertex -0.195053 1.231519 -0.339787
      vertex 0.000000 1.246870 -0.339787
    endloop
  endfacet
  facet normal -0.051046 0.648601 -0.759415
    outer loop
      vertex 0.000000 1.246870 -0.339787
      vertex -0.195053 1.231519 -0.339787
      vertex -0.202893 1.281017 -0.296985
    endloop
  endfacet
  facet normal -0.051046 0.648601 -0.759415
    outer loop
      vertex 0.000000 1.246870 -0.339787
      vertex -0.202893 1.281017 -0.296985
      vertex 0.000000 1.296985 -0.296985
    endloop
  endfacet
  facet normal -0.059738 0.759048 -0.648288
    outer loop
      vertex 0.000000 1.296985 -0.296985
      vertex -0.202893 1.281017 -0.296985
      vertex -0.209589 1.323292 -0.246870
    endloop
  endfacet
  facet normal -0.059738 0.759048 -0.648288
    outer loop
      vertex 0.000000 1.296985 -0.296985
      vertex -0.209589 1.323292 -0.246870
      vertex 0.000000 1.339787 -0.246870
    endloop
  endfacet
  facet normal -0.066954 0.850727 -0.521326
    outer loop
      vertex 0.000000 1.339787 -0.246870
      vertex -0.209589 1.323292 -0.246870
      vertex -0.214976 1.357304 -0.190676
    endloop
  endfacet
  facet normal -0.066954 0.850727 -0.521326
    outer loop
      vertex 0.000000 1.339787 -0.246870
      vertex -0.214976 1.357304 -0.190676
      vertex 0.000000 1.374223 -0.190676
    endloop
  endfacet
  facet normal -0.072519 0.921447 -0.381676
    outer loop
      vertex 0.000000 1.374223 -0.190676
      vertex -0.214976 1.357304 -0.190676
      vertex -0.218921 1.382214 -0.129787
    endloop
  endfacet
  facet normal -0.072519 0.921447 -0.381676
    outer loop
      vertex 0.000000 1.374223 -0.190676
      vertex -0.218921 1.382214 -0.129787
      vertex 0.000000 1.399444 -0.129787
    endloop
  endfacet
  facet normal -0.076304 0.969535 -0.232765
    outer loop
      vertex 0.000000 1.399444 -0.129787
      vertex -0.218921 1.382214 -0.129787
      vertex -0.221328 1.397410 -0.065702
    endloop
  endfacet
  facet normal -0.076304 0.969535 -0.232765
    outer loop
      vertex 0.000000 1.399444 -0.129787
      vertex -0.221328 1.397410 -0.065702
      vertex 0.000000 1.414829 -0.065702
    endloop
  endfacet
  facet normal -0.078219 0.993863 -0.078219
    outer loop
      vertex 0.000000 1.414829 -0.065702
      vertex -0.221328 1.397410 -0.065702
      vertex -0.222137 1.402517 -0.000000
    endloop
  endfacet
  facet normal -0.078219 0.993863 -0.078219
    outer loop
      vertex 0.000000 1.414829 -0.065702
      vertex -0.222137 1.402517 -0.000000
      vertex 0.000000 1.420000 -0.000000
    endloop
  endfacet
  facet normal -0.232730 0.969391 0.078219
    outer loop
      vertex -0.222137 1.402517 0.000000
      vertex -0.438804 1.350500 0.000000
      vertex -0.437206 1.345582 0.065702
    endloop
  endfacet
  facet normal -0.232730 0.969391 0.078219
    outer loop
      vertex -0.222137 1.402517 0.000000
      vertex -0.437206 1.345582 0.065702
      vertex -0.221328 1.397410 0.065702
    endloop
  endfacet
  facet normal -0.227033 0.945662 0.232765
    outer loop
      vertex -0.221328 1.397410 0.065702
      vertex -0.437206 1.345582 0.065702
      vertex -0.432452 1.330950 0.129787
    endloop
  endfacet
  facet normal -0.227033 0.945662 0.232765
    outer loop
      vertex -0.221328 1.397410 0.065702
      vertex -0.432452 1.330950 0.129787
      vertex -0.218921 1.382214 0.129787
    endloop
  endfacet
  facet normal -0.215773 0.898758 0.381676
    outer loop
      vertex -0.218921 1.382214 0.129787
      vertex -0.432452 1.330950 0.129787
      vertex -0.424658 1.306963 0.190676
    endloop
  endfacet
  facet normal -0.215773 0.898758 0.381676
    outer loop
      vertex -0.218921 1.382214 0.129787
      vertex -0.424658 1.306963 0.190676
      vertex -0.214976 1.357304 0.190676
    endloop
  endfacet
  facet normal -0.199212 0.829779 0.521326
    outer loop
      vertex -0.214976 1.357304 0.190676
      vertex -0.424658 1.306963 0.190676
      vertex -0.414017 1.274213 0.246870
    endloop
  endfacet
  facet normal -0.199212 0.829779 0.521326
    outer loop
      vertex -0.214976 1.357304 0.190676
      vertex -0.414017 1.274213 0.246870
      vertex -0.209589 1.323292 0.246870
    endloop
  endfacet
  facet normal -0.177744 0.740358 0.648288
    outer loop
      vertex -0.209589 1.323292 0.246870
      vertex -0.414017 1.274213 0.246870
      vertex -0.400790 1.233506 0.296985
    endloop
  endfacet
  facet normal -0.177744 0.740358 0.648288
    outer loop
      vertex -0.209589 1.323292 0.246870
      vertex -0.400790 1.233506 0.296985
      vertex -0.202893 1.281017 0.296985
    endloop
  endfacet
  facet normal -0.151881 0.632631 0.759415
    outer loop
      vertex -0.202893 1.281017 0.296985
      vertex -0.400790 1.233506 0.296985
      vertex -0.385304 1.185844 0.339787
    endloop
  endfacet
  facet normal -0.151881 0.632631 0.759415
    outer loop
      vertex -0.202893 1.281017 0.296985
      vertex -0.385304 1.185844 0.339787
      vertex -0.195053 1.231519 0.339787
    endloop
  endfacet
  facet normal -0.122249 0.509203 0.851920
    outer loop
      vertex -0.195053 1.231519 0.339787
      vertex -0.385304 1.185844 0.339787
      vertex -0.367939 1.132400 0.374223
    endloop
  endfacet
  facet normal -0.122249 0.509203 0.851920
    outer loop
      vertex -0.195053 1.231519 0.339787
      vertex -0.367939 1.132400 0.374223
      vertex -0.186263 1.176017 0.374223
    endloop
  endfacet
  facet normal -0.089571 0.373091 0.923461
    outer loop
      vertex -0.186263 1.176017 0.374223
      vertex -0.367939 1.132400 0.374223
      vertex -0.349123 1.074491 0.399444
    endloop
  endfacet
  facet normal -0.089571 0.373091 0.923461
    outer loop
      vertex -0.186263 1.176017 0.374223
      vertex -0.349123 1.074491 0.399444
      vertex -0.176738 1.115878 0.399444
    endloop
  endfacet
  facet normal -0.054656 0.227659 0.972206
    outer loop
      vertex -0.176738 1.115878 0.399444
      vertex -0.349123 1.074491 0.399444
      vertex -0.329320 1.013543 0.414829
    endloop
  endfacet
  facet normal -0.054656 0.227659 0.972206
    outer loop
      vertex -0.176738 1.115878 0.399444
      vertex -0.329320 1.013543 0.414829
      vertex -0.166713 1.052582 0.414829
    endloop
  endfacet
  facet normal -0.018372 0.076526 0.996898
    outer loop
      vertex -0.166713 1.052582 0.414829
      vertex -0.329320 1.013543 0.414829
      vertex -0.309017 0.951057 0.420000
    endloop
  endfacet
  facet normal -0.018372 0.076526 0.996898
    outer loop
      vertex -0.166713 1.052582 0.414829
      vertex -0.309017 0.951057 0.420000
      vertex -0.156434 0.987688 0.420000
    endloop
  endfacet
  facet normal 0.018372 -0.076526 0.996898
    outer loop
      vertex -0.156434 0.987688 0.420000
      vertex -0.309017 0.951057 0.420000
      vertex -0.288714 0.888570 0.414829
    endloop
  endfacet
  facet normal 0.018372 -0.076526 0.996898
    outer loop
      vertex -0.156434 0.987688 0.420000
      vertex -0.288714 0.888570 0.414829
      vertex -0.146156 0.922795 0.414829
    endloop
  endfacet
  facet normal 0.054656 -0.227659 0.972206
    outer loop
      vertex -0.146156 0.922795 0.414829
      vertex -0.288714 0.888570 0.414829
      vertex -0.268911 0.827622 0.399444
    endloop
  endfacet
  facet normal 0.054656 -0.227659 0.972206
    outer loop
      vertex -0.146156 0.922795 0.414829
      vertex -0.268911 0.827622 0.399444
      vertex -0.136131 0.859499 0.399444
    endloop
  endfacet
  facet normal 0.089571 -0.373091 0.923461
    outer loop
      vertex -0.136131 0.859499 0.399444
      vertex -0.268911 0.827622 0.399444
      vertex -0.250095 0.769713 0.374223
    endloop
  endfacet
  facet normal 0.089571 -0.373091 0.923461
    outer loop
      vertex -0.136131 0.859499 0.399444
      vertex -0.250095 0.769713 0.374223
      vertex -0.126606 0.799360 0.374223
    endloop
  endfacet
  facet normal 0.122249 -0.509203 0.851920
    outer loop
      vertex -0.126606 0.799360 0.374223
      vertex -0.250095 0.769713 0.374223
      vertex -0.232730 0.716269 0.339787
    endloop
  endfacet
  facet normal 0.122249 -0.509203 0.851920
    outer loop
      vertex -0.126606 0.799360 0.374223
      vertex -0.232730 0.716269 0.339787
      vertex -0.117816 0.743858 0.339787
    endloop
  endfacet
  facet normal 0.151881 -0.632631 0.759415
    outer loop
      vertex -0.117816 0.743858 0.339787
      vertex -0.232730 0.716269 0.339787
      vertex -0.217244 0.668607 0.296985
    endloop
  endfacet
  facet normal 0.151881 -0.632631 0.759415
    outer loop
      vertex -0.117816 0.743858 0.339787
      vertex -0.217244 0.668607 0.296985
      vertex -0.109976 0.694360 0.296985
    endloop
  endfacet
  facet normal 0.177744 -0.740358 0.648288
    outer loop
      vertex -0.109976 0.694360 0.296985
      vertex -0.217244 0.668607 0.296985
      vertex -0.204017 0.627900 0.246870
    endloop
  endfacet
  facet normal 0.177744 -0.740358 0.648288
    outer loop
      vertex -0.109976 0.694360 0.296985
      vertex -0.204017 0.627900 0.246870
      vertex -0.103280 0.652085 0.246870
    endloop
  endfacet
  facet normal 0.199212 -0.829779 0.521326
    outer loop
      vertex -0.103280 0.652085 0.246870
      vertex -0.204017 0.627900 0.246870
      vertex -0.193376 0.595150 0.190676
    endloop
  endfacet
  facet normal 0.199212 -0.829779 0.521326
    outer loop
      vertex -0.103280 0.652085 0.246870
      vertex -0.193376 0.595150 0.190676
      vertex -0.097893 0.618073 0.190676
    endloop
  endfacet
  facet normal 0.215773 -0.898758 0.381676
    outer loop
      vertex -0.097893 0.618073 0.190676
      vertex -0.193376 0.595150 0.190676
      vertex -0.185582 0.571163 0.129787
    endloop
  endfacet
  facet normal 0.215773 -0.898758 0.381676
    outer loop
      vertex -0.097893 0.618073 0.190676
      vertex -0.185582 0.571163 0.129787
      vertex -0.093948 0.593162 0.129787
    endloop
  endfacet
  facet normal 0.227033 -0.945662 0.232765
    outer loop
      vertex -0.093948 0.593162 0.129787
      vertex -0.185582 0.571163 0.129787
      vertex -0.180828 0.556531 0.065702
    endloop
  endfacet
  facet normal 0.227033 -0.945662 0.232765
    outer loop
      vertex -0.093948 0.593162 0.129787
      vertex -0.180828 0.556531 0.065702
      vertex -0.091541 0.577966 0.065702
    endloop
  endfacet
  facet normal 0.232730 -0.969391 0.078219
    outer loop
      vertex -0.091541 0.577966 0.065702
      vertex -0.180828 0.556531 0.065702
      vertex -0.179230 0.551613 0.000000
    endloop
  endfacet
  facet normal 0.232730 -0.969391 0.078219
    outer loop
      vertex -0.091541 0.577966 0.065702
      vertex -0.179230 0.551613 0.000000
      vertex -0.090732 0.572859 0.000000
    endloop
  endfacet
  facet normal 0.232730 -0.969391 -0.078219
    outer loop
      vertex -0.090732 0.572859 0.000000
      vertex -0.179230 0.551613 0.000000
      vertex -0.180828 0.556531 -0.065702
    endloop
  endfacet
  facet normal 0.232730 -0.969391 -0.078219
    outer loop
      vertex -0.090732 0.572859 0.000000
      vertex -0.180828 0.556531 -0.065702
      vertex -0.091541 0.577966 -0.065702
    endloop
  endfacet
  facet normal 0.227033 -0.945662 -0.232765
    outer loop
      vertex -0.091541 0.577966 -0.065702
      vertex -0.180828 0.556531 -0.065702
      vertex -0.185582 0.571163 -0.129787
    endloop
  endfacet
  facet normal 0.227033 -0.945662 -0.232765
    outer loop
      vertex -0.091541 0.577966 -0.065702
      vertex -0.185582 0.571163 -0.129787
      vertex -0.093948 0.593162 -0.129787
    endloop
  endfacet
  facet normal 0.215773 -0.898758 -0.381676
    outer loop
      vertex -0.093948 0.593162 -0.129787
      vertex -0.185582 0.571163 -0.129787
      vertex -0.193376 0.595150 -0.190676
    endloop
  endfacet
  facet normal 0.215773 -0.898758 -0.381676
    outer loop
      vertex -0.093948 0.593162 -0.129787
      vertex -0.193376 0.595150 -0.190676
      vertex -0.097893 0.618073 -0.190676
    endloop
  endfacet
  facet normal 0.199212 -0.829779 -0.521326
    outer loop
      vertex -0.097893 0.618073 -0.190676
      vertex -0.193376 0.595150 -0.190676
      vertex -0.204017 0.627900 -0.246870
    endloop
  endfacet
  facet normal 0.199212 -0.829779 -0.521326
    outer loop
      vertex -0.097893 0.618073 -0.190676
      vertex -0.204017 0.627900 -0.246870
      vertex -0.103280 0.652085 -0.246870
    endloop
  endfacet
  facet normal 0.177744 -0.740358 -0.648288
    outer loop
      vertex -0.103280 0.652085 -0.246870
      vertex -0.204017 0.627900 -0.246870
      vertex -0.217244 0.668607 -0.296985
    endloop
  endfacet
  facet normal 0.177744 -0.740358 -0.648288
    outer loop
      vertex -0.103280 0.652085 -0.246870
      vertex -0.217244 0.668607 -0.296985
      vertex -0.109976 0.694360 -0.296985
    endloop
  endfacet
  facet normal 0.151881 -0.632631 -0.759415
    outer loop
      vertex -0.109976 0.694360 -0.296985
      vertex -0.217244 0.668607 -0.296985
      vertex -0.232730 0.716269 -0.339787
    endloop
  endfacet
  facet normal 0.151881 -0.632631 -0.759415
    outer loop
      vertex -0.109976 0.694360 -0.296985
      vertex -0.232730 0.716269 -0.339787
      vertex -0.117816 0.743858 -0.339787
    endloop
  endfacet
  facet normal 0.122249 -0.509203 -0.851920
    outer loop
      vertex -0.117816 0.743858 -0.339787
      vertex -0.232730 0.716269 -0.339787
      vertex -0.250095 0.769713 -0.374223
    endloop
  endfacet
  facet normal 0.122249 -0.509203 -0.851920
    outer loop
      vertex -0.117816 0.743858 -0.339787
      vertex -0.250095 0.769713 -0.374223
      vertex -0.126606 0.799360 -0.374223
    endloop
  endfacet
  facet normal 0.089571 -0.373091 -0.923461
    outer loop
      vertex -0.126606 0.799360 -0.374223
      vertex -0.250095 0.769713 -0.374223
      vertex -0.268911 0.827622 -0.399444
    endloop
  endfacet
  facet normal 0.089571 -0.373091 -0.923461
    outer loop
      vertex -0.126606 0.799360 -0.374223
      vertex -0.268911 0.827622 -0.399444
      vertex -0.136131 0.859499 -0.399444
    endloop
  endfacet
  facet normal 0.054656 -0.227659 -0.972206
    outer loop
      vertex -0.136131 0.859499 -0.399444
      vertex -0.268911 0.827622 -0.399444
      vertex -0.288714 0.888570 -0.414829
    endloop
  endfacet
  facet normal 0.054656 -0.227659 -0.972206
    outer loop
      vertex -0.136131 0.859499 -0.399444
      vertex -0.288714 0.888570 -0.414829
      vertex -0.146156 0.922795 -0.414829
    endloop
  endfacet
  facet normal 0.018372 -0.076526 -0.996898
    outer loop
      vertex -0.146156 0.922795 -0.414829
      vertex -0.288714 0.888570 -0.414829
      vertex -0.309017 0.951057 -0.420000
    endloop
  endfacet
  facet normal 0.018372 -0.076526 -0.996898
    outer loop
      vertex -0.146156 0.922795 -0.414829
      vertex -0.309017 0.951057 -0.420000
      vertex -0.156434 0.987688 -0.420000
    endloop
  endfacet
  facet normal -0.018372 0.076526 -0.996898
    outer loop
      vertex -0.156434 0.987688 -0.420000
      vertex -0.309017 0.951057 -0.420000
      vertex -0.329320 1.013543 -0.414829
    endloop
  endfacet
  facet normal -0.018372 0.076526 -0.996898
    outer loop
      vertex -0.156434 0.987688 -0.420000
      vertex -0.329320 1.013543 -0.414829
      vertex -0.166713 1.052582 -0.414829
    endloop
  endfacet
  facet normal -0.054656 0.227659 -0.972206
    outer loop
      vertex -0.166713 1.052582 -0.414829
      vertex -0.329320 1.013543 -0.414829
      vertex -0.349123 1.074491 -0.399444
    endloop
  endfacet
  facet normal -0.054656 0.227659 -0.972206
    outer loop
      vertex -0.166713 1.052582 -0.414829
      vertex -0.349123 1.074491 -0.399444
      vertex -0.176738 1.115878 -0.399444
    endloop
  endfacet
  facet normal -0.089571 0.373091 -0.923461
    outer loop
      vertex -0.176738 1.115878 -0.399444
      vertex -0.349123 1.074491 -0.399444
      vertex -0.367939 1.132400 -0.374223
    endloop
  endfacet
  facet normal -0.089571 0.373091 -0.923461
    outer loop
      vertex -0.176738 1.115878 -0.399444
      vertex -0.367939 1.132400 -0.374223
      vertex -0.186263 1.176017 -0.374223
    endloop
  endfacet
  facet normal -0.122249 0.509203 -0.851920
    outer loop
      vertex -0.186263 1.176017 -0.374223
      vertex -0.367939 1.132400 -0.374223
      vertex -0.385304 1.185844 -0.339787
    endloop
  endfacet
  facet normal -0.122249 0.509203 -0.851920
    outer loop
      vertex -0.186263 1.176017 -0.374223
      vertex -0.385304 1.185844 -0.339787
      vertex -0.195053 1.231519 -0.339787
    endloop
  endfacet
  facet normal -0.151881 0.632631 -0.759415
    outer loop
      vertex -0.195053 1.231519 -0.339787
      vertex -0.385304 1.185844 -0.339787
      vertex -0.400790 1.233506 -0.296985
    endloop
  endfacet
  facet normal -0.151881 0.632631 -0.759415
    outer loop
      vertex -0.195053 1.231519 -0.339787
      vertex -0.400790 1.233506 -0.296985
      vertex -0.202893 1.281017 -0.296985
    endloop
  endfacet
  facet normal -0.177744 0.740358 -0.648288
    outer loop
      vertex -0.202893 1.281017 -0.296985
      vertex -0.400790 1.233506 -0.296985
      vertex -0.414017 1.274213 -0.246870
    endloop
  endfacet
  facet normal -0.177744 0.740358 -0.648288
    outer loop
      vertex -0.202893 1.281017 -0.296985
      vertex -0.414017 1.274213 -0.246870
      vertex -0.209589 1.323292 -0.246870
    endloop
  endfacet
  facet normal -0.199212 0.829779 -0.521326
    outer loop
      vertex -0.209589 1.323292 -0.246870
      vertex -0.414017 1.274213 -0.246870
      vertex -0.424658 1.306963 -0.190676
    endloop
  endfacet
  facet normal -0.199212 0.829779 -0.521326
    outer loop
      vertex -0.209589 1.323292 -0.246870
      vertex -0.424658 1.306963 -0.190676
      vertex -0.214976 1.357304 -0.190676
    endloop
  endfacet
  facet normal -0.215773 0.898758 -0.381676
    outer loop
      vertex -0.214976 1.357304 -0.190676
      vertex -0.424658 1.306963 -0.190676
      vertex -0.432452 1.330950 -0.129787
    endloop
  endfacet
  facet normal -0.215773 0.898758 -0.381676
    outer loop
      vertex -0.214976 1.357304 -0.190676
      vertex -0.432452 1.330950 -0.129787
      vertex -0.218921 1.382214 -0.129787
    endloop
  endfacet
  facet normal -0.227033 0.945662 -0.232765
    outer loop
      vertex -0.218921 1.382214 -0.129787
      vertex -0.432452 1.330950 -0.129787
      vertex -0.437206 1.345582 -0.065702
    endloop
  endfacet
  facet normal -0.227033 0.945662 -0.232765
    outer loop
      vertex -0.218921 1.382214 -0.129787
      vertex -0.437206 1.345582 -0.065702
      vertex -0.221328 1.397410 -0.065702
    endloop
  endfacet
  facet normal -0.232730 0.969391 -0.078219
    outer loop
      vertex -0.221328 1.397410 -0.065702
      vertex -0.437206 1.345582 -0.065702
      vertex -0.438804 1.350500 -0.000000
    endloop
  endfacet
  facet normal -0.232730 0.969391 -0.078219
    outer loop
      vertex -0.221328 1.397410 -0.065702
      vertex -0.438804 1.350500 -0.000000
      vertex -0.222137 1.402517 -0.000000
    endloop
  endfacet
  facet normal -0.381511 0.921049 0.078219
    outer loop
      vertex -0.438804 1.350500 0.000000
      vertex -0.644667 1.265229 0.000000
      vertex -0.642319 1.260622 0.065702
    endloop
  endfacet
  facet normal -0.381511 0.921049 0.078219
    outer loop
      vertex -0.438804 1.350500 0.000000
      vertex -0.642319 1.260622 0.065702
      vertex -0.437206 1.345582 0.065702
    endloop
  endfacet
  facet normal -0.372172 0.898503 0.232765
    outer loop
      vertex -0.437206 1.345582 0.065702
      vertex -0.642319 1.260622 0.065702
      vertex -0.635334 1.246913 0.129787
    endloop
  endfacet
  facet normal -0.372172 0.898503 0.232765
    outer loop
      vertex -0.437206 1.345582 0.065702
      vertex -0.635334 1.246913 0.129787
      vertex -0.432452 1.330950 0.129787
    endloop
  endfacet
  facet normal -0.353713 0.853938 0.381676
    outer loop
      vertex -0.432452 1.330950 0.129787
      vertex -0.635334 1.246913 0.129787
      vertex -0.623884 1.224441 0.190676
    endloop
  endfacet
  facet normal -0.353713 0.853938 0.381676
    outer loop
      vertex -0.432452 1.330950 0.129787
      vertex -0.623884 1.224441 0.190676
      vertex -0.424658 1.306963 0.190676
    endloop
  endfacet
  facet normal -0.326566 0.788400 0.521326
    outer loop
      vertex -0.424658 1.306963 0.190676
      vertex -0.623884 1.224441 0.190676
      vertex -0.608251 1.193759 0.246870
    endloop
  endfacet
  facet normal -0.326566 0.788400 0.521326
    outer loop
      vertex -0.424658 1.306963 0.190676
      vertex -0.608251 1.193759 0.246870
      vertex -0.414017 1.274213 0.246870
    endloop
  endfacet
  facet normal -0.291373 0.703437 0.648288
    outer loop
      vertex -0.414017 1.274213 0.246870
      vertex -0.608251 1.193759 0.246870
      vertex -0.588819 1.155622 0.296985
    endloop
  endfacet
  facet normal -0.291373 0.703437 0.648288
    outer loop
      vertex -0.414017 1.274213 0.246870
      vertex -0.588819 1.155622 0.296985
      vertex -0.400790 1.233506 0.296985
    endloop
  endfacet
  facet normal -0.248977 0.601082 0.759415
    outer loop
      vertex -0.400790 1.233506 0.296985
      vertex -0.588819 1.155622 0.296985
      vertex -0.566067 1.110969 0.339787
    endloop
  endfacet
  facet normal -0.248977 0.601082 0.759415
    outer loop
      vertex -0.400790 1.233506 0.296985
      vertex -0.566067 1.110969 0.339787
      vertex -0.385304 1.185844 0.339787
    endloop
  endfacet
  facet normal -0.200400 0.483810 0.851920
    outer loop
      vertex -0.385304 1.185844 0.339787
      vertex -0.566067 1.110969 0.339787
      vertex -0.540556 1.060900 0.374223
    endloop
  endfacet
  facet normal -0.200400 0.483810 0.851920
    outer loop
      vertex -0.385304 1.185844 0.339787
      vertex -0.540556 1.060900 0.374223
      vertex -0.367939 1.132400 0.374223
    endloop
  endfacet
  facet normal -0.146833 0.354486 0.923461
    outer loop
      vertex -0.367939 1.132400 0.374223
      vertex -0.540556 1.060900 0.374223
      vertex -0.512913 1.006648 0.399444
    endloop
  endfacet
  facet normal -0.146833 0.354486 0.923461
    outer loop
      vertex -0.367939 1.132400 0.374223
      vertex -0.512913 1.006648 0.399444
      vertex -0.349123 1.074491 0.399444
    endloop
  endfacet
  facet normal -0.089597 0.216306 0.972206
    outer loop
      vertex -0.349123 1.074491 0.399444
      vertex -0.512913 1.006648 0.399444
      vertex -0.483819 0.949548 0.414829
    endloop
  endfacet
  facet normal -0.089597 0.216306 0.972206
    outer loop
      vertex -0.349123 1.074491 0.399444
      vertex -0.483819 0.949548 0.414829
      vertex -0.329320 1.013543 0.414829
    endloop
  endfacet
  facet normal -0.030117 0.072710 0.996898
    outer loop
      vertex -0.329320 1.013543 0.414829
      vertex -0.483819 0.949548 0.414829
      vertex -0.453990 0.891007 0.420000
    endloop
  endfacet
  facet normal -0.030117 0.072710 0.996898
    outer loop
      vertex -0.329320 1.013543 0.414829
      vertex -0.453990 0.891007 0.420000
      vertex -0.309017 0.951057 0.420000
    endloop
  endfacet
  facet normal 0.030117 -0.072710 0.996898
    outer loop
      vertex -0.309017 0.951057 0.420000
      vertex -0.453990 0.891007 0.420000
      vertex -0.424162 0.832465 0.414829
    endloop
  endfacet
  facet normal 0.030117 -0.072710 0.996898
    outer loop
      vertex -0.309017 0.951057 0.420000
      vertex -0.424162 0.832465 0.414829
      vertex -0.288714 0.888570 0.414829
    endloop
  endfacet
  facet normal 0.089597 -0.216306 0.972206
    outer loop
      vertex -0.288714 0.888570 0.414829
      vertex -0.424162 0.832465 0.414829
      vertex -0.395068 0.775365 0.399444
    endloop
  endfacet
  facet normal 0.089597 -0.216306 0.972206
    outer loop
      vertex -0.288714 0.888570 0.414829
      vertex -0.395068 0.775365 0.399444
      vertex -0.268911 0.827622 0.399444
    endloop
  endfacet
  facet normal 0.146833 -0.354486 0.923461
    outer loop
      vertex -0.268911 0.827622 0.399444
      vertex -0.395068 0.775365 0.399444
      vertex -0.367425 0.721113 0.374223
    endloop
  endfacet
  facet normal 0.146833 -0.354486 0.923461
    outer loop
      vertex -0.268911 0.827622 0.399444
      vertex -0.367425 0.721113 0.374223
      vertex -0.250095 0.769713 0.374223
    endloop
  endfacet
  facet normal 0.200400 -0.483810 0.851920
    outer loop
      vertex -0.250095 0.769713 0.374223
      vertex -0.367425 0.721113 0.374223
      vertex -0.341914 0.671044 0.339787
    endloop
  endfacet
  facet normal 0.200400 -0.483810 0.851920
    outer loop
      vertex -0.250095 0.769713 0.374223
      vertex -0.341914 0.671044 0.339787
      vertex -0.232730 0.716269 0.339787
    endloop
  endfacet
  facet normal 0.248977 -0.601082 0.759415
    outer loop
      vertex -0.232730 0.716269 0.339787
      vertex -0.341914 0.671044 0.339787
      vertex -0.319162 0.626391 0.296985
    endloop
  endfacet
  facet normal 0.248977 -0.601082 0.759415
    outer loop
      vertex -0.232730 0.716269 0.339787
      vertex -0.319162 0.626391 0.296985
      vertex -0.217244 0.668607 0.296985
    endloop
  endfacet
  facet normal 0.291373 -0.703437 0.648288
    outer loop
      vertex -0.217244 0.668607 0.296985
      vertex -0.319162 0.626391 0.296985
      vertex -0.299730 0.588254 0.246870
    endloop
  endfacet
  facet normal 0.291373 -0.703437 0.648288
    outer loop
      vertex -0.217244 0.668607 0.296985
      vertex -0.299730 0.588254 0.246870
      vertex -0.204017 0.627900 0.246870
    endloop
  endfacet
  facet normal 0.326566 -0.788400 0.521326
    outer loop
      vertex -0.204017 0.627900 0.246870
      vertex -0.299730 0.588254 0.246870
      vertex -0.284097 0.557572 0.190676
    endloop
  endfacet
  facet normal 0.326566 -0.788400 0.521326
    outer loop
      vertex -0.204017 0.627900 0.246870
      vertex -0.284097 0.557572 0.190676
      vertex -0.193376 0.595150 0.190676
    endloop
  endfacet
  facet normal 0.353713 -0.853938 0.381676
    outer loop
      vertex -0.193376 0.595150 0.190676
      vertex -0.284097 0.557572 0.190676
      vertex -0.272647 0.535100 0.129787
    endloop
  endfacet
  facet normal 0.353713 -0.853938 0.381676
    outer loop
      vertex -0.193376 0.595150 0.190676
      vertex -0.272647 0.535100 0.129787
      vertex -0.185582 0.571163 0.129787
    endloop
  endfacet
  facet normal 0.372172 -0.898503 0.232765
    outer loop
      vertex -0.185582 0.571163 0.129787
      vertex -0.272647 0.535100 0.129787
      vertex -0.265662 0.521391 0.065702
    endloop
  endfacet
  facet normal 0.372172 -0.898503 0.232765
    outer loop
      vertex -0.185582 0.571163 0.129787
      vertex -0.265662 0.521391 0.065702
      vertex -0.180828 0.556531 0.065702
    endloop
  endfacet
  facet normal 0.381511 -0.921049 0.078219
    outer loop
      vertex -0.180828 0.556531 0.065702
      vertex -0.265662 0.521391 0.065702
      vertex -0.263314 0.516784 0.000000
    endloop
  endfacet
  facet normal 0.381511 -0.921049 0.078219
    outer loop
      vertex -0.180828 0.556531 0.065702
      vertex -0.263314 0.516784 0.000000
      vertex -0.179230 0.551613 0.000000
    endloop
  endfacet
  facet normal 0.381511 -0.921049 -0.078219
    outer loop
      vertex -0.179230 0.551613 0.000000
      vertex -0.263314 0.516784 0.000000
      vertex -0.265662 0.521391 -0.065702
    endloop
  endfacet
  facet normal 0.381511 -0.921049 -0.078219
    outer loop
      vertex -0.179230 0.551613 0.000000
      vertex -0.265662 0.521391 -0.065702
      vertex -0.180828 0.556531 -0.065702
    endloop
  endfacet
  facet normal 0.372172 -0.898503 -0.232765
    outer loop
      vertex -0.180828 0.556531 -0.065702
      vertex -0.265662 0.521391 -0.065702
      vertex -0.272647 0.535100 -0.129787
    endloop
  endfacet
  facet normal 0.372172 -0.898503 -0.232765
    outer loop
      vertex -0.180828 0.556531 -0.065702
      vertex -0.272647 0.535100 -0.129787
      vertex -0.185582 0.571163 -0.129787
    endloop
  endfacet
  facet normal 0.353713 -0.853938 -0.381676
    outer loop
      vertex -0.185582 0.571163 -0.129787
      vertex -0.272647 0.535100 -0.129787
      vertex -0.284097 0.557572 -0.190676
    endloop
  endfacet
  facet normal 0.353713 -0.853938 -0.381676
    outer loop
      vertex -0.185582 0.571163 -0.129787
      vertex -0.284097 0.557572 -0.190676
      vertex -0.193376 0.595150 -0.190676
    endloop
  endfacet
  facet normal 0.326566 -0.788400 -0.521326
    outer loop
      vertex -0.193376 0.595150 -0.190676
      vertex -0.284097 0.557572 -0.190676
      vertex -0.299730 0.588254 -0.246870
    endloop
  endfacet
  facet normal 0.326566 -0.788400 -0.521326
    outer loop
      vertex -0.193376 0.595150 -0.190676
      vertex -0.299730 0.588254 -0.246870
      vertex -0.204017 0.627900 -0.246870
    endloop
  endfacet
  facet normal 0.291373 -0.703437 -0.648288
    outer loop
      vertex -0.204017 0.627900 -0.246870
      vertex -0.299730 0.588254 -0.246870
      vertex -0.319162 0.626391 -0.296985
    endloop
  endfacet
  facet normal 0.291373 -0.703437 -0.648288
    outer loop
      vertex -0.204017 0.627900 -0.246870
      vertex -0.319162 0.626391 -0.296985
      vertex -0.217244 0.668607 -0.296985
    endloop
  endfacet
  facet normal 0.248977 -0.601082 -0.759415
    outer loop
      vertex -0.217244 0.668607 -0.296985
      vertex -0.319162 0.626391 -0.296985
      vertex -0.341914 0.671044 -0.339787
    endloop
  endfacet
  facet normal 0.248977 -0.601082 -0.759415
    outer loop
      vertex -0.217244 0.668607 -0.296985
      vertex -0.341914 0.671044 -0.339787
      vertex -0.232730 0.716269 -0.339787
    endloop
  endfacet
  facet normal 0.200400 -0.483810 -0.851920
    outer loop
      vertex -0.232730 0.716269 -0.339787
      vertex -0.341914 0.671044 -0.339787
      vertex -0.367425 0.721113 -0.374223
    endloop
  endfacet
  facet normal 0.200400 -0.483810 -0.851920
    outer loop
      vertex -0.232730 0.716269 -0.339787
      vertex -0.367425 0.721113 -0.374223
      vertex -0.250095 0.769713 -0.374223
    endloop
  endfacet
  facet normal 0.146833 -0.354486 -0.923461
    outer loop
      vertex -0.250095 0.769713 -0.374223
      vertex -0.367425 0.721113 -0.374223
      vertex -0.395068 0.775365 -0.399444
    endloop
  endfacet
  facet normal 0.146833 -0.354486 -0.923461
    outer loop
      vertex -0.250095 0.769713 -0.374223
      vertex -0.395068 0.775365 -0.399444
      vertex -0.268911 0.827622 -0.399444
    endloop
  endfacet
  facet normal 0.089597 -0.216306 -0.972206
    outer loop
      vertex -0.268911 0.827622 -0.399444
      vertex -0.395068 0.775365 -0.399444
      vertex -0.424162 0.832465 -0.414829
    endloop
  endfacet
  facet normal 0.089597 -0.216306 -0.972206
    outer loop
      vertex -0.268911 0.827622 -0.399444
      vertex -0.424162 0.832465 -0.414829
      vertex -0.288714 0.888570 -0.414829
    endloop
  endfacet
  facet normal 0.030117 -0.072710 -0.996898
    outer loop
      vertex -0.288714 0.888570 -0.414829
      vertex -0.424162 0.832465 -0.414829
      vertex -0.453990 0.891007 -0.420000
    endloop
  endfacet
  facet normal 0.030117 -0.072710 -0.996898
    outer loop
      vertex -0.288714 0.888570 -0.414829
      vertex -0.453990 0.891007 -0.420000
      vertex -0.309017 0.951057 -0.420000
    endloop
  endfacet
  facet normal -0.030117 0.072710 -0.996898
    outer loop
      vertex -0.309017 0.951057 -0.420000
      vertex -0.453990 0.891007 -0.420000
      vertex -0.483819 0.949548 -0.414829
    endloop
  endfacet
  facet normal -0.030117 0.072710 -0.996898
    outer loop
      vertex -0.309017 0.951057 -0.420000
      vertex -0.483819 0.949548 -0.414829
      vertex -0.329320 1.013543 -0.414829
    endloop
  endfacet
  facet normal -0.089597 0.216306 -0.972206
    outer loop
      vertex -0.329320 1.013543 -0.414829
      vertex -0.483819 0.949548 -0.414829
      vertex -0.512913 1.006648 -0.399444
    endloop
  endfacet
  facet normal -0.089597 0.216306 -0.972206
    outer loop
      vertex -0.329320 1.013543 -0.414829
      vertex -0.512913 1.006648 -0.399444
      vertex -0.349123 1.074491 -0.399444
    endloop
  endfacet
  facet normal -0.146833 0.354486 -0.923461
    outer loop
      vertex -0.349123 1.074491 -0.399444
      vertex -0.512913 1.006648 -0.399444
      vertex -0.540556 1.060900 -0.374223
    endloop
  endfacet
  facet normal -0.146833 0.354486 -0.923461
    outer loop
      vertex -0.349123 1.074491 -0.399444
      vertex -0.540556 1.060900 -0.374223
      vertex -0.367939 1.132400 -0.374223
    endloop
  endfacet
  facet normal -0.200400 0.483810 -0.851920
    outer loop
      vertex -0.367939 1.132400 -0.374223
      vertex -0.540556 1.060900 -0.374223
      vertex -0.566067 1.110969 -0.339787
    endloop
  endfacet
  facet normal -0.200400 0.483810 -0.851920
    outer loop
      vertex -0.367939 1.132400 -0.374223
      vertex -0.566067 1.110969 -0.339787
      vertex -0.385304 1.185844 -0.339787
    endloop
  endfacet
  facet normal -0.248977 0.601082 -0.759415
    outer loop
      vertex -0.385304 1.185844 -0.339787
      vertex -0.566067 1.110969 -0.339787
      vertex -0.588819 1.155622 -0.296985
    endloop
  endfacet
  facet normal -0.248977 0.601082 -0.759415
    outer loop
      vertex -0.385304 1.185844 -0.339787
      vertex -0.588819 1.155622 -0.296985
      vertex -0.400790 1.233506 -0.296985
    endloop
  endfacet
  facet normal -0.291373 0.703437 -0.648288
    outer loop
      vertex -0.400790 1.233506 -0.296985
      vertex -0.588819 1.155622 -0.296985
      vertex -0.608251 1.193759 -0.246870
    endloop
  endfacet
  facet normal -0.291373 0.703437 -0.648288
    outer loop
      vertex -0.400790 1.233506 -0.296985
      vertex -0.608251 1.193759 -0.246870
      vertex -0.414017 1.274213 -0.246870
    endloop
  endfacet
  facet normal -0.326566 0.788400 -0.521326
    outer loop
      vertex -0.414017 1.274213 -0.246870
      vertex -0.608251 1.193759 -0.246870
      vertex -0.623884 1.224441 -0.190676
    endloop
  endfacet
  facet normal -0.326566 0.788400 -0.521326
    outer loop
      vertex -0.414017 1.274213 -0.246870
      vertex -0.623884 1.224441 -0.190676
      vertex -0.424658 1.306963 -0.190676
    endloop
  endfacet
  facet normal -0.353713 0.853938 -0.381676
    outer loop
      vertex -0.424658 1.306963 -0.190676
      vertex -0.623884 1.224441 -0.190676
      vertex -0.635334 1.246913 -0.129787
    endloop
  endfacet
  facet normal -0.353713 0.853938 -0.381676
    outer loop
      vertex -0.424658 1.306963 -0.190676
      vertex -0.635334 1.246913 -0.129787
      vertex -0.432452 1.330950 -0.129787
    endloop
  endfacet
  facet normal -0.372172 0.898503 -0.232765
    outer loop
      vertex -0.432452 1.330950 -0.129787
      vertex -0.635334 1.246913 -0.129787
      vertex -0.642319 1.260622 -0.065702
    endloop
  endfacet
  facet normal -0.372172 0.898503 -0.232765
    outer loop
      vertex -0.432452 1.330950 -0.129787
      vertex -0.642319 1.260622 -0.065702
      vertex -0.437206 1.345582 -0.065702
    endloop
  endfacet
  facet normal -0.381511 0.921049 -0.078219
    outer loop
      vertex -0.437206 1.345582 -0.065702
      vertex -0.642319 1.260622 -0.065702
      vertex -0.644667 1.265229 -0.000000
    endloop
  endfacet
  facet normal -0.381511 0.921049 -0.078219
    outer loop
      vertex -0.437206 1.345582 -0.065702
      vertex -0.644667 1.265229 -0.000000
      vertex -0.438804 1.350500 -0.000000
    endloop
  endfacet
  facet normal -0.520898 0.850028 0.078219
    outer loop
      vertex -0.644667 1.265229 0.000000
      vertex -0.834655 1.148804 0.000000
      vertex -0.831616 1.144621 0.065702
    endloop
  endfacet
  facet normal -0.520898 0.850028 0.078219
    outer loop
      vertex -0.644667 1.265229 0.000000
      vertex -0.831616 1.144621 0.065702
      vertex -0.642319 1.260622 0.065702
    endloop
  endfacet
  facet normal -0.508147 0.829221 0.232765
    outer loop
      vertex -0.642319 1.260622 0.065702
      vertex -0.831616 1.144621 0.065702
      vertex -0.822572 1.132174 0.129787
    endloop
  endfacet
  facet normal -0.508147 0.829221 0.232765
    outer loop
      vertex -0.642319 1.260622 0.065702
      vertex -0.822572 1.132174 0.129787
      vertex -0.635334 1.246913 0.129787
    endloop
  endfacet
  facet normal -0.482943 0.788092 0.381676
    outer loop
      vertex -0.635334 1.246913 0.129787
      vertex -0.822572 1.132174 0.129787
      vertex -0.807748 1.111770 0.190676
    endloop
  endfacet
  facet normal -0.482943 0.788092 0.381676
    outer loop
      vertex -0.635334 1.246913 0.129787
      vertex -0.807748 1.111770 0.190676
      vertex -0.623884 1.224441 0.190676
    endloop
  endfacet
  facet normal -0.445878 0.727607 0.521326
    outer loop
      vertex -0.623884 1.224441 0.190676
      vertex -0.807748 1.111770 0.190676
      vertex -0.787507 1.083911 0.246870
    endloop
  endfacet
  facet normal -0.445878 0.727607 0.521326
    outer loop
      vertex -0.623884 1.224441 0.190676
      vertex -0.787507 1.083911 0.246870
      vertex -0.608251 1.193759 0.246870
    endloop
  endfacet
  facet normal -0.397828 0.649196 0.648288
    outer loop
      vertex -0.608251 1.193759 0.246870
      vertex -0.787507 1.083911 0.246870
      vertex -0.762349 1.049283 0.296985
    endloop
  endfacet
  facet normal -0.397828 0.649196 0.648288
    outer loop
      vertex -0.608251 1.193759 0.246870
      vertex -0.762349 1.049283 0.296985
      vertex -0.588819 1.155622 0.296985
    endloop
  endfacet
  facet normal -0.339941 0.554734 0.759415
    outer loop
      vertex -0.588819 1.155622 0.296985
      vertex -0.762349 1.049283 0.296985
      vertex -0.732892 1.008739 0.339787
    endloop
  endfacet
  facet normal -0.339941 0.554734 0.759415
    outer loop
      vertex -0.588819 1.155622 0.296985
      vertex -0.732892 1.008739 0.339787
      vertex -0.566067 1.110969 0.339787
    endloop
  endfacet
  facet normal -0.273618 0.446503 0.851920
    outer loop
      vertex -0.566067 1.110969 0.339787
      vertex -0.732892 1.008739 0.339787
      vertex -0.699862 0.963277 0.374223
    endloop
  endfacet
  facet normal -0.273618 0.446503 0.851920
    outer loop
      vertex -0.566067 1.110969 0.339787
      vertex -0.699862 0.963277 0.374223
      vertex -0.540556 1.060900 0.374223
    endloop
  endfacet
  facet normal -0.200479 0.327152 0.923461
    outer loop
      vertex -0.540556 1.060900 0.374223
      vertex -0.699862 0.963277 0.374223
      vertex -0.664072 0.914017 0.399444
    endloop
  endfacet
  facet normal -0.200479 0.327152 0.923461
    outer loop
      vertex -0.540556 1.060900 0.374223
      vertex -0.664072 0.914017 0.399444
      vertex -0.512913 1.006648 0.399444
    endloop
  endfacet
  facet normal -0.122331 0.199627 0.972206
    outer loop
      vertex -0.512913 1.006648 0.399444
      vertex -0.664072 0.914017 0.399444
      vertex -0.626404 0.862171 0.414829
    endloop
  endfacet
  facet normal -0.122331 0.199627 0.972206
    outer loop
      vertex -0.512913 1.006648 0.399444
      vertex -0.626404 0.862171 0.414829
      vertex -0.483819 0.949548 0.414829
    endloop
  endfacet
  facet normal -0.041121 0.067103 0.996898
    outer loop
      vertex -0.483819 0.949548 0.414829
      vertex -0.626404 0.862171 0.414829
      vertex -0.587785 0.809017 0.420000
    endloop
  endfacet
  facet normal -0.041121 0.067103 0.996898
    outer loop
      vertex -0.483819 0.949548 0.414829
      vertex -0.587785 0.809017 0.420000
      vertex -0.453990 0.891007 0.420000
    endloop
  endfacet
  facet normal 0.041121 -0.067103 0.996898
    outer loop
      vertex -0.453990 0.891007 0.420000
      vertex -0.587785 0.809017 0.420000
      vertex -0.549166 0.755863 0.414829
    endloop
  endfacet
  facet normal 0.041121 -0.067103 0.996898
    outer loop
      vertex -0.453990 0.891007 0.420000
      vertex -0.549166 0.755863 0.414829
      vertex -0.424162 0.832465 0.414829
    endloop
  endfacet
  facet normal 0.122331 -0.199627 0.972206
    outer loop
      vertex -0.424162 0.832465 0.414829
      vertex -0.549166 0.755863 0.414829
      vertex -0.511498 0.704017 0.399444
    endloop
  endfacet
  facet normal 0.122331 -0.199627 0.972206
    outer loop
      vertex -0.424162 0.832465 0.414829
      vertex -0.511498 0.704017 0.399444
      vertex -0.395068 0.775365 0.399444
    endloop
  endfacet
  facet normal 0.200479 -0.327152 0.923461
    outer loop
      vertex -0.395068 0.775365 0.399444
      vertex -0.511498 0.704017 0.399444
      vertex -0.475709 0.654757 0.374223
    endloop
  endfacet
  facet normal 0.200479 -0.327152 0.923461
    outer loop
      vertex -0.395068 0.775365 0.399444
      vertex -0.475709 0.654757 0.374223
      vertex -0.367425 0.721113 0.374223
    endloop
  endfacet
  facet normal 0.273618 -0.446503 0.851920
    outer loop
      vertex -0.367425 0.721113 0.374223
      vertex -0.475709 0.654757 0.374223
      vertex -0.442679 0.609295 0.339787
    endloop
  endfacet
  facet normal 0.273618 -0.446503 0.851920
    outer loop
      vertex -0.367425 0.721113 0.374223
      vertex -0.442679 0.609295 0.339787
      vertex -0.341914 0.671044 0.339787
    endloop
  endfacet
  facet normal 0.339941 -0.554734 0.759415
    outer loop
      vertex -0.341914 0.671044 0.339787
      vertex -0.442679 0.609295 0.339787
      vertex -0.413222 0.568751 0.296985
    endloop
  endfacet
  facet normal 0.339941 -0.554734 0.759415
    outer loop
      vertex -0.341914 0.671044 0.339787
      vertex -0.413222 0.568751 0.296985
      vertex -0.319162 0.626391 0.296985
    endloop
  endfacet
  facet normal 0.397828 -0.649196 0.648288
    outer loop
      vertex -0.319162 0.626391 0.296985
      vertex -0.413222 0.568751 0.296985
      vertex -0.388063 0.534123 0.246870
    endloop
  endfacet
  facet normal 0.397828 -0.649196 0.648288
    outer loop
      vertex -0.319162 0.626391 0.296985
      vertex -0.388063 0.534123 0.246870
      vertex -0.299730 0.588254 0.246870
    endloop
  endfacet
  facet normal 0.445878 -0.727607 0.521326
    outer loop
      vertex -0.299730 0.588254 0.246870
      vertex -0.388063 0.534123 0.246870
      vertex -0.367823 0.506264 0.190676
    endloop
  endfacet
  facet normal 0.445878 -0.727607 0.521326
    outer loop
      vertex -0.299730 0.588254 0.246870
      vertex -0.367823 0.506264 0.190676
      vertex -0.284097 0.557572 0.190676
    endloop
  endfacet
  facet normal 0.482943 -0.788092 0.381676
    outer loop
      vertex -0.284097 0.557572 0.190676
      vertex -0.367823 0.506264 0.190676
      vertex -0.352998 0.485860 0.129787
    endloop
  endfacet
  facet normal 0.482943 -0.788092 0.381676
    outer loop
      vertex -0.284097 0.557572 0.190676
      vertex -0.352998 0.485860 0.129787
      vertex -0.272647 0.535100 0.129787
    endloop
  endfacet
  facet normal 0.508147 -0.829221 0.232765
    outer loop
      vertex -0.272647 0.535100 0.129787
      vertex -0.352998 0.485860 0.129787
      vertex -0.343955 0.473413 0.065702
    endloop
  endfacet
  facet normal 0.508147 -0.829221 0.232765
    outer loop
      vertex -0.272647 0.535100 0.129787
      vertex -0.343955 0.473413 0.065702
      vertex -0.265662 0.521391 0.065702
    endloop
  endfacet
  facet normal 0.520898 -0.850028 0.078219
    outer loop
      vertex -0.265662 0.521391 0.065702
      vertex -0.343955 0.473413 0.065702
      vertex -0.340915 0.469230 0.000000
    endloop
  endfacet
  facet normal 0.520898 -0.850028 0.078219
    outer loop
      vertex -0.265662 0.521391 0.065702
      vertex -0.340915 0.469230 0.000000
      vertex -0.263314 0.516784 0.000000
    endloop
  endfacet
  facet normal 0.520898 -0.850028 -0.078219
    outer loop
      vertex -0.263314 0.516784 0.000000
      vertex -0.340915 0.469230 0.000000
      vertex -0.343955 0.473413 -0.065702
    endloop
  endfacet
  facet normal 0.520898 -0.850028 -0.078219
    outer loop
      vertex -0.263314 0.516784 0.000000
      vertex -0.343955 0.473413 -0.065702
      vertex -0.265662 0.521391 -0.065702
    endloop
  endfacet
  facet normal 0.508147 -0.829221 -0.232765
    outer loop
      vertex -0.265662 0.521391 -0.065702
      vertex -0.343955 0.473413 -0.065702
      vertex -0.352998 0.485860 -0.129787
    endloop
  endfacet
  facet normal 0.508147 -0.829221 -0.232765
    outer loop
      vertex -0.265662 0.521391 -0.065702
      vertex -0.352998 0.485860 -0.129787
      vertex -0.272647 0.535100 -0.129787
    endloop
  endfacet
  facet normal 0.482943 -0.788092 -0.381676
    outer loop
      vertex -0.272647 0.535100 -0.129787
      vertex -0.352998 0.485860 -0.129787
      vertex -0.367823 0.506264 -0.190676
    endloop
  endfacet
  facet normal 0.482943 -0.788092 -0.381676
    outer loop
      vertex -0.272647 0.535100 -0.129787
      vertex -0.367823 0.506264 -0.190676
      vertex -0.284097 0.557572 -0.190676
    endloop
  endfacet
  facet normal 0.445878 -0.727607 -0.521326
    outer loop
      vertex -0.284097 0.557572 -0.190676
      vertex -0.367823 0.506264 -0.190676
      vertex -0.388063 0.534123 -0.246870
    endloop
  endfacet
  facet normal 0.445878 -0.727607 -0.521326
    outer loop
      vertex -0.284097 0.557572 -0.190676
      vertex -0.388063 0.534123 -0.246870
      vertex -0.299730 0.588254 -0.246870
    endloop
  endfacet
  facet normal 0.397828 -0.649196 -0.648288
    outer loop
      vertex -0.299730 0.588254 -0.246870
      vertex -0.388063 0.534123 -0.246870
      vertex -0.413222 0.568751 -0.296985
    endloop
  endfacet
  facet normal 0.397828 -0.649196 -0.648288
    outer loop
      vertex -0.299730 0.588254 -0.246870
      vertex -0.413222 0.568751 -0.296985
      vertex -0.319162 0.626391 -0.296985
    endloop
  endfacet
  facet normal 0.339941 -0.554734 -0.759415
    outer loop
      vertex -0.319162 0.626391 -0.296985
      vertex -0.413222 0.568751 -0.296985
      vertex -0.442679 0.609295 -0.339787
    endloop
  endfacet
  facet normal 0.339941 -0.554734 -0.759415
    outer loop
      vertex -0.319162 0.626391 -0.296985
      vertex -0.442679 0.609295 -0.339787
      vertex -0.341914 0.671044 -0.339787
    endloop
  endfacet
  facet normal 0.273618 -0.446503 -0.851920
    outer loop
      vertex -0.341914 0.671044 -0.339787
      vertex -0.442679 0.609295 -0.339787
      vertex -0.475709 0.654757 -0.374223
    endloop
  endfacet
  facet normal 0.273618 -0.446503 -0.851920
    outer loop
      vertex -0.341914 0.671044 -0.339787
      vertex -0.475709 0.654757 -0.374223
      vertex -0.367425 0.721113 -0.374223
    endloop
  endfacet
  facet normal 0.200479 -0.327152 -0.923461
    outer loop
      vertex -0.367425 0.721113 -0.374223
      vertex -0.475709 0.654757 -0.374223
      vertex -0.511498 0.704017 -0.399444
    endloop
  endfacet
  facet normal 0.200479 -0.327152 -0.923461
    outer loop
      vertex -0.367425 0.721113 -0.374223
      vertex -0.511498 0.704017 -0.399444
      vertex -0.395068 0.775365 -0.399444
    endloop
  endfacet
  facet normal 0.122331 -0.199627 -0.972206
    outer loop
      vertex -0.395068 0.775365 -0.399444
      vertex -0.511498 0.704017 -0.399444
      vertex -0.549166 0.755863 -0.414829
    endloop
  endfacet
  facet normal 0.122331 -0.199627 -0.972206
    outer loop
      vertex -0.395068 0.775365 -0.399444
      vertex -0.549166 0.755863 -0.414829
      vertex -0.424162 0.832465 -0.414829
    endloop
  endfacet
  facet normal 0.041121 -0.067103 -0.996898
    outer loop
      vertex -0.424162 0.832465 -0.414829
      vertex -0.549166 0.755863 -0.414829
      vertex -0.587785 0.809017 -0.420000
    endloop
  endfacet
  facet normal 0.041121 -0.067103 -0.996898
    outer loop
      vertex -0.424162 0.832465 -0.414829
      vertex -0.587785 0.809017 -0.420000
      vertex -0.453990 0.891007 -0.420000
    endloop
  endfacet
  facet normal -0.041121 0.067103 -0.996898
    outer loop
      vertex -0.453990 0.891007 -0.420000
      vertex -0.587785 0.809017 -0.420000
      vertex -0.626404 0.862171 -0.414829
    endloop
  endfacet
  facet normal -0.041121 0.067103 -0.996898
    outer loop
      vertex -0.453990 0.891007 -0.420000
      vertex -0.626404 0.862171 -0.414829
      vertex -0.483819 0.949548 -0.414829
    endloop
  endfacet
  facet normal -0.122331 0.199627 -0.972206
    outer loop
      vertex -0.483819 0.949548 -0.414829
      vertex -0.626404 0.862171 -0.414829
      vertex -0.664072 0.914017 -0.399444
    endloop
  endfacet
  facet normal -0.122331 0.199627 -0.972206
    outer loop
      vertex -0.483819 0.949548 -0.414829
      vertex -0.664072 0.914017 -0.399444
      vertex -0.512913 1.006648 -0.399444
    endloop
  endfacet
  facet normal -0.200479 0.327152 -0.923461
    outer loop
      vertex -0.512913 1.006648 -0.399444
      vertex -0.664072 0.914017 -0.399444
      vertex -0.699862 0.963277 -0.374223
    endloop
  endfacet
  facet normal -0.200479 0.327152 -0.923461
    outer loop
      vertex -0.512913 1.006648 -0.399444
      vertex -0.699862 0.963277 -0.374223
      vertex -0.540556 1.060900 -0.374223
    endloop
  endfacet
  facet normal -0.273618 0.446503 -0.851920
    outer loop
      vertex -0.540556 1.060900 -0.374223
      vertex -0.699862 0.963277 -0.374223
      vertex -0.732892 1.008739 -0.339787
    endloop
  endfacet
  facet normal -0.273618 0.446503 -0.851920
    outer loop
      vertex -0.540556 1.060900 -0.374223
      vertex -0.732892 1.008739 -0.339787
      vertex -0.566067 1.110969 -0.339787
    endloop
  endfacet
  facet normal -0.339941 0.554734 -0.759415
    outer loop
      vertex -0.566067 1.110969 -0.339787
      vertex -0.732892 1.008739 -0.339787
      vertex -0.762349 1.049283 -0.296985
    endloop
  endfacet
  facet normal -0.339941 0.554734 -0.759415
    outer loop
      vertex -0.566067 1.110969 -0.339787
      vertex -0.762349 1.049283 -0.296985
      vertex -0.588819 1.155622 -0.296985
    endloop
  endfacet
  facet normal -0.397828 0.649196 -0.648288
    outer loop
      vertex -0.588819 1.155622 -0.296985
      vertex -0.762349 1.049283 -0.296985
      vertex -0.787507 1.083911 -0.246870
    endloop
  endfacet
  facet normal -0.397828 0.649196 -0.648288
    outer loop
      vertex -0.588819 1.155622 -0.296985
      vertex -0.787507 1.083911 -0.246870
      vertex -0.608251 1.193759 -0.246870
    endloop
  endfacet
  facet normal -0.445878 0.727607 -0.521326
    outer loop
      vertex -0.608251 1.193759 -0.246870
      vertex -0.787507 1.083911 -0.246870
      vertex -0.807748 1.111770 -0.190676
    endloop
  endfacet
  facet normal -0.445878 0.727607 -0.521326
    outer loop
      vertex -0.608251 1.193759 -0.246870
      vertex -0.807748 1.111770 -0.190676
      vertex -0.623884 1.224441 -0.190676
    endloop
  endfacet
  facet normal -0.482943 0.788092 -0.381676
    outer loop
      vertex -0.623884 1.224441 -0.190676
      vertex -0.807748 1.111770 -0.190676
      vertex -0.822572 1.132174 -0.129787
    endloop
  endfacet
  facet normal -0.482943 0.788092 -0.381676
    outer loop
      vertex -0.623884 1.224441 -0.190676
      vertex -0.822572 1.132174 -0.129787
      vertex -0.635334 1.246913 -0.129787
    endloop
  endfacet
  facet normal -0.508147 0.829221 -0.232765
    outer loop
      vertex -0.635334 1.246913 -0.129787
      vertex -0.822572 1.132174 -0.129787
      vertex -0.831616 1.144621 -0.065702
    endloop
  endfacet
  facet normal -0.508147 0.829221 -0.232765
    outer loop
      vertex -0.635334 1.246913 -0.129787
      vertex -0.831616 1.144621 -0.065702
      vertex -0.642319 1.260622 -0.065702
    endloop
  endfacet
  facet normal -0.520898 0.850028 -0.078219
    outer loop
      vertex -0.642319 1.260622 -0.065702
      vertex -0.831616 1.144621 -0.065702
      vertex -0.834655 1.148804 -0.000000
    endloop
  endfacet
  facet normal -0.520898 0.850028 -0.078219
    outer loop
      vertex -0.642319 1.260622 -0.065702
      vertex -0.834655 1.148804 -0.000000
      vertex -0.644667 1.265229 -0.000000
    endloop
  endfacet
  facet normal -0.647458 0.758076 0.078219
    outer loop
      vertex -0.834655 1.148804 0.000000
      vertex -1.004092 1.004092 0.000000
      vertex -1.000435 1.000435 0.065702
    endloop
  endfacet
  facet normal -0.647458 0.758076 0.078219
    outer loop
      vertex -0.834655 1.148804 0.000000
      vertex -1.000435 1.000435 0.065702
      vertex -0.831616 1.144621 0.065702
    endloop
  endfacet
  facet normal -0.631610 0.739520 0.232765
    outer loop
      vertex -0.831616 1.144621 0.065702
      vertex -1.000435 1.000435 0.065702
      vertex -0.989556 0.989556 0.129787
    endloop
  endfacet
  facet normal -0.631610 0.739520 0.232765
    outer loop
      vertex -0.831616 1.144621 0.065702
      vertex -0.989556 0.989556 0.129787
      vertex -0.822572 1.132174 0.129787
    endloop
  endfacet
  facet normal -0.600282 0.702840 0.381676
    outer loop
      vertex -0.822572 1.132174 0.129787
      vertex -0.989556 0.989556 0.129787
      vertex -0.971722 0.971722 0.190676
    endloop
  endfacet
  facet normal -0.600282 0.702840 0.381676
    outer loop
      vertex -0.822572 1.132174 0.129787
      vertex -0.971722 0.971722 0.190676
      vertex -0.807748 1.111770 0.190676
    endloop
  endfacet
  facet normal -0.554211 0.648898 0.521326
    outer loop
      vertex -0.807748 1.111770 0.190676
      vertex -0.971722 0.971722 0.190676
      vertex -0.947373 0.947373 0.246870
    endloop
  endfacet
  facet normal -0.554211 0.648898 0.521326
    outer loop
      vertex -0.807748 1.111770 0.190676
      vertex -0.947373 0.947373 0.246870
      vertex -0.787507 1.083911 0.246870
    endloop
  endfacet
  facet normal -0.494487 0.578969 0.648288
    outer loop
      vertex -0.787507 1.083911 0.246870
      vertex -0.947373 0.947373 0.246870
      vertex -0.917107 0.917107 0.296985
    endloop
  endfacet
  facet normal -0.494487 0.578969 0.648288
    outer loop
      vertex -0.787507 1.083911 0.246870
      vertex -0.917107 0.917107 0.296985
      vertex -0.762349 1.049283 0.296985
    endloop
  endfacet
  facet normal -0.422535 0.494725 0.759415
    outer loop
      vertex -0.762349 1.049283 0.296985
      vertex -0.917107 0.917107 0.296985
      vertex -0.881670 0.881670 0.339787
    endloop
  endfacet
  facet normal -0.422535 0.494725 0.759415
    outer loop
      vertex -0.762349 1.049283 0.296985
      vertex -0.881670 0.881670 0.339787
      vertex -0.732892 1.008739 0.339787
    endloop
  endfacet
  facet normal -0.340098 0.398203 0.851920
    outer loop
      vertex -0.732892 1.008739 0.339787
      vertex -0.881670 0.881670 0.339787
      vertex -0.841935 0.841935 0.374223
    endloop
  endfacet
  facet normal -0.340098 0.398203 0.851920
    outer loop
      vertex -0.732892 1.008739 0.339787
      vertex -0.841935 0.841935 0.374223
      vertex -0.699862 0.963277 0.374223
    endloop
  endfacet
  facet normal -0.249189 0.291762 0.923461
    outer loop
      vertex -0.699862 0.963277 0.374223
      vertex -0.841935 0.841935 0.374223
      vertex -0.798880 0.798880 0.399444
    endloop
  endfacet
  facet normal -0.249189 0.291762 0.923461
    outer loop
      vertex -0.699862 0.963277 0.374223
      vertex -0.798880 0.798880 0.399444
      vertex -0.664072 0.914017 0.399444
    endloop
  endfacet
  facet normal -0.152054 0.178032 0.972206
    outer loop
      vertex -0.664072 0.914017 0.399444
      vertex -0.798880 0.798880 0.399444
      vertex -0.753565 0.753565 0.414829
    endloop
  endfacet
  facet normal -0.152054 0.178032 0.972206
    outer loop
      vertex -0.664072 0.914017 0.399444
      vertex -0.753565 0.753565 0.414829
      vertex -0.626404 0.862171 0.414829
    endloop
  endfacet
  facet normal -0.051112 0.059844 0.996898
    outer loop
      vertex -0.626404 0.862171 0.414829
      vertex -0.753565 0.753565 0.414829
      vertex -0.707107 0.707107 0.420000
    endloop
  endfacet
  facet normal -0.051112 0.059844 0.996898
    outer loop
      vertex -0.626404 0.862171 0.414829
      vertex -0.707107 0.707107 0.420000
      vertex -0.587785 0.809017 0.420000
    endloop
  endfacet
  facet normal 0.051112 -0.059844 0.996898
    outer loop
      vertex -0.587785 0.809017 0.420000
      vertex -0.707107 0.707107 0.420000
      vertex -0.660648 0.660648 0.414829
    endloop
  endfacet
  facet normal 0.051112 -0.059844 0.996898
    outer loop
      vertex -0.587785 0.809017 0.420000
      vertex -0.660648 0.660648 0.414829
      vertex -0.549166 0.755863 0.414829
    endloop
  endfacet
  facet normal 0.152054 -0.178032 0.972206
    outer loop
      vertex -0.549166 0.755863 0.414829
      vertex -0.660648 0.660648 0.414829
      vertex -0.615333 0.615333 0.399444
    endloop
  endfacet
  facet normal 0.152054 -0.178032 0.972206
    outer loop
      vertex -0.549166 0.755863 0.414829
      vertex -0.615333 0.615333 0.399444
      vertex -0.511498 0.704017 0.399444
    endloop
  endfacet
  facet normal 0.249189 -0.291762 0.923461
    outer loop
      vertex -0.511498 0.704017 0.399444
      vertex -0.615333 0.615333 0.399444
      vertex -0.572278 0.572278 0.374223
    endloop
  endfacet
  facet normal 0.249189 -0.291762 0.923461
    outer loop
      vertex -0.511498 0.704017 0.399444
      vertex -0.572278 0.572278 0.374223
      vertex -0.475709 0.654757 0.374223
    endloop
  endfacet
  facet normal 0.340098 -0.398203 0.851920
    outer loop
      vertex -0.475709 0.654757 0.374223
      vertex -0.572278 0.572278 0.374223
      vertex -0.532543 0.532543 0.339787
    endloop
  endfacet
  facet normal 0.340098 -0.398203 0.851920
    outer loop
      vertex -0.475709 0.654757 0.374223
      vertex -0.532543 0.532543 0.339787
      vertex -0.442679 0.609295 0.339787
    endloop
  endfacet
  facet normal 0.422535 -0.494725 0.759415
    outer loop
      vertex -0.442679 0.609295 0.339787
      vertex -0.532543 0.532543 0.339787
      vertex -0.497107 0.497107 0.296985
    endloop
  endfacet
  facet normal 0.422535 -0.494725 0.759415
    outer loop
      vertex -0.442679 0.609295 0.339787
      vertex -0.497107 0.497107 0.296985
      vertex -0.413222 0.568751 0.296985
    endloop
  endfacet
  facet normal 0.494487 -0.578969 0.648288
    outer loop
      vertex -0.413222 0.568751 0.296985
      vertex -0.497107 0.497107 0.296985
      vertex -0.466841 0.466841 0.246870
    endloop
  endfacet
  facet normal 0.494487 -0.578969 0.648288
    outer loop
      vertex -0.413222 0.568751 0.296985
      vertex -0.466841 0.466841 0.246870
      vertex -0.388063 0.534123 0.246870
    endloop
  endfacet
  facet normal 0.554211 -0.648898 0.521326
    outer loop
      vertex -0.388063 0.534123 0.246870
      vertex -0.466841 0.466841 0.246870
      vertex -0.442491 0.442491 0.190676
    endloop
  endfacet
  facet normal 0.554211 -0.648898 0.521326
    outer loop
      vertex -0.388063 0.534123 0.246870
      vertex -0.442491 0.442491 0.190676
      vertex -0.367823 0.506264 0.190676
    endloop
  endfacet
  facet normal 0.600282 -0.702840 0.381676
    outer loop
      vertex -0.367823 0.506264 0.190676
      vertex -0.442491 0.442491 0.190676
      vertex -0.424657 0.424657 0.129787
    endloop
  endfacet
  facet normal 0.600282 -0.702840 0.381676
    outer loop
      vertex -0.367823 0.506264 0.190676
      vertex -0.424657 0.424657 0.129787
      vertex -0.352998 0.485860 0.129787
    endloop
  endfacet
  facet normal 0.631610 -0.739520 0.232765
    outer loop
      vertex -0.352998 0.485860 0.129787
      vertex -0.424657 0.424657 0.129787
      vertex -0.413778 0.413778 0.065702
    endloop
  endfacet
  facet normal 0.631610 -0.739520 0.232765
    outer loop
      vertex -0.352998 0.485860 0.129787
      vertex -0.413778 0.413778 0.065702
      vertex -0.343955 0.473413 0.065702
    endloop
  endfacet
  facet normal 0.647458 -0.758076 0.078219
    outer loop
      vertex -0.343955 0.473413 0.065702
      vertex -0.413778 0.413778 0.065702
      vertex -0.410122 0.410122 0.000000
    endloop
  endfacet
  facet normal 0.647458 -0.758076 0.078219
    outer loop
      vertex -0.343955 0.473413 0.065702
      vertex -0.410122 0.410122 0.000000
      vertex -0.340915 0.469230 0.000000
    endloop
  endfacet
  facet normal 0.647458 -0.758076 -0.078219
    outer loop
      vertex -0.340915 0.469230 0.000000
      vertex -0.410122 0.410122 0.000000
      vertex -0.413778 0.413778 -0.065702
    endloop
  endfacet
  facet normal 0.647458 -0.758076 -0.078219
    outer loop
      vertex -0.340915 0.469230 0.000000
      vertex -0.413778 0.413778 -0.065702
      vertex -0.343955 0.473413 -0.065702
    endloop
  endfacet
  facet normal 0.631610 -0.739520 -0.232765
    outer loop
      vertex -0.343955 0.473413 -0.065702
      vertex -0.413778 0.413778 -0.065702
      vertex -0.424657 0.424657 -0.129787
    endloop
  endfacet
  facet normal 0.631610 -0.739520 -0.232765
    outer loop
      vertex -0.343955 0.473413 -0.065702
      vertex -0.424657 0.424657 -0.129787
      vertex -0.352998 0.485860 -0.129787
    endloop
  endfacet
  facet normal 0.600282 -0.702840 -0.381676
    outer loop
      vertex -0.352998 0.485860 -0.129787
      vertex -0.424657 0.424657 -0.129787
      vertex -0.442491 0.442491 -0.190676
    endloop
  endfacet
  facet normal 0.600282 -0.702840 -0.381676
    outer loop
      vertex -0.352998 0.485860 -0.129787
      vertex -0.442491 0.442491 -0.190676
      vertex -0.367823 0.506264 -0.190676
    endloop
  endfacet
  facet normal 0.554211 -0.648898 -0.521326
    outer loop
      vertex -0.367823 0.506264 -0.190676
      vertex -0.442491 0.442491 -0.190676
      vertex -0.466841 0.466841 -0.246870
    endloop
  endfacet
  facet normal 0.554211 -0.648898 -0.521326
    outer loop
      vertex -0.367823 0.506264 -0.190676
      vertex -0.466841 0.466841 -0.246870
      vertex -0.388063 0.534123 -0.246870
    endloop
  endfacet
  facet normal 0.494487 -0.578969 -0.648288
    outer loop
      vertex -0.388063 0.534123 -0.246870
      vertex -0.466841 0.466841 -0.246870
      vertex -0.497107 0.497107 -0.296985
    endloop
  endfacet
  facet normal 0.494487 -0.578969 -0.648288
    outer loop
      vertex -0.388063 0.534123 -0.246870
      vertex -0.497107 0.497107 -0.296985
      vertex -0.413222 0.568751 -0.296985
    endloop
  endfacet
  facet normal 0.422535 -0.494725 -0.759415
    outer loop
      vertex -0.413222 0.568751 -0.296985
      vertex -0.497107 0.497107 -0.296985
      vertex -0.532543 0.532543 -0.339787
    endloop
  endfacet
  facet normal 0.422535 -0.494725 -0.759415
    outer loop
      vertex -0.413222 0.568751 -0.296985
      vertex -0.532543 0.532543 -0.339787
      vertex -0.442679 0.609295 -0.339787
    endloop
  endfacet
  facet normal 0.340098 -0.398203 -0.851920
    outer loop
      vertex -0.442679 0.609295 -0.339787
      vertex -0.532543 0.532543 -0.339787
      vertex -0.572278 0.572278 -0.374223
    endloop
  endfacet
  facet normal 0.340098 -0.398203 -0.851920
    outer loop
      vertex -0.442679 0.609295 -0.339787
      vertex -0.572278 0.572278 -0.374223
      vertex -0.475709 0.654757 -0.374223
    endloop
  endfacet
  facet normal 0.249189 -0.291762 -0.923461
    outer loop
      vertex -0.475709 0.654757 -0.374223
      vertex -0.572278 0.572278 -0.374223
      vertex -0.615333 0.615333 -0.399444
    endloop
  endfacet
  facet normal 0.249189 -0.291762 -0.923461
    outer loop
      vertex -0.475709 0.654757 -0.374223
      vertex -0.615333 0.615333 -0.399444
      vertex -0.511498 0.704017 -0.399444
    endloop
  endfacet
  facet normal 0.152054 -0.178032 -0.972206
    outer loop
      vertex -0.511498 0.704017 -0.399444
      vertex -0.615333 0.615333 -0.399444
      vertex -0.660648 0.660648 -0.414829
    endloop
  endfacet
  facet normal 0.152054 -0.178032 -0.972206
    outer loop
      vertex -0.511498 0.704017 -0.399444
      vertex -0.660648 0.660648 -0.414829
      vertex -0.549166 0.755863 -0.414829
    endloop
  endfacet
  facet normal 0.051112 -0.059844 -0.996898
    outer loop
      vertex -0.549166 0.755863 -0.414829
      vertex -0.660648 0.660648 -0.414829
      vertex -0.707107 0.707107 -0.420000
    endloop
  endfacet
  facet normal 0.051112 -0.059844 -0.996898
    outer loop
      vertex -0.549166 0.755863 -0.414829
      vertex -0.707107 0.707107 -0.420000
      vertex -0.587785 0.809017 -0.420000
    endloop
  endfacet
  facet normal -0.051112 0.059844 -0.996898
    outer loop
      vertex -0.587785 0.809017 -0.420000
      vertex -0.707107 0.707107 -0.420000
      vertex -0.753565 0.753565 -0.414829
    endloop
  endfacet
  facet normal -0.051112 0.059844 -0.996898
    outer loop
      vertex -0.587785 0.809017 -0.420000
      vertex -0.753565 0.753565 -0.414829
      vertex -0.626404 0.862171 -0.414829
    endloop
  endfacet
  facet normal -0.152054 0.178032 -0.972206
    outer loop
      vertex -0.626404 0.862171 -0.414829
      vertex -0.753565 0.753565 -0.414829
      vertex -0.798880 0.798880 -0.399444
    endloop
  endfacet
  facet normal -0.152054 0.178032 -0.972206
    outer loop
      vertex -0.626404 0.862171 -0.414829
      vertex -0.798880 0.798880 -0.399444
      vertex -0.664072 0.914017 -0.399444
    endloop
  endfacet
  facet normal -0.249189 0.291762 -0.923461
    outer loop
      vertex -0.664072 0.914017 -0.399444
      vertex -0.798880 0.798880 -0.399444
      vertex -0.841935 0.841935 -0.374223
    endloop
  endfacet
  facet normal -0.249189 0.291762 -0.923461
    outer loop
      vertex -0.664072 0.914017 -0.399444
      vertex -0.841935 0.841935 -0.374223
      vertex -0.699862 0.963277 -0.374223
    endloop
  endfacet
  facet normal -0.340098 0.398203 -0.851920
    outer loop
      vertex -0.699862 0.963277 -0.374223
      vertex -0.841935 0.841935 -0.374223
      vertex -0.881670 0.881670 -0.339787
    endloop
  endfacet
  facet normal -0.340098 0.398203 -0.851920
    outer loop
      vertex -0.699862 0.963277 -0.374223
      vertex -0.881670 0.881670 -0.339787
      vertex -0.732892 1.008739 -0.339787
    endloop
  endfacet
  facet normal -0.422535 0.494725 -0.759415
    outer loop
      vertex -0.732892 1.008739 -0.339787
      vertex -0.881670 0.881670 -0.339787
      vertex -0.917107 0.917107 -0.296985
    endloop
  endfacet
  facet normal -0.422535 0.494725 -0.759415
    outer loop
      vertex -0.732892 1.008739 -0.339787
      vertex -0.917107 0.917107 -0.296985
      vertex -0.762349 1.049283 -0.296985
    endloop
  endfacet
  facet normal -0.494487 0.578969 -0.648288
    outer loop
      vertex -0.762349 1.049283 -0.296985
      vertex -0.917107 0.917107 -0.296985
      vertex -0.947373 0.947373 -0.246870
    endloop
  endfacet
  facet normal -0.494487 0.578969 -0.648288
    outer loop
      vertex -0.762349 1.049283 -0.296985
      vertex -0.947373 0.947373 -0.246870
      vertex -0.787507 1.083911 -0.246870
    endloop
  endfacet
  facet normal -0.554211 0.648898 -0.521326
    outer loop
      vertex -0.787507 1.083911 -0.246870
      vertex -0.947373 0.947373 -0.246870
      vertex -0.971722 0.971722 -0.190676
    endloop
  endfacet
  facet normal -0.554211 0.648898 -0.521326
    outer loop
      vertex -0.787507 1.083911 -0.246870
      vertex -0.971722 0.971722 -0.190676
      vertex -0.807748 1.111770 -0.190676
    endloop
  endfacet
  facet normal -0.600282 0.702840 -0.381676
    outer loop
      vertex -0.807748 1.111770 -0.190676
      vertex -0.971722 0.971722 -0.190676
      vertex -0.989556 0.989556 -0.129787
    endloop
  endfacet
  facet normal -0.600282 0.702840 -0.381676
    outer loop
      vertex -0.807748 1.111770 -0.190676
      vertex -0.989556 0.989556 -0.129787
      vertex -0.822572 1.132174 -0.129787
    endloop
  endfacet
  facet normal -0.631610 0.739520 -0.232765
    outer loop
      vertex -0.822572 1.132174 -0.129787
      vertex -0.989556 0.989556 -0.129787
      vertex -1.000435 1.000435 -0.065702
    endloop
  endfacet
  facet normal -0.631610 0.739520 -0.232765
    outer loop
      vertex -0.822572 1.132174 -0.129787
      vertex -1.000435 1.000435 -0.065702
      vertex -0.831616 1.144621 -0.065702
    endloop
  endfacet
  facet normal -0.647458 0.758076 -0.078219
    outer loop
      vertex -0.831616 1.144621 -0.065702
      vertex -1.000435 1.000435 -0.065702
      vertex -1.004092 1.004092 -0.000000
    endloop
  endfacet
  facet normal -0.647458 0.758076 -0.078219
    outer loop
      vertex -0.831616 1.144621 -0.065702
      vertex -1.004092 1.004092 -0.000000
      vertex -0.834655 1.148804 -0.000000
    endloop
  endfacet
  facet normal -0.758076 0.647458 0.078219
    outer loop
      vertex -1.004092 1.004092 0.000000
      vertex -1.148804 0.834655 0.000000
      vertex -1.144621 0.831616 0.065702
    endloop
  endfacet
  facet normal -0.758076 0.647458 0.078219
    outer loop
      vertex -1.004092 1.004092 0.000000
      vertex -1.144621 0.831616 0.065702
      vertex -1.000435 1.000435 0.065702
    endloop
  endfacet
  facet normal -0.739520 0.631610 0.232765
    outer loop
      vertex -1.000435 1.000435 0.065702
      vertex -1.144621 0.831616 0.065702
      vertex -1.132174 0.822572 0.129787
    endloop
  endfacet
  facet normal -0.739520 0.631610 0.232765
    outer loop
      vertex -1.000435 1.000435 0.065702
      vertex -1.132174 0.822572 0.129787
      vertex -0.989556 0.989556 0.129787
    endloop
  endfacet
  facet normal -0.702840 0.600282 0.381676
    outer loop
      vertex -0.989556 0.989556 0.129787
      vertex -1.132174 0.822572 0.129787
      vertex -1.111770 0.807748 0.190676
    endloop
  endfacet
  facet normal -0.702840 0.600282 0.381676
    outer loop
      vertex -0.989556 0.989556 0.129787
      vertex -1.111770 0.807748 0.190676
      vertex -0.971722 0.971722 0.190676
    endloop
  endfacet
  facet normal -0.648898 0.554211 0.521326
    outer loop
      vertex -0.971722 0.971722 0.190676
      vertex -1.111770 0.807748 0.190676
      vertex -1.083911 0.787507 0.246870
    endloop
  endfacet
  facet normal -0.648898 0.554211 0.521326
    outer loop
      vertex -0.971722 0.971722 0.190676
      vertex -1.083911 0.787507 0.246870
      vertex -0.947373 0.947373 0.246870
    endloop
  endfacet
  facet normal -0.578969 0.494487 0.648288
    outer loop
      vertex -0.947373 0.947373 0.246870
      vertex -1.083911 0.787507 0.246870
      vertex -1.049283 0.762349 0.296985
    endloop
  endfacet
  facet normal -0.578969 0.494487 0.648288
    outer loop
      vertex -0.947373 0.947373 0.246870
      vertex -1.049283 0.762349 0.296985
      vertex -0.917107 0.917107 0.296985
    endloop
  endfacet
  facet normal -0.494725 0.422535 0.759415
    outer loop
      vertex -0.917107 0.917107 0.296985
      vertex -1.049283 0.762349 0.296985
      vertex -1.008739 0.732892 0.339787
    endloop
  endfacet
  facet normal -0.494725 0.422535 0.759415
    outer loop
      vertex -0.917107 0.917107 0.296985
      vertex -1.008739 0.732892 0.339787
      vertex -0.881670 0.881670 0.339787
    endloop
  endfacet
  facet normal -0.398203 0.340098 0.851920
    outer loop
      vertex -0.881670 0.881670 0.339787
      vertex -1.008739 0.732892 0.339787
      vertex -0.963277 0.699862 0.374223
    endloop
  endfacet
  facet normal -0.398203 0.340098 0.851920
    outer loop
      vertex -0.881670 0.881670 0.339787
      vertex -0.963277 0.699862 0.374223
      vertex -0.841935 0.841935 0.374223
    endloop
  endfacet
  facet normal -0.291762 0.249189 0.923461
    outer loop
      vertex -0.841935 0.841935 0.374223
      vertex -0.963277 0.699862 0.374223
      vertex -0.914017 0.664072 0.399444
    endloop
  endfacet
  facet normal -0.291762 0.249189 0.923461
    outer loop
      vertex -0.841935 0.841935 0.374223
      vertex -0.914017 0.664072 0.399444
      vertex -0.798880 0.798880 0.399444
    endloop
  endfacet
  facet normal -0.178032 0.152054 0.972206
    outer loop
      vertex -0.798880 0.798880 0.399444
      vertex -0.914017 0.664072 0.399444
      vertex -0.862171 0.626404 0.414829
    endloop
  endfacet
  facet normal -0.178032 0.152054 0.972206
    outer loop
      vertex -0.798880 0.798880 0.399444
      vertex -0.862171 0.626404 0.414829
      vertex -0.753565 0.753565 0.414829
    endloop
  endfacet
  facet normal -0.059844 0.051112 0.996898
    outer loop
      vertex -0.753565 0.753565 0.414829
      vertex -0.862171 0.626404 0.414829
      vertex -0.809017 0.587785 0.420000
    endloop
  endfacet
  facet normal -0.059844 0.051112 0.996898
    outer loop
      vertex -0.753565 0.753565 0.414829
      vertex -0.809017 0.587785 0.420000
      vertex -0.707107 0.707107 0.420000
    endloop
  endfacet
  facet normal 0.059844 -0.051112 0.996898
    outer loop
      vertex -0.707107 0.707107 0.420000
      vertex -0.809017 0.587785 0.420000
      vertex -0.755863 0.549166 0.414829
    endloop
  endfacet
  facet normal 0.059844 -0.051112 0.996898
    outer loop
      vertex -0.707107 0.707107 0.420000
      vertex -0.755863 0.549166 0.414829
      vertex -0.660648 0.660648 0.414829
    endloop
  endfacet
  facet normal 0.178032 -0.152054 0.972206
    outer loop
      vertex -0.660648 0.660648 0.414829
      vertex -0.755863 0.549166 0.414829
      vertex -0.704017 0.511498 0.399444
    endloop
  endfacet
  facet normal 0.178032 -0.152054 0.972206
    outer loop
      vertex -0.660648 0.660648 0.414829
      vertex -0.704017 0.511498 0.399444
      vertex -0.615333 0.615333 0.399444
    endloop
  endfacet
  facet normal 0.291762 -0.249189 0.923461
    outer loop
      vertex -0.615333 0.615333 0.399444
      vertex -0.704017 0.511498 0.399444
      vertex -0.654757 0.475709 0.374223
    endloop
  endfacet
  facet normal 0.291762 -0.249189 0.923461
    outer loop
      vertex -0.615333 0.615333 0.399444
      vertex -0.654757 0.475709 0.374223
      vertex -0.572278 0.572278 0.374223
    endloop
  endfacet
  facet normal 0.398203 -0.340098 0.851920
    outer loop
      vertex -0.572278 0.572278 0.374223
      vertex -0.654757 0.475709 0.374223
      vertex -0.609295 0.442679 0.339787
    endloop
  endfacet
  facet normal 0.398203 -0.340098 0.851920
    outer loop
      vertex -0.572278 0.572278 0.374223
      vertex -0.609295 0.442679 0.339787
      vertex -0.532543 0.532543 0.339787
    endloop
  endfacet
  facet normal 0.494725 -0.422535 0.759415
    outer loop
      vertex -0.532543 0.532543 0.339787
      vertex -0.609295 0.442679 0.339787
      vertex -0.568751 0.413222 0.296985
    endloop
  endfacet
  facet normal 0.494725 -0.422535 0.759415
    outer loop
      vertex -0.532543 0.532543 0.339787
      vertex -0.568751 0.413222 0.296985
      vertex -0.497107 0.497107 0.296985
    endloop
  endfacet
  facet normal 0.578969 -0.494487 0.648288
    outer loop
      vertex -0.497107 0.497107 0.296985
      vertex -0.568751 0.413222 0.296985
      vertex -0.534123 0.388063 0.246870
    endloop
  endfacet
  facet normal 0.578969 -0.494487 0.648288
    outer loop
      vertex -0.497107 0.497107 0.296985
      vertex -0.534123 0.388063 0.246870
      vertex -0.466841 0.466841 0.246870
    endloop
  endfacet
  facet normal 0.648898 -0.554211 0.521326
    outer loop
      vertex -0.466841 0.466841 0.246870
      vertex -0.534123 0.388063 0.246870
      vertex -0.506264 0.367823 0.190676
    endloop
  endfacet
  facet normal 0.648898 -0.554211 0.521326
    outer loop
      vertex -0.466841 0.466841 0.246870
      vertex -0.506264 0.367823 0.190676
      vertex -0.442491 0.442491 0.190676
    endloop
  endfacet
  facet normal 0.702840 -0.600282 0.381676
    outer loop
      vertex -0.442491 0.442491 0.190676
      vertex -0.506264 0.367823 0.190676
      vertex -0.485860 0.352998 0.129787
    endloop
  endfacet
  facet normal 0.702840 -0.600282 0.381676
    outer loop
      vertex -0.442491 0.442491 0.190676
      vertex -0.485860 0.352998 0.129787
      vertex -0.424657 0.424657 0.129787
    endloop
  endfacet
  facet normal 0.739520 -0.631610 0.232765
    outer loop
      vertex -0.424657 0.424657 0.129787
      vertex -0.485860 0.352998 0.129787
      vertex -0.473413 0.343955 0.065702
    endloop
  endfacet
  facet normal 0.739520 -0.631610 0.232765
    outer loop
      vertex -0.424657 0.424657 0.129787
      vertex -0.473413 0.343955 0.065702
      vertex -0.413778 0.413778 0.065702
    endloop
  endfacet
  facet normal 0.758076 -0.647458 0.078219
    outer loop
      vertex -0.413778 0.413778 0.065702
      vertex -0.473413 0.343955 0.065702
      vertex -0.469230 0.340915 0.000000
    endloop
  endfacet
  facet normal 0.758076 -0.647458 0.078219
    outer loop
      vertex -0.413778 0.413778 0.065702
      vertex -0.469230 0.340915 0.000000
      vertex -0.410122 0.410122 0.000000
    endloop
  endfacet
  facet normal 0.758076 -0.647458 -0.078219
    outer loop
      vertex -0.410122 0.410122 0.000000
      vertex -0.469230 0.340915 0.000000
      vertex -0.473413 0.343955 -0.065702
    endloop
  endfacet
  facet normal 0.758076 -0.647458 -0.078219
    outer loop
      vertex -0.410122 0.410122 0.000000
      vertex -0.473413 0.343955 -0.065702
      vertex -0.413778 0.413778 -0.065702
    endloop
  endfacet
  facet normal 0.739520 -0.631610 -0.232765
    outer loop
      vertex -0.413778 0.413778 -0.065702
      vertex -0.473413 0.343955 -0.065702
      vertex -0.485860 0.352998 -0.129787
    endloop
  endfacet
  facet normal 0.739520 -0.631610 -0.232765
    outer loop
      vertex -0.413778 0.413778 -0.065702
      vertex -0.485860 0.352998 -0.129787
      vertex -0.424657 0.424657 -0.129787
    endloop
  endfacet
  facet normal 0.702840 -0.600282 -0.381676
    outer loop
      vertex -0.424657 0.424657 -0.129787
      vertex -0.485860 0.352998 -0.129787
      vertex -0.506264 0.367823 -0.190676
    endloop
  endfacet
  facet normal 0.702840 -0.600282 -0.381676
    outer loop
      vertex -0.424657 0.424657 -0.129787
      vertex -0.506264 0.367823 -0.190676
      vertex -0.442491 0.442491 -0.190676
    endloop
  endfacet
  facet normal 0.648898 -0.554211 -0.521326
    outer loop
      vertex -0.442491 0.442491 -0.190676
      vertex -0.506264 0.367823 -0.190676
      vertex -0.534123 0.388063 -0.246870
    endloop
  endfacet
  facet normal 0.648898 -0.554211 -0.521326
    outer loop
      vertex -0.442491 0.442491 -0.190676
      vertex -0.534123 0.388063 -0.246870
      vertex -0.466841 0.466841 -0.246870
    endloop
  endfacet
  facet normal 0.578969 -0.494487 -0.648288
    outer loop
      vertex -0.466841 0.466841 -0.246870
      vertex -0.534123 0.388063 -0.246870
      vertex -0.568751 0.413222 -0.296985
    endloop
  endfacet
  facet normal 0.578969 -0.494487 -0.648288
    outer loop
      vertex -0.466841 0.466841 -0.246870
      vertex -0.568751 0.413222 -0.296985
      vertex -0.497107 0.497107 -0.296985
    endloop
  endfacet
  facet normal 0.494725 -0.422535 -0.759415
    outer loop
      vertex -0.497107 0.497107 -0.296985
      vertex -0.568751 0.413222 -0.296985
      vertex -0.609295 0.442679 -0.339787
    endloop
  endfacet
  facet normal 0.494725 -0.422535 -0.759415
    outer loop
      vertex -0.497107 0.497107 -0.296985
      vertex -0.609295 0.442679 -0.339787
      vertex -0.532543 0.532543 -0.339787
    endloop
  endfacet
  facet normal 0.398203 -0.340098 -0.851920
    outer loop
      vertex -0.532543 0.532543 -0.339787
      vertex -0.609295 0.442679 -0.339787
      vertex -0.654757 0.475709 -0.374223
    endloop
  endfacet
  facet normal 0.398203 -0.340098 -0.851920
    outer loop
      vertex -0.532543 0.532543 -0.339787
      vertex -0.654757 0.475709 -0.374223
      vertex -0.572278 0.572278 -0.374223
    endloop
  endfacet
  facet normal 0.291762 -0.249189 -0.923461
    outer loop
      vertex -0.572278 0.572278 -0.374223
      vertex -0.654757 0.475709 -0.374223
      vertex -0.704017 0.511498 -0.399444
    endloop
  endfacet
  facet normal 0.291762 -0.249189 -0.923461
    outer loop
      vertex -0.572278 0.572278 -0.374223
      vertex -0.704017 0.511498 -0.399444
      vertex -0.615333 0.615333 -0.399444
    endloop
  endfacet
  facet normal 0.178032 -0.152054 -0.972206
    outer loop
      vertex -0.615333 0.615333 -0.399444
      vertex -0.704017 0.511498 -0.399444
      vertex -0.755863 0.549166 -0.414829
    endloop
  endfacet
  facet normal 0.178032 -0.152054 -0.972206
    outer loop
      vertex -0.615333 0.615333 -0.399444
      vertex -0.755863 0.549166 -0.414829
      vertex -0.660648 0.660648 -0.414829
    endloop
  endfacet
  facet normal 0.059844 -0.051112 -0.996898
    outer loop
      vertex -0.660648 0.660648 -0.414829
      vertex -0.755863 0.549166 -0.414829
      vertex -0.809017 0.587785 -0.420000
    endloop
  endfacet
  facet normal 0.059844 -0.051112 -0.996898
    outer loop
      vertex -0.660648 0.660648 -0.414829
      vertex -0.809017 0.587785 -0.420000
      vertex -0.707107 0.707107 -0.420000
    endloop
  endfacet
  facet normal -0.059844 0.051112 -0.996898
    outer loop
      vertex -0.707107 0.707107 -0.420000
      vertex -0.809017 0.587785 -0.420000
      vertex -0.862171 0.626404 -0.414829
    endloop
  endfacet
  facet normal -0.059844 0.051112 -0.996898
    outer loop
      vertex -0.707107 0.707107 -0.420000
      vertex -0.862171 0.626404 -0.414829
      vertex -0.753565 0.753565 -0.414829
    endloop
  endfacet
  facet normal -0.178032 0.152054 -0.972206
    outer loop
      vertex -0.753565 0.753565 -0.414829
      vertex -0.862171 0.626404 -0.414829
      vertex -0.914017 0.664072 -0.399444
    endloop
  endfacet
  facet normal -0.178032 0.152054 -0.972206
    outer loop
      vertex -0.753565 0.753565 -0.414829
      vertex -0.914017 0.664072 -0.399444
      vertex -0.798880 0.798880 -0.399444
    endloop
  endfacet
  facet normal -0.291762 0.249189 -0.923461
    outer loop
      vertex -0.798880 0.798880 -0.399444
      vertex -0.914017 0.664072 -0.399444
      vertex -0.963277 0.699862 -0.374223
    endloop
  endfacet
  facet normal -0.291762 0.249189 -0.923461
    outer loop
      vertex -0.798880 0.798880 -0.399444
      vertex -0.963277 0.699862 -0.374223
      vertex -0.841935 0.841935 -0.374223
    endloop
  endfacet
  facet normal -0.398203 0.340098 -0.851920
    outer loop
      vertex -0.841935 0.841935 -0.374223
      vertex -0.963277 0.699862 -0.374223
      vertex -1.008739 0.732892 -0.339787
    endloop
  endfacet
  facet normal -0.398203 0.340098 -0.851920
    outer loop
      vertex -0.841935 0.841935 -0.374223
      vertex -1.008739 0.732892 -0.339787
      vertex -0.881670 0.881670 -0.339787
    endloop
  endfacet
  facet normal -0.494725 0.422535 -0.759415
    outer loop
      vertex -0.881670 0.881670 -0.339787
      vertex -1.008739 0.732892 -0.339787
      vertex -1.049283 0.762349 -0.296985
    endloop
  endfacet
  facet normal -0.494725 0.422535 -0.759415
    outer loop
      vertex -0.881670 0.881670 -0.339787
      vertex -1.049283 0.762349 -0.296985
      vertex -0.917107 0.917107 -0.296985
    endloop
  endfacet
  facet normal -0.578969 0.494487 -0.648288
    outer loop
      vertex -0.917107 0.917107 -0.296985
      vertex -1.049283 0.762349 -0.296985
      vertex -1.083911 0.787507 -0.246870
    endloop
  endfacet
  facet normal -0.578969 0.494487 -0.648288
    outer loop
      vertex -0.917107 0.917107 -0.296985
      vertex -1.083911 0.787507 -0.246870
      vertex -0.947373 0.947373 -0.246870
    endloop
  endfacet
  facet normal -0.648898 0.554211 -0.521326
    outer loop
      vertex -0.947373 0.947373 -0.246870
      vertex -1.083911 0.787507 -0.246870
      vertex -1.111770 0.807748 -0.190676
    endloop
  endfacet
  facet normal -0.648898 0.554211 -0.521326
    outer loop
      vertex -0.947373 0.947373 -0.246870
      vertex -1.111770 0.807748 -0.190676
      vertex -0.971722 0.971722 -0.190676
    endloop
  endfacet
  facet normal -0.702840 0.600282 -0.381676
    outer loop
      vertex -0.971722 0.971722 -0.190676
      vertex -1.111770 0.807748 -0.190676
      vertex -1.132174 0.822572 -0.129787
    endloop
  endfacet
  facet normal -0.702840 0.600282 -0.381676
    outer loop
      vertex -0.971722 0.971722 -0.190676
      vertex -1.132174 0.822572 -0.129787
      vertex -0.989556 0.989556 -0.129787
    endloop
  endfacet
  facet normal -0.739520 0.631610 -0.232765
    outer loop
      vertex -0.989556 0.989556 -0.129787
      vertex -1.132174 0.822572 -0.129787
      vertex -1.144621 0.831616 -0.065702
    endloop
  endfacet
  facet normal -0.739520 0.631610 -0.232765
    outer loop
      vertex -0.989556 0.989556 -0.129787
      vertex -1.144621 0.831616 -0.065702
      vertex -1.000435 1.000435 -0.065702
    endloop
  endfacet
  facet normal -0.758076 0.647458 -0.078219
    outer loop
      vertex -1.000435 1.000435 -0.065702
      vertex -1.144621 0.831616 -0.065702
      vertex -1.148804 0.834655 -0.000000
    endloop
  endfacet
  facet normal -0.758076 0.647458 -0.078219
    outer loop
      vertex -1.000435 1.000435 -0.065702
      vertex -1.148804 0.834655 -0.000000
      vertex -1.004092 1.004092 -0.000000
    endloop
  endfacet
  facet normal -0.850028 0.520898 0.078219
    outer loop
      vertex -1.148804 0.834655 0.000000
      vertex -1.265229 0.644667 0.000000
      vertex -1.260622 0.642319 0.065702
    endloop
  endfacet
  facet normal -0.850028 0.520898 0.078219
    outer loop
      vertex -1.148804 0.834655 0.000000
      vertex -1.260622 0.642319 0.065702
      vertex -1.144621 0.831616 0.065702
    endloop
  endfacet
  facet normal -0.829221 0.508147 0.232765
    outer loop
      vertex -1.144621 0.831616 0.065702
      vertex -1.260622 0.642319 0.065702
      vertex -1.246913 0.635334 0.129787
    endloop
  endfacet
  facet normal -0.829221 0.508147 0.232765
    outer loop
      vertex -1.144621 0.831616 0.065702
      vertex -1.246913 0.635334 0.129787
      vertex -1.132174 0.822572 0.129787
    endloop
  endfacet
  facet normal -0.788092 0.482943 0.381676
    outer loop
      vertex -1.132174 0.822572 0.129787
      vertex -1.246913 0.635334 0.129787
      vertex -1.224441 0.623884 0.190676
    endloop
  endfacet
  facet normal -0.788092 0.482943 0.381676
    outer loop
      vertex -1.132174 0.822572 0.129787
      vertex -1.224441 0.623884 0.190676
      vertex -1.111770 0.807748 0.190676
    endloop
  endfacet
  facet normal -0.727607 0.445878 0.521326
    outer loop
      vertex -1.111770 0.807748 0.190676
      vertex -1.224441 0.623884 0.190676
      vertex -1.193759 0.608251 0.246870
    endloop
  endfacet
  facet normal -0.727607 0.445878 0.521326
    outer loop
      vertex -1.111770 0.807748 0.190676
      vertex -1.193759 0.608251 0.246870
      vertex -1.083911 0.787507 0.246870
    endloop
  endfacet
  facet normal -0.649196 0.397828 0.648288
    outer loop
      vertex -1.083911 0.787507 0.246870
      vertex -1.193759 0.608251 0.246870
      vertex -1.155622 0.588819 0.296985
    endloop
  endfacet
  facet normal -0.649196 0.397828 0.648288
    outer loop
      vertex -1.083911 0.787507 0.246870
      vertex -1.155622 0.588819 0.296985
      vertex -1.049283 0.762349 0.296985
    endloop
  endfacet
  facet normal -0.554734 0.339941 0.759415
    outer loop
      vertex -1.049283 0.762349 0.296985
      vertex -1.155622 0.588819 0.296985
      vertex -1.110969 0.566067 0.339787
    endloop
  endfacet
  facet normal -0.554734 0.339941 0.759415
    outer loop
      vertex -1.049283 0.762349 0.296985
      vertex -1.110969 0.566067 0.339787
      vertex -1.008739 0.732892 0.339787
    endloop
  endfacet
  facet normal -0.446503 0.273618 0.851920
    outer loop
      vertex -1.008739 0.732892 0.339787
      vertex -1.110969 0.566067 0.339787
      vertex -1.060900 0.540556 0.374223
    endloop
  endfacet
  facet normal -0.446503 0.273618 0.851920
    outer loop
      vertex -1.008739 0.732892 0.339787
      vertex -1.060900 0.540556 0.374223
      vertex -0.963277 0.699862 0.374223
    endloop
  endfacet
  facet normal -0.327152 0.200479 0.923461
    outer loop
      vertex -0.963277 0.699862 0.374223
      vertex -1.060900 0.540556 0.374223
      vertex -1.006648 0.512913 0.399444
    endloop
  endfacet
  facet normal -0.327152 0.200479 0.923461
    outer loop
      vertex -0.963277 0.699862 0.374223
      vertex -1.006648 0.512913 0.399444
      vertex -0.914017 0.664072 0.399444
    endloop
  endfacet
  facet normal -0.199627 0.122331 0.972206
    outer loop
      vertex -0.914017 0.664072 0.399444
      vertex -1.006648 0.512913 0.399444
      vertex -0.949548 0.483819 0.414829
    endloop
  endfacet
  facet normal -0.199627 0.122331 0.972206
    outer loop
      vertex -0.914017 0.664072 0.399444
      vertex -0.949548 0.483819 0.414829
      vertex -0.862171 0.626404 0.414829
    endloop
  endfacet
  facet normal -0.067103 0.041121 0.996898
    outer loop
      vertex -0.862171 0.626404 0.414829
      vertex -0.949548 0.483819 0.414829
      vertex -0.891007 0.453990 0.420000
    endloop
  endfacet
  facet normal -0.067103 0.041121 0.996898
    outer loop
      vertex -0.862171 0.626404 0.414829
      vertex -0.891007 0.453990 0.420000
      vertex -0.809017 0.587785 0.420000
    endloop
  endfacet
  facet normal 0.067103 -0.041121 0.996898
    outer loop
      vertex -0.809017 0.587785 0.420000
      vertex -0.891007 0.453990 0.420000
      vertex -0.832465 0.424162 0.414829
    endloop
  endfacet
  facet normal 0.067103 -0.041121 0.996898
    outer loop
      vertex -0.809017 0.587785 0.420000
      vertex -0.832465 0.424162 0.414829
      vertex -0.755863 0.549166 0.414829
    endloop
  endfacet
  facet normal 0.199627 -0.122331 0.972206
    outer loop
      vertex -0.755863 0.549166 0.414829
      vertex -0.832465 0.424162 0.414829
      vertex -0.775365 0.395068 0.399444
    endloop
  endfacet
  facet normal 0.199627 -0.122331 0.972206
    outer loop
      vertex -0.755863 0.549166 0.414829
      vertex -0.775365 0.395068 0.399444
      vertex -0.704017 0.511498 0.399444
    endloop
  endfacet
  facet normal 0.327152 -0.200479 0.923461
    outer loop
      vertex -0.704017 0.511498 0.399444
      vertex -0.775365 0.395068 0.399444
      vertex -0.721113 0.367425 0.374223
    endloop
  endfacet
  facet normal 0.327152 -0.200479 0.923461
    outer loop
      vertex -0.704017 0.511498 0.399444
      vertex -0.721113 0.367425 0.374223
      vertex -0.654757 0.475709 0.374223
    endloop
  endfacet
  facet normal 0.446503 -0.273618 0.851920
    outer loop
      vertex -0.654757 0.475709 0.374223
      vertex -0.721113 0.367425 0.374223
      vertex -0.671044 0.341914 0.339787
    endloop
  endfacet
  facet normal 0.446503 -0.273618 0.851920
    outer loop
      vertex -0.654757 0.475709 0.374223
      vertex -0.671044 0.341914 0.339787
      vertex -0.609295 0.442679 0.339787
    endloop
  endfacet
  facet normal 0.554734 -0.339941 0.759415
    outer loop
      vertex -0.609295 0.442679 0.339787
      vertex -0.671044 0.341914 0.339787
      vertex -0.626391 0.319162 0.296985
    endloop
  endfacet
  facet normal 0.554734 -0.339941 0.759415
    outer loop
      vertex -0.609295 0.442679 0.339787
      vertex -0.626391 0.319162 0.296985
      vertex -0.568751 0.413222 0.296985
    endloop
  endfacet
  facet normal 0.649196 -0.397828 0.648288
    outer loop
      vertex -0.568751 0.413222 0.296985
      vertex -0.626391 0.319162 0.296985
      vertex -0.588254 0.299730 0.246870
    endloop
  endfacet
  facet normal 0.649196 -0.397828 0.648288
    outer loop
      vertex -0.568751 0.413222 0.296985
      vertex -0.588254 0.299730 0.246870
      vertex -0.534123 0.388063 0.246870
    endloop
  endfacet
  facet normal 0.727607 -0.445878 0.521326
    outer loop
      vertex -0.534123 0.388063 0.246870
      vertex -0.588254 0.299730 0.246870
      vertex -0.557572 0.284097 0.190676
    endloop
  endfacet
  facet normal 0.727607 -0.445878 0.521326
    outer loop
      vertex -0.534123 0.388063 0.246870
      vertex -0.557572 0.284097 0.190676
      vertex -0.506264 0.367823 0.190676
    endloop
  endfacet
  facet normal 0.788092 -0.482943 0.381676
    outer loop
      vertex -0.506264 0.367823 0.190676
      vertex -0.557572 0.284097 0.190676
      vertex -0.535100 0.272647 0.129787
    endloop
  endfacet
  facet normal 0.788092 -0.482943 0.381676
    outer loop
      vertex -0.506264 0.367823 0.190676
      vertex -0.535100 0.272647 0.129787
      vertex -0.485860 0.352998 0.129787
    endloop
  endfacet
  facet normal 0.829221 -0.508147 0.232765
    outer loop
      vertex -0.485860 0.352998 0.129787
      vertex -0.535100 0.272647 0.129787
      vertex -0.521391 0.265662 0.065702
    endloop
  endfacet
  facet normal 0.829221 -0.508147 0.232765
    outer loop
      vertex -0.485860 0.352998 0.129787
      vertex -0.521391 0.265662 0.065702
      vertex -0.473413 0.343955 0.065702
    endloop
  endfacet
  facet normal 0.850028 -0.520898 0.078219
    outer loop
      vertex -0.473413 0.343955 0.065702
      vertex -0.521391 0.265662 0.065702
      vertex -0.516784 0.263314 0.000000
    endloop
  endfacet
  facet normal 0.850028 -0.520898 0.078219
    outer loop
      vertex -0.473413 0.343955 0.065702
      vertex -0.516784 0.263314 0.000000
      vertex -0.469230 0.340915 0.000000
    endloop
  endfacet
  facet normal 0.850028 -0.520898 -0.078219
    outer loop
      vertex -0.469230 0.340915 0.000000
      vertex -0.516784 0.263314 0.000000
      vertex -0.521391 0.265662 -0.065702
    endloop
  endfacet
  facet normal 0.850028 -0.520898 -0.078219
    outer loop
      vertex -0.469230 0.340915 0.000000
      vertex -0.521391 0.265662 -0.065702
      vertex -0.473413 0.343955 -0.065702
    endloop
  endfacet
  facet normal 0.829221 -0.508147 -0.232765
    outer loop
      vertex -0.473413 0.343955 -0.065702
      vertex -0.521391 0.265662 -0.065702
      vertex -0.535100 0.272647 -0.129787
    endloop
  endfacet
  facet normal 0.829221 -0.508147 -0.232765
    outer loop
      vertex -0.473413 0.343955 -0.065702
      vertex -0.535100 0.272647 -0.129787
      vertex -0.485860 0.352998 -0.129787
    endloop
  endfacet
  facet normal 0.788092 -0.482943 -0.381676
    outer loop
      vertex -0.485860 0.352998 -0.129787
      vertex -0.535100 0.272647 -0.129787
      vertex -0.557572 0.284097 -0.190676
    endloop
  endfacet
  facet normal 0.788092 -0.482943 -0.381676
    outer loop
      vertex -0.485860 0.352998 -0.129787
      vertex -0.557572 0.284097 -0.190676
      vertex -0.506264 0.367823 -0.190676
    endloop
  endfacet
  facet normal 0.727607 -0.445878 -0.521326
    outer loop
      vertex -0.506264 0.367823 -0.190676
      vertex -0.557572 0.284097 -0.190676
      vertex -0.588254 0.299730 -0.246870
    endloop
  endfacet
  facet normal 0.727607 -0.445878 -0.521326
    outer loop
      vertex -0.506264 0.367823 -0.190676
      vertex -0.588254 0.299730 -0.246870
      vertex -0.534123 0.388063 -0.246870
    endloop
  endfacet
  facet normal 0.649196 -0.397828 -0.648288
    outer loop
      vertex -0.534123 0.388063 -0.246870
      vertex -0.588254 0.299730 -0.246870
      vertex -0.626391 0.319162 -0.296985
    endloop
  endfacet
  facet normal 0.649196 -0.397828 -0.648288
    outer loop
      vertex -0.534123 0.388063 -0.246870
      vertex -0.626391 0.319162 -0.296985
      vertex -0.568751 0.413222 -0.296985
    endloop
  endfacet
  facet normal 0.554734 -0.339941 -0.759415
    outer loop
      vertex -0.568751 0.413222 -0.296985
      vertex -0.626391 0.319162 -0.296985
      vertex -0.671044 0.341914 -0.339787
    endloop
  endfacet
  facet normal 0.554734 -0.339941 -0.759415
    outer loop
      vertex -0.568751 0.413222 -0.296985
      vertex -0.671044 0.341914 -0.339787
      vertex -0.609295 0.442679 -0.339787
    endloop
  endfacet
  facet normal 0.446503 -0.273618 -0.851920
    outer loop
      vertex -0.609295 0.442679 -0.339787
      vertex -0.671044 0.341914 -0.339787
      vertex -0.721113 0.367425 -0.374223
    endloop
  endfacet
  facet normal 0.446503 -0.273618 -0.851920
    outer loop
      vertex -0.609295 0.442679 -0.339787
      vertex -0.721113 0.367425 -0.374223
      vertex -0.654757 0.475709 -0.374223
    endloop
  endfacet
  facet normal 0.327152 -0.200479 -0.923461
    outer loop
      vertex -0.654757 0.475709 -0.374223
      vertex -0.721113 0.367425 -0.374223
      vertex -0.775365 0.395068 -0.399444
    endloop
  endfacet
  facet normal 0.327152 -0.200479 -0.923461
    outer loop
      vertex -0.654757 0.475709 -0.374223
      vertex -0.775365 0.395068 -0.399444
      vertex -0.704017 0.511498 -0.399444
    endloop
  endfacet
  facet normal 0.199627 -0.122331 -0.972206
    outer loop
      vertex -0.704017 0.511498 -0.399444
      vertex -0.775365 0.395068 -0.399444
      vertex -0.832465 0.424162 -0.414829
    endloop
  endfacet
  facet normal 0.199627 -0.122331 -0.972206
    outer loop
      vertex -0.704017 0.511498 -0.399444
      vertex -0.832465 0.424162 -0.414829
      vertex -0.755863 0.549166 -0.414829
    endloop
  endfacet
  facet normal 0.067103 -0.041121 -0.996898
    outer loop
      vertex -0.755863 0.549166 -0.414829
      vertex -0.832465 0.424162 -0.414829
      vertex -0.891007 0.453990 -0.420000
    endloop
  endfacet
  facet normal 0.067103 -0.041121 -0.996898
    outer loop
      vertex -0.755863 0.549166 -0.414829
      vertex -0.891007 0.453990 -0.420000
      vertex -0.809017 0.587785 -0.420000
    endloop
  endfacet
  facet normal -0.067103 0.041121 -0.996898
    outer loop
      vertex -0.809017 0.587785 -0.420000
      vertex -0.891007 0.453990 -0.420000
      vertex -0.949548 0.483819 -0.414829
    endloop
  endfacet
  facet normal -0.067103 0.041121 -0.996898
    outer loop
      vertex -0.809017 0.587785 -0.420000
      vertex -0.949548 0.483819 -0.414829
      vertex -0.862171 0.626404 -0.414829
    endloop
  endfacet
  facet normal -0.199627 0.122331 -0.972206
    outer loop
      vertex -0.862171 0.626404 -0.414829
      vertex -0.949548 0.483819 -0.414829
      vertex -1.006648 0.512913 -0.399444
    endloop
  endfacet
  facet normal -0.199627 0.122331 -0.972206
    outer loop
      vertex -0.862171 0.626404 -0.414829
      vertex -1.006648 0.512913 -0.399444
      vertex -0.914017 0.664072 -0.399444
    endloop
  endfacet
  facet normal -0.327152 0.200479 -0.923461
    outer loop
      vertex -0.914017 0.664072 -0.399444
      vertex -1.006648 0.512913 -0.399444
      vertex -1.060900 0.540556 -0.374223
    endloop
  endfacet
  facet normal -0.327152 0.200479 -0.923461
    outer loop
      vertex -0.914017 0.664072 -0.399444
      vertex -1.060900 0.540556 -0.374223
      vertex -0.963277 0.699862 -0.374223
    endloop
  endfacet
  facet normal -0.446503 0.273618 -0.851920
    outer loop
      vertex -0.963277 0.699862 -0.374223
      vertex -1.060900 0.540556 -0.374223
      vertex -1.110969 0.566067 -0.339787
    endloop
  endfacet
  facet normal -0.446503 0.273618 -0.851920
    outer loop
      vertex -0.963277 0.699862 -0.374223
      vertex -1.110969 0.566067 -0.339787
      vertex -1.008739 0.732892 -0.339787
    endloop
  endfacet
  facet normal -0.554734 0.339941 -0.759415
    outer loop
      vertex -1.008739 0.732892 -0.339787
      vertex -1.110969 0.566067 -0.339787
      vertex -1.155622 0.588819 -0.296985
    endloop
  endfacet
  facet normal -0.554734 0.339941 -0.759415
    outer loop
      vertex -1.008739 0.732892 -0.339787
      vertex -1.155622 0.588819 -0.296985
      vertex -1.049283 0.762349 -0.296985
    endloop
  endfacet
  facet normal -0.649196 0.397828 -0.648288
    outer loop
      vertex -1.049283 0.762349 -0.296985
      vertex -1.155622 0.588819 -0.296985
      vertex -1.193759 0.608251 -0.246870
    endloop
  endfacet
  facet normal -0.649196 0.397828 -0.648288
    outer loop
      vertex -1.049283 0.762349 -0.296985
      vertex -1.193759 0.608251 -0.246870
      vertex -1.083911 0.787507 -0.246870
    endloop
  endfacet
  facet normal -0.727607 0.445878 -0.521326
    outer loop
      vertex -1.083911 0.787507 -0.246870
      vertex -1.193759 0.608251 -0.246870
      vertex -1.224441 0.623884 -0.190676
    endloop
  endfacet
  facet normal -0.727607 0.445878 -0.521326
    outer loop
      vertex -1.083911 0.787507 -0.246870
      vertex -1.224441 0.623884 -0.190676
      vertex -1.111770 0.807748 -0.190676
    endloop
  endfacet
  facet normal -0.788092 0.482943 -0.381676
    outer loop
      vertex -1.111770 0.807748 -0.190676
      vertex -1.224441 0.623884 -0.190676
      vertex -1.246913 0.635334 -0.129787
    endloop
  endfacet
  facet normal -0.788092 0.482943 -0.381676
    outer loop
      vertex -1.111770 0.807748 -0.190676
      vertex -1.246913 0.635334 -0.129787
      vertex -1.132174 0.822572 -0.129787
    endloop
  endfacet
  facet normal -0.829221 0.508147 -0.232765
    outer loop
      vertex -1.132174 0.822572 -0.129787
      vertex -1.246913 0.635334 -0.129787
      vertex -1.260622 0.642319 -0.065702
    endloop
  endfacet
  facet normal -0.829221 0.508147 -0.232765
    outer loop
      vertex -1.132174 0.822572 -0.129787
      vertex -1.260622 0.642319 -0.065702
      vertex -1.144621 0.831616 -0.065702
    endloop
  endfacet
  facet normal -0.850028 0.520898 -0.078219
    outer loop
      vertex -1.144621 0.831616 -0.065702
      vertex -1.260622 0.642319 -0.065702
      vertex -1.265229 0.644667 -0.000000
    endloop
  endfacet
  facet normal -0.850028 0.520898 -0.078219
    outer loop
      vertex -1.144621 0.831616 -0.065702
      vertex -1.265229 0.644667 -0.000000
      vertex -1.148804 0.834655 -0.000000
    endloop
  endfacet
  facet normal -0.921049 0.381511 0.078219
    outer loop
      vertex -1.265229 0.644667 0.000000
      vertex -1.350500 0.438804 0.000000
      vertex -1.345582 0.437206 0.065702
    endloop
  endfacet
  facet normal -0.921049 0.381511 0.078219
    outer loop
      vertex -1.265229 0.644667 0.000000
      vertex -1.345582 0.437206 0.065702
      vertex -1.260622 0.642319 0.065702
    endloop
  endfacet
  facet normal -0.898503 0.372172 0.232765
    outer loop
      vertex -1.260622 0.642319 0.065702
      vertex -1.345582 0.437206 0.065702
      vertex -1.330950 0.432452 0.129787
    endloop
  endfacet
  facet normal -0.898503 0.372172 0.232765
    outer loop
      vertex -1.260622 0.642319 0.065702
      vertex -1.330950 0.432452 0.129787
      vertex -1.246913 0.635334 0.129787
    endloop
  endfacet
  facet normal -0.853938 0.353713 0.381676
    outer loop
      vertex -1.246913 0.635334 0.129787
      vertex -1.330950 0.432452 0.129787
      vertex -1.306963 0.424658 0.190676
    endloop
  endfacet
  facet normal -0.853938 0.353713 0.381676
    outer loop
      vertex -1.246913 0.635334 0.129787
      vertex -1.306963 0.424658 0.190676
      vertex -1.224441 0.623884 0.190676
    endloop
  endfacet
  facet normal -0.788400 0.326566 0.521326
    outer loop
      vertex -1.224441 0.623884 0.190676
      vertex -1.306963 0.424658 0.190676
      vertex -1.274213 0.414017 0.246870
    endloop
  endfacet
  facet normal -0.788400 0.326566 0.521326
    outer loop
      vertex -1.224441 0.623884 0.190676
      vertex -1.274213 0.414017 0.246870
      vertex -1.193759 0.608251 0.246870
    endloop
  endfacet
  facet normal -0.703437 0.291373 0.648288
    outer loop
      vertex -1.193759 0.608251 0.246870
      vertex -1.274213 0.414017 0.246870
      vertex -1.233506 0.400790 0.296985
    endloop
  endfacet
  facet normal -0.703437 0.291373 0.648288
    outer loop
      vertex -1.193759 0.608251 0.246870
      vertex -1.233506 0.400790 0.296985
      vertex -1.155622 0.588819 0.296985
    endloop
  endfacet
  facet normal -0.601082 0.248977 0.759415
    outer loop
      vertex -1.155622 0.588819 0.296985
      vertex -1.233506 0.400790 0.296985
      vertex -1.185844 0.385304 0.339787
    endloop
  endfacet
  facet normal -0.601082 0.248977 0.759415
    outer loop
      vertex -1.155622 0.588819 0.296985
      vertex -1.185844 0.385304 0.339787
      vertex -1.110969 0.566067 0.339787
    endloop
  endfacet
  facet normal -0.483810 0.200400 0.851920
    outer loop
      vertex -1.110969 0.566067 0.339787
      vertex -1.185844 0.385304 0.339787
      vertex -1.132400 0.367939 0.374223
    endloop
  endfacet
  facet normal -0.483810 0.200400 0.851920
    outer loop
      vertex -1.110969 0.566067 0.339787
      vertex -1.132400 0.367939 0.374223
      vertex -1.060900 0.540556 0.374223
    endloop
  endfacet
  facet normal -0.354486 0.146833 0.923461
    outer loop
      vertex -1.060900 0.540556 0.374223
      vertex -1.132400 0.367939 0.374223
      vertex -1.074491 0.349123 0.399444
    endloop
  endfacet
  facet normal -0.354486 0.146833 0.923461
    outer loop
      vertex -1.060900 0.540556 0.374223
      vertex -1.074491 0.349123 0.399444
      vertex -1.006648 0.512913 0.399444
    endloop
  endfacet
  facet normal -0.216306 0.089597 0.972206
    outer loop
      vertex -1.006648 0.512913 0.399444
      vertex -1.074491 0.349123 0.399444
      vertex -1.013543 0.329320 0.414829
    endloop
  endfacet
  facet normal -0.216306 0.089597 0.972206
    outer loop
      vertex -1.006648 0.512913 0.399444
      vertex -1.013543 0.329320 0.414829
      vertex -0.949548 0.483819 0.414829
    endloop
  endfacet
  facet normal -0.072710 0.030117 0.996898
    outer loop
      vertex -0.949548 0.483819 0.414829
      vertex -1.013543 0.329320 0.414829
      vertex -0.951057 0.309017 0.420000
    endloop
  endfacet
  facet normal -0.072710 0.030117 0.996898
    outer loop
      vertex -0.949548 0.483819 0.414829
      vertex -0.951057 0.309017 0.420000
      vertex -0.891007 0.453990 0.420000
    endloop
  endfacet
  facet normal 0.072710 -0.030117 0.996898
    outer loop
      vertex -0.891007 0.453990 0.420000
      vertex -0.951057 0.309017 0.420000
      vertex -0.888570 0.288714 0.414829
    endloop
  endfacet
  facet normal 0.072710 -0.030117 0.996898
    outer loop
      vertex -0.891007 0.453990 0.420000
      vertex -0.888570 0.288714 0.414829
      vertex -0.832465 0.424162 0.414829
    endloop
  endfacet
  facet normal 0.216306 -0.089597 0.972206
    outer loop
      vertex -0.832465 0.424162 0.414829
      vertex -0.888570 0.288714 0.414829
      vertex -0.827622 0.268911 0.399444
    endloop
  endfacet
  facet normal 0.216306 -0.089597 0.972206
    outer loop
      vertex -0.832465 0.424162 0.414829
      vertex -0.827622 0.268911 0.399444
      vertex -0.775365 0.395068 0.399444
    endloop
  endfacet
  facet normal 0.354486 -0.146833 0.923461
    outer loop
      vertex -0.775365 0.395068 0.399444
      vertex -0.827622 0.268911 0.399444
      vertex -0.769713 0.250095 0.374223
    endloop
  endfacet
  facet normal 0.354486 -0.146833 0.923461
    outer loop
      vertex -0.775365 0.395068 0.399444
      vertex -0.769713 0.250095 0.374223
      vertex -0.721113 0.367425 0.374223
    endloop
  endfacet
  facet normal 0.483810 -0.200400 0.851920
    outer loop
      vertex -0.721113 0.367425 0.374223
      vertex -0.769713 0.250095 0.374223
      vertex -0.716269 0.232730 0.339787
    endloop
  endfacet
  facet normal 0.483810 -0.200400 0.851920
    outer loop
      vertex -0.721113 0.367425 0.374223
      vertex -0.716269 0.232730 0.339787
      vertex -0.671044 0.341914 0.339787
    endloop
  endfacet
  facet normal 0.601082 -0.248977 0.759415
    outer loop
      vertex -0.671044 0.341914 0.339787
      vertex -0.716269 0.232730 0.339787
      vertex -0.668607 0.217244 0.296985
    endloop
  endfacet
  facet normal 0.601082 -0.248977 0.759415
    outer loop
      vertex -0.671044 0.341914 0.339787
      vertex -0.668607 0.217244 0.296985
      vertex -0.626391 0.319162 0.296985
    endloop
  endfacet
  facet normal 0.703437 -0.291373 0.648288
    outer loop
      vertex -0.626391 0.319162 0.296985
      vertex -0.668607 0.217244 0.296985
      vertex -0.627900 0.204017 0.246870
    endloop
  endfacet
  facet normal 0.703437 -0.291373 0.648288
    outer loop
      vertex -0.626391 0.319162 0.296985
      vertex -0.627900 0.204017 0.246870
      vertex -0.588254 0.299730 0.246870
    endloop
  endfacet
  facet normal 0.788400 -0.326566 0.521326
    outer loop
      vertex -0.588254 0.299730 0.246870
      vertex -0.627900 0.204017 0.246870
      vertex -0.595150 0.193376 0.190676
    endloop
  endfacet
  facet normal 0.788400 -0.326566 0.521326
    outer loop
      vertex -0.588254 0.299730 0.246870
      vertex -0.595150 0.193376 0.190676
      vertex -0.557572 0.284097 0.190676
    endloop
  endfacet
  facet normal 0.853938 -0.353713 0.381676
    outer loop
      vertex -0.557572 0.284097 0.190676
      vertex -0.595150 0.193376 0.190676
      vertex -0.571163 0.185582 0.129787
    endloop
  endfacet
  facet normal 0.853938 -0.353713 0.381676
    outer loop
      vertex -0.557572 0.284097 0.190676
      vertex -0.571163 0.185582 0.129787
      vertex -0.535100 0.272647 0.129787
    endloop
  endfacet
  facet normal 0.898503 -0.372172 0.232765
    outer loop
      vertex -0.535100 0.272647 0.129787
      vertex -0.571163 0.185582 0.129787
      vertex -0.556531 0.180828 0.065702
    endloop
  endfacet
  facet normal 0.898503 -0.372172 0.232765
    outer loop
      vertex -0.535100 0.272647 0.129787
      vertex -0.556531 0.180828 0.065702
      vertex -0.521391 0.265662 0.065702
    endloop
  endfacet
  facet normal 0.921049 -0.381511 0.078219
    outer loop
      vertex -0.521391 0.265662 0.065702
      vertex -0.556531 0.180828 0.065702
      vertex -0.551613 0.179230 0.000000
    endloop
  endfacet
  facet normal 0.921049 -0.381511 0.078219
    outer loop
      vertex -0.521391 0.265662 0.065702
      vertex -0.551613 0.179230 0.000000
      vertex -0.516784 0.263314 0.000000
    endloop
  endfacet
  facet normal 0.921049 -0.381511 -0.078219
    outer loop
      vertex -0.516784 0.263314 0.000000
      vertex -0.551613 0.179230 0.000000
      vertex -0.556531 0.180828 -0.065702
    endloop
  endfacet
  facet normal 0.921049 -0.381511 -0.078219
    outer loop
      vertex -0.516784 0.263314 0.000000
      vertex -0.556531 0.180828 -0.065702
      vertex -0.521391 0.265662 -0.065702
    endloop
  endfacet
  facet normal 0.898503 -0.372172 -0.232765
    outer loop
      vertex -0.521391 0.265662 -0.065702
      vertex -0.556531 0.180828 -0.065702
      vertex -0.571163 0.185582 -0.129787
    endloop
  endfacet
  facet normal 0.898503 -0.372172 -0.232765
    outer loop
      vertex -0.521391 0.265662 -0.065702
      vertex -0.571163 0.185582 -0.129787
      vertex -0.535100 0.272647 -0.129787
    endloop
  endfacet
  facet normal 0.853938 -0.353713 -0.381676
    outer loop
      vertex -0.535100 0.272647 -0.129787
      vertex -0.571163 0.185582 -0.129787
      vertex -0.595150 0.193376 -0.190676
    endloop
  endfacet
  facet normal 0.853938 -0.353713 -0.381676
    outer loop
      vertex -0.535100 0.272647 -0.129787
      vertex -0.595150 0.193376 -0.190676
      vertex -0.557572 0.284097 -0.190676
    endloop
  endfacet
  facet normal 0.788400 -0.326566 -0.521326
    outer loop
      vertex -0.557572 0.284097 -0.190676
      vertex -0.595150 0.193376 -0.190676
      vertex -0.627900 0.204017 -0.246870
    endloop
  endfacet
  facet normal 0.788400 -0.326566 -0.521326
    outer loop
      vertex -0.557572 0.284097 -0.190676
      vertex -0.627900 0.204017 -0.246870
      vertex -0.588254 0.299730 -0.246870
    endloop
  endfacet
  facet normal 0.703437 -0.291373 -0.648288
    outer loop
      vertex -0.588254 0.299730 -0.246870
      vertex -0.627900 0.204017 -0.246870
      vertex -0.668607 0.217244 -0.296985
    endloop
  endfacet
  facet normal 0.703437 -0.291373 -0.648288
    outer loop
      vertex -0.588254 0.299730 -0.246870
      vertex -0.668607 0.217244 -0.296985
      vertex -0.626391 0.319162 -0.296985
    endloop
  endfacet
  facet normal 0.601082 -0.248977 -0.759415
    outer loop
      vertex -0.626391 0.319162 -0.296985
      vertex -0.668607 0.217244 -0.296985
      vertex -0.716269 0.232730 -0.339787
    endloop
  endfacet
  facet normal 0.601082 -0.248977 -0.759415
    outer loop
      vertex -0.626391 0.319162 -0.296985
      vertex -0.716269 0.232730 -0.339787
      vertex -0.671044 0.341914 -0.339787
    endloop
  endfacet
  facet normal 0.483810 -0.200400 -0.851920
    outer loop
      vertex -0.671044 0.341914 -0.339787
      vertex -0.716269 0.232730 -0.339787
      vertex -0.769713 0.250095 -0.374223
    endloop
  endfacet
  facet normal 0.483810 -0.200400 -0.851920
    outer loop
      vertex -0.671044 0.341914 -0.339787
      vertex -0.769713 0.250095 -0.374223
      vertex -0.721113 0.367425 -0.374223
    endloop
  endfacet
  facet normal 0.354486 -0.146833 -0.923461
    outer loop
      vertex -0.721113 0.367425 -0.374223
      vertex -0.769713 0.250095 -0.374223
      vertex -0.827622 0.268911 -0.399444
    endloop
  endfacet
  facet normal 0.354486 -0.146833 -0.923461
    outer loop
      vertex -0.721113 0.367425 -0.374223
      vertex -0.827622 0.268911 -0.399444
      vertex -0.775365 0.395068 -0.399444
    endloop
  endfacet
  facet normal 0.216306 -0.089597 -0.972206
    outer loop
      vertex -0.775365 0.395068 -0.399444
      vertex -0.827622 0.268911 -0.399444
      vertex -0.888570 0.288714 -0.414829
    endloop
  endfacet
  facet normal 0.216306 -0.089597 -0.972206
    outer loop
      vertex -0.775365 0.395068 -0.399444
      vertex -0.888570 0.288714 -0.414829
      vertex -0.832465 0.424162 -0.414829
    endloop
  endfacet
  facet normal 0.072710 -0.030117 -0.996898
    outer loop
      vertex -0.832465 0.424162 -0.414829
      vertex -0.888570 0.288714 -0.414829
      vertex -0.951057 0.309017 -0.420000
    endloop
  endfacet
  facet normal 0.072710 -0.030117 -0.996898
    outer loop
      vertex -0.832465 0.424162 -0.414829
      vertex -0.951057 0.309017 -0.420000
      vertex -0.891007 0.453990 -0.420000
    endloop
  endfacet
  facet normal -0.072710 0.030117 -0.996898
    outer loop
      vertex -0.891007 0.453990 -0.420000
      vertex -0.951057 0.309017 -0.420000
      vertex -1.013543 0.329320 -0.414829
    endloop
  endfacet
  facet normal -0.072710 0.030117 -0.996898
    outer loop
      vertex -0.891007 0.453990 -0.420000
      vertex -1.013543 0.329320 -0.414829
      vertex -0.949548 0.483819 -0.414829
    endloop
  endfacet
  facet normal -0.216306 0.089597 -0.972206
    outer loop
      vertex -0.949548 0.483819 -0.414829
      vertex -1.013543 0.329320 -0.414829
      vertex -1.074491 0.349123 -0.399444
    endloop
  endfacet
  facet normal -0.216306 0.089597 -0.972206
    outer loop
      vertex -0.949548 0.483819 -0.414829
      vertex -1.074491 0.349123 -0.399444
      vertex -1.006648 0.512913 -0.399444
    endloop
  endfacet
  facet normal -0.354486 0.146833 -0.923461
    outer loop
      vertex -1.006648 0.512913 -0.399444
      vertex -1.074491 0.349123 -0.399444
      vertex -1.132400 0.367939 -0.374223
    endloop
  endfacet
  facet normal -0.354486 0.146833 -0.923461
    outer loop
      vertex -1.006648 0.512913 -0.399444
      vertex -1.132400 0.367939 -0.374223
      vertex -1.060900 0.540556 -0.374223
    endloop
  endfacet
  facet normal -0.483810 0.200400 -0.851920
    outer loop
      vertex -1.060900 0.540556 -0.374223
      vertex -1.132400 0.367939 -0.374223
      vertex -1.185844 0.385304 -0.339787
    endloop
  endfacet
  facet normal -0.483810 0.200400 -0.851920
    outer loop
      vertex -1.060900 0.540556 -0.374223
      vertex -1.185844 0.385304 -0.339787
      vertex -1.110969 0.566067 -0.339787
    endloop
  endfacet
  facet normal -0.601082 0.248977 -0.759415
    outer loop
      vertex -1.110969 0.566067 -0.339787
      vertex -1.185844 0.385304 -0.339787
      vertex -1.233506 0.400790 -0.296985
    endloop
  endfacet
  facet normal -0.601082 0.248977 -0.759415
    outer loop
      vertex -1.110969 0.566067 -0.339787
      vertex -1.233506 0.400790 -0.296985
      vertex -1.155622 0.588819 -0.296985
    endloop
  endfacet
  facet normal -0.703437 0.291373 -0.648288
    outer loop
      vertex -1.155622 0.588819 -0.296985
      vertex -1.233506 0.400790 -0.296985
      vertex -1.274213 0.414017 -0.246870
    endloop
  endfacet
  facet normal -0.703437 0.291373 -0.648288
    outer loop
      vertex -1.155622 0.588819 -0.296985
      vertex -1.274213 0.414017 -0.246870
      vertex -1.193759 0.608251 -0.246870
    endloop
  endfacet
  facet normal -0.788400 0.326566 -0.521326
    outer loop
      vertex -1.193759 0.608251 -0.246870
      vertex -1.274213 0.414017 -0.246870
      vertex -1.306963 0.424658 -0.190676
    endloop
  endfacet
  facet normal -0.788400 0.326566 -0.521326
    outer loop
      vertex -1.193759 0.608251 -0.246870
      vertex -1.306963 0.424658 -0.190676
      vertex -1.224441 0.623884 -0.190676
    endloop
  endfacet
  facet normal -0.853938 0.353713 -0.381676
    outer loop
      vertex -1.224441 0.623884 -0.190676
      vertex -1.306963 0.424658 -0.190676
      vertex -1.330950 0.432452 -0.129787
    endloop
  endfacet
  facet normal -0.853938 0.353713 -0.381676
    outer loop
      vertex -1.224441 0.623884 -0.190676
      vertex -1.330950 0.432452 -0.129787
      vertex -1.246913 0.635334 -0.129787
    endloop
  endfacet
  facet normal -0.898503 0.372172 -0.232765
    outer loop
      vertex -1.246913 0.635334 -0.129787
      vertex -1.330950 0.432452 -0.129787
      vertex -1.345582 0.437206 -0.065702
    endloop
  endfacet
  facet normal -0.898503 0.372172 -0.232765
    outer loop
      vertex -1.246913 0.635334 -0.129787
      vertex -1.345582 0.437206 -0.065702
      vertex -1.260622 0.642319 -0.065702
    endloop
  endfacet
  facet normal -0.921049 0.381511 -0.078219
    outer loop
      vertex -1.260622 0.642319 -0.065702
      vertex -1.345582 0.437206 -0.065702
      vertex -1.350500 0.438804 -0.000000
    endloop
  endfacet
  facet normal -0.921049 0.381511 -0.078219
    outer loop
      vertex -1.260622 0.642319 -0.065702
      vertex -1.350500 0.438804 -0.000000
      vertex -1.265229 0.644667 -0.000000
    endloop
  endfacet
  facet normal -0.969391 0.232730 0.078219
    outer loop
      vertex -1.350500 0.438804 0.000000
      vertex -1.402517 0.222137 0.000000
      vertex -1.397410 0.221328 0.065702
    endloop
  endfacet
  facet normal -0.969391 0.232730 0.078219
    outer loop
      vertex -1.350500 0.438804 0.000000
      vertex -1.397410 0.221328 0.065702
      vertex -1.345582 0.437206 0.065702
    endloop
  endfacet
  facet normal -0.945662 0.227033 0.232765
    outer loop
      vertex -1.345582 0.437206 0.065702
      vertex -1.397410 0.221328 0.065702
      vertex -1.382214 0.218921 0.129787
    endloop
  endfacet
  facet normal -0.945662 0.227033 0.232765
    outer loop
      vertex -1.345582 0.437206 0.065702
      vertex -1.382214 0.218921 0.129787
      vertex -1.330950 0.432452 0.129787
    endloop
  endfacet
  facet normal -0.898758 0.215773 0.381676
    outer loop
      vertex -1.330950 0.432452 0.129787
      vertex -1.382214 0.218921 0.129787
      vertex -1.357304 0.214976 0.190676
    endloop
  endfacet
  facet normal -0.898758 0.215773 0.381676
    outer loop
      vertex -1.330950 0.432452 0.129787
      vertex -1.357304 0.214976 0.190676
      vertex -1.306963 0.424658 0.190676
    endloop
  endfacet
  facet normal -0.829779 0.199212 0.521326
    outer loop
      vertex -1.306963 0.424658 0.190676
      vertex -1.357304 0.214976 0.190676
      vertex -1.323292 0.209589 0.246870
    endloop
  endfacet
  facet normal -0.829779 0.199212 0.521326
    outer loop
      vertex -1.306963 0.424658 0.190676
      vertex -1.323292 0.209589 0.246870
      vertex -1.274213 0.414017 0.246870
    endloop
  endfacet
  facet normal -0.740358 0.177744 0.648288
    outer loop
      vertex -1.274213 0.414017 0.246870
      vertex -1.323292 0.209589 0.246870
      vertex -1.281017 0.202893 0.296985
    endloop
  endfacet
  facet normal -0.740358 0.177744 0.648288
    outer loop
      vertex -1.274213 0.414017 0.246870
      vertex -1.281017 0.202893 0.296985
      vertex -1.233506 0.400790 0.296985
    endloop
  endfacet
  facet normal -0.632631 0.151881 0.759415
    outer loop
      vertex -1.233506 0.400790 0.296985
      vertex -1.281017 0.202893 0.296985
      vertex -1.231519 0.195053 0.339787
    endloop
  endfacet
  facet normal -0.632631 0.151881 0.759415
    outer loop
      vertex -1.233506 0.400790 0.296985
      vertex -1.231519 0.195053 0.339787
      vertex -1.185844 0.385304 0.339787
    endloop
  endfacet
  facet normal -0.509203 0.122249 0.851920
    outer loop
      vertex -1.185844 0.385304 0.339787
      vertex -1.231519 0.195053 0.339787
      vertex -1.176017 0.186263 0.374223
    endloop
  endfacet
  facet normal -0.509203 0.122249 0.851920
    outer loop
      vertex -1.185844 0.385304 0.339787
      vertex -1.176017 0.186263 0.374223
      vertex -1.132400 0.367939 0.374223
    endloop
  endfacet
  facet normal -0.373091 0.089571 0.923461
    outer loop
      vertex -1.132400 0.367939 0.374223
      vertex -1.176017 0.186263 0.374223
      vertex -1.115878 0.176738 0.399444
    endloop
  endfacet
  facet normal -0.373091 0.089571 0.923461
    outer loop
      vertex -1.132400 0.367939 0.374223
      vertex -1.115878 0.176738 0.399444
      vertex -1.074491 0.349123 0.399444
    endloop
  endfacet
  facet normal -0.227659 0.054656 0.972206
    outer loop
      vertex -1.074491 0.349123 0.399444
      vertex -1.115878 0.176738 0.399444
      vertex -1.052582 0.166713 0.414829
    endloop
  endfacet
  facet normal -0.227659 0.054656 0.972206
    outer loop
      vertex -1.074491 0.349123 0.399444
      vertex -1.052582 0.166713 0.414829
      vertex -1.013543 0.329320 0.414829
    endloop
  endfacet
  facet normal -0.076526 0.018372 0.996898
    outer loop
      vertex -1.013543 0.329320 0.414829
      vertex -1.052582 0.166713 0.414829
      vertex -0.987688 0.156434 0.420000
    endloop
  endfacet
  facet normal -0.076526 0.018372 0.996898
    outer loop
      vertex -1.013543 0.329320 0.414829
      vertex -0.987688 0.156434 0.420000
      vertex -0.951057 0.309017 0.420000
    endloop
  endfacet
  facet normal 0.076526 -0.018372 0.996898
    outer loop
      vertex -0.951057 0.309017 0.420000
      vertex -0.987688 0.156434 0.420000
      vertex -0.922795 0.146156 0.414829
    endloop
  endfacet
  facet normal 0.076526 -0.018372 0.996898
    outer loop
      vertex -0.951057 0.309017 0.420000
      vertex -0.922795 0.146156 0.414829
      vertex -0.888570 0.288714 0.414829
    endloop
  endfacet
  facet normal 0.227659 -0.054656 0.972206
    outer loop
      vertex -0.888570 0.288714 0.414829
      vertex -0.922795 0.146156 0.414829
      vertex -0.859499 0.136131 0.399444
    endloop
  endfacet
  facet normal 0.227659 -0.054656 0.972206
    outer loop
      vertex -0.888570 0.288714 0.414829
      vertex -0.859499 0.136131 0.399444
      vertex -0.827622 0.268911 0.399444
    endloop
  endfacet
  facet normal 0.373091 -0.089571 0.923461
    outer loop
      vertex -0.827622 0.268911 0.399444
      vertex -0.859499 0.136131 0.399444
      vertex -0.799360 0.126606 0.374223
    endloop
  endfacet
  facet normal 0.373091 -0.089571 0.923461
    outer loop
      vertex -0.827622 0.268911 0.399444
      vertex -0.799360 0.126606 0.374223
      vertex -0.769713 0.250095 0.374223
    endloop
  endfacet
  facet normal 0.509203 -0.122249 0.851920
    outer loop
      vertex -0.769713 0.250095 0.374223
      vertex -0.799360 0.126606 0.374223
      vertex -0.743858 0.117816 0.339787
    endloop
  endfacet
  facet normal 0.509203 -0.122249 0.851920
    outer loop
      vertex -0.769713 0.250095 0.374223
      vertex -0.743858 0.117816 0.339787
      vertex -0.716269 0.232730 0.339787
    endloop
  endfacet
  facet normal 0.632631 -0.151881 0.759415
    outer loop
      vertex -0.716269 0.232730 0.339787
      vertex -0.743858 0.117816 0.339787
      vertex -0.694360 0.109976 0.296985
    endloop
  endfacet
  facet normal 0.632631 -0.151881 0.759415
    outer loop
      vertex -0.716269 0.232730 0.339787
      vertex -0.694360 0.109976 0.296985
      vertex -0.668607 0.217244 0.296985
    endloop
  endfacet
  facet normal 0.740358 -0.177744 0.648288
    outer loop
      vertex -0.668607 0.217244 0.296985
      vertex -0.694360 0.109976 0.296985
      vertex -0.652085 0.103280 0.246870
    endloop
  endfacet
  facet normal 0.740358 -0.177744 0.648288
    outer loop
      vertex -0.668607 0.217244 0.296985
      vertex -0.652085 0.103280 0.246870
      vertex -0.627900 0.204017 0.246870
    endloop
  endfacet
  facet normal 0.829779 -0.199212 0.521326
    outer loop
      vertex -0.627900 0.204017 0.246870
      vertex -0.652085 0.103280 0.246870
      vertex -0.618073 0.097893 0.190676
    endloop
  endfacet
  facet normal 0.829779 -0.199212 0.521326
    outer loop
      vertex -0.627900 0.204017 0.246870
      vertex -0.618073 0.097893 0.190676
      vertex -0.595150 0.193376 0.190676
    endloop
  endfacet
  facet normal 0.898758 -0.215773 0.381676
    outer loop
      vertex -0.595150 0.193376 0.190676
      vertex -0.618073 0.097893 0.190676
      vertex -0.593162 0.093948 0.129787
    endloop
  endfacet
  facet normal 0.898758 -0.215773 0.381676
    outer loop
      vertex -0.595150 0.193376 0.190676
      vertex -0.593162 0.093948 0.129787
      vertex -0.571163 0.185582 0.129787
    endloop
  endfacet
  facet normal 0.945662 -0.227033 0.232765
    outer loop
      vertex -0.571163 0.185582 0.129787
      vertex -0.593162 0.093948 0.129787
      vertex -0.577966 0.091541 0.065702
    endloop
  endfacet
  facet normal 0.945662 -0.227033 0.232765
    outer loop
      vertex -0.571163 0.185582 0.129787
      vertex -0.577966 0.091541 0.065702
      vertex -0.556531 0.180828 0.065702
    endloop
  endfacet
  facet normal 0.969391 -0.232730 0.078219
    outer loop
      vertex -0.556531 0.180828 0.065702
      vertex -0.577966 0.091541 0.065702
      vertex -0.572859 0.090732 0.000000
    endloop
  endfacet
  facet normal 0.969391 -0.232730 0.078219
    outer loop
      vertex -0.556531 0.180828 0.065702
      vertex -0.572859 0.090732 0.000000
      vertex -0.551613 0.179230 0.000000
    endloop
  endfacet
  facet normal 0.969391 -0.232730 -0.078219
    outer loop
      vertex -0.551613 0.179230 0.000000
      vertex -0.572859 0.090732 0.000000
      vertex -0.577966 0.091541 -0.065702
    endloop
  endfacet
  facet normal 0.969391 -0.232730 -0.078219
    outer loop
      vertex -0.551613 0.179230 0.000000
      vertex -0.577966 0.091541 -0.065702
      vertex -0.556531 0.180828 -0.065702
    endloop
  endfacet
  facet normal 0.945662 -0.227033 -0.232765
    outer loop
      vertex -0.556531 0.180828 -0.065702
      vertex -0.577966 0.091541 -0.065702
      vertex -0.593162 0.093948 -0.129787
    endloop
  endfacet
  facet normal 0.945662 -0.227033 -0.232765
    outer loop
      vertex -0.556531 0.180828 -0.065702
      vertex -0.593162 0.093948 -0.129787
      vertex -0.571163 0.185582 -0.129787
    endloop
  endfacet
  facet normal 0.898758 -0.215773 -0.381676
    outer loop
      vertex -0.571163 0.185582 -0.129787
      vertex -0.593162 0.093948 -0.129787
      vertex -0.618073 0.097893 -0.190676
    endloop
  endfacet
  facet normal 0.898758 -0.215773 -0.381676
    outer loop
      vertex -0.571163 0.185582 -0.129787
      vertex -0.618073 0.097893 -0.190676
      vertex -0.595150 0.193376 -0.190676
    endloop
  endfacet
  facet normal 0.829779 -0.199212 -0.521326
    outer loop
      vertex -0.595150 0.193376 -0.190676
      vertex -0.618073 0.097893 -0.190676
      vertex -0.652085 0.103280 -0.246870
    endloop
  endfacet
  facet normal 0.829779 -0.199212 -0.521326
    outer loop
      vertex -0.595150 0.193376 -0.190676
      vertex -0.652085 0.103280 -0.246870
      vertex -0.627900 0.204017 -0.246870
    endloop
  endfacet
  facet normal 0.740358 -0.177744 -0.648288
    outer loop
      vertex -0.627900 0.204017 -0.246870
      vertex -0.652085 0.103280 -0.246870
      vertex -0.694360 0.109976 -0.296985
    endloop
  endfacet
  facet normal 0.740358 -0.177744 -0.648288
    outer loop
      vertex -0.627900 0.204017 -0.246870
      vertex -0.694360 0.109976 -0.296985
      vertex -0.668607 0.217244 -0.296985
    endloop
  endfacet
  facet normal 0.632631 -0.151881 -0.759415
    outer loop
      vertex -0.668607 0.217244 -0.296985
      vertex -0.694360 0.109976 -0.296985
      vertex -0.743858 0.117816 -0.339787
    endloop
  endfacet
  facet normal 0.632631 -0.151881 -0.759415
    outer loop
      vertex -0.668607 0.217244 -0.296985
      vertex -0.743858 0.117816 -0.339787
      vertex -0.716269 0.232730 -0.339787
    endloop
  endfacet
  facet normal 0.509203 -0.122249 -0.851920
    outer loop
      vertex -0.716269 0.232730 -0.339787
      vertex -0.743858 0.117816 -0.339787
      vertex -0.799360 0.126606 -0.374223
    endloop
  endfacet
  facet normal 0.509203 -0.122249 -0.851920
    outer loop
      vertex -0.716269 0.232730 -0.339787
      vertex -0.799360 0.126606 -0.374223
      vertex -0.769713 0.250095 -0.374223
    endloop
  endfacet
  facet normal 0.373091 -0.089571 -0.923461
    outer loop
      vertex -0.769713 0.250095 -0.374223
      vertex -0.799360 0.126606 -0.374223
      vertex -0.859499 0.136131 -0.399444
    endloop
  endfacet
  facet normal 0.373091 -0.089571 -0.923461
    outer loop
      vertex -0.769713 0.250095 -0.374223
      vertex -0.859499 0.136131 -0.399444
      vertex -0.827622 0.268911 -0.399444
    endloop
  endfacet
  facet normal 0.227659 -0.054656 -0.972206
    outer loop
      vertex -0.827622 0.268911 -0.399444
      vertex -0.859499 0.136131 -0.399444
      vertex -0.922795 0.146156 -0.414829
    endloop
  endfacet
  facet normal 0.227659 -0.054656 -0.972206
    outer loop
      vertex -0.827622 0.268911 -0.399444
      vertex -0.922795 0.146156 -0.414829
      vertex -0.888570 0.288714 -0.414829
    endloop
  endfacet
  facet normal 0.076526 -0.018372 -0.996898
    outer loop
      vertex -0.888570 0.288714 -0.414829
      vertex -0.922795 0.146156 -0.414829
      vertex -0.987688 0.156434 -0.420000
    endloop
  endfacet
  facet normal 0.076526 -0.018372 -0.996898
    outer loop
      vertex -0.888570 0.288714 -0.414829
      vertex -0.987688 0.156434 -0.420000
      vertex -0.951057 0.309017 -0.420000
    endloop
  endfacet
  facet normal -0.076526 0.018372 -0.996898
    outer loop
      vertex -0.951057 0.309017 -0.420000
      vertex -0.987688 0.156434 -0.420000
      vertex -1.052582 0.166713 -0.414829
    endloop
  endfacet
  facet normal -0.076526 0.018372 -0.996898
    outer loop
      vertex -0.951057 0.309017 -0.420000
      vertex -1.052582 0.166713 -0.414829
      vertex -1.013543 0.329320 -0.414829
    endloop
  endfacet
  facet normal -0.227659 0.054656 -0.972206
    outer loop
      vertex -1.013543 0.329320 -0.414829
      vertex -1.052582 0.166713 -0.414829
      vertex -1.115878 0.176738 -0.399444
    endloop
  endfacet
  facet normal -0.227659 0.054656 -0.972206
    outer loop
      vertex -1.013543 0.329320 -0.414829
      vertex -1.115878 0.176738 -0.399444
      vertex -1.074491 0.349123 -0.399444
    endloop
  endfacet
  facet normal -0.373091 0.089571 -0.923461
    outer loop
      vertex -1.074491 0.349123 -0.399444
      vertex -1.115878 0.176738 -0.399444
      vertex -1.176017 0.186263 -0.374223
    endloop
  endfacet
  facet normal -0.373091 0.089571 -0.923461
    outer loop
      vertex -1.074491 0.349123 -0.399444
      vertex -1.176017 0.186263 -0.374223
      vertex -1.132400 0.367939 -0.374223
    endloop
  endfacet
  facet normal -0.509203 0.122249 -0.851920
    outer loop
      vertex -1.132400 0.367939 -0.374223
      vertex -1.176017 0.186263 -0.374223
      vertex -1.231519 0.195053 -0.339787
    endloop
  endfacet
  facet normal -0.509203 0.122249 -0.851920
    outer loop
      vertex -1.132400 0.367939 -0.374223
      vertex -1.231519 0.195053 -0.339787
      vertex -1.185844 0.385304 -0.339787
    endloop
  endfacet
  facet normal -0.632631 0.151881 -0.759415
    outer loop
      vertex -1.185844 0.385304 -0.339787
      vertex -1.231519 0.195053 -0.339787
      vertex -1.281017 0.202893 -0.296985
    endloop
  endfacet
  facet normal -0.632631 0.151881 -0.759415
    outer loop
      vertex -1.185844 0.385304 -0.339787
      vertex -1.281017 0.202893 -0.296985
      vertex -1.233506 0.400790 -0.296985
    endloop
  endfacet
  facet normal -0.740358 0.177744 -0.648288
    outer loop
      vertex -1.233506 0.400790 -0.296985
      vertex -1.281017 0.202893 -0.296985
      vertex -1.323292 0.209589 -0.246870
    endloop
  endfacet
  facet normal -0.740358 0.177744 -0.648288
    outer loop
      vertex -1.233506 0.400790 -0.296985
      vertex -1.323292 0.209589 -0.246870
      vertex -1.274213 0.414017 -0.246870
    endloop
  endfacet
  facet normal -0.829779 0.199212 -0.521326
    outer loop
      vertex -1.274213 0.414017 -0.246870
      vertex -1.323292 0.209589 -0.246870
      vertex -1.357304 0.214976 -0.190676
    endloop
  endfacet
  facet normal -0.829779 0.199212 -0.521326
    outer loop
      vertex -1.274213 0.414017 -0.246870
      vertex -1.357304 0.214976 -0.190676
      vertex -1.306963 0.424658 -0.190676
    endloop
  endfacet
  facet normal -0.898758 0.215773 -0.381676
    outer loop
      vertex -1.306963 0.424658 -0.190676
      vertex -1.357304 0.214976 -0.190676
      vertex -1.382214 0.218921 -0.129787
    endloop
  endfacet
  facet normal -0.898758 0.215773 -0.381676
    outer loop
      vertex -1.306963 0.424658 -0.190676
      vertex -1.382214 0.218921 -0.129787
      vertex -1.330950 0.432452 -0.129787
    endloop
  endfacet
  facet normal -0.945662 0.227033 -0.232765
    outer loop
      vertex -1.330950 0.432452 -0.129787
      vertex -1.382214 0.218921 -0.129787
      vertex -1.397410 0.221328 -0.065702
    endloop
  endfacet
  facet normal -0.945662 0.227033 -0.232765
    outer loop
      vertex -1.330950 0.432452 -0.129787
      vertex -1.397410 0.221328 -0.065702
      vertex -1.345582 0.437206 -0.065702
    endloop
  endfacet
  facet normal -0.969391 0.232730 -0.078219
    outer loop
      vertex -1.345582 0.437206 -0.065702
      vertex -1.397410 0.221328 -0.065702
      vertex -1.402517 0.222137 -0.000000
    endloop
  endfacet
  facet normal -0.969391 0.232730 -0.078219
    outer loop
      vertex -1.345582 0.437206 -0.065702
      vertex -1.402517 0.222137 -0.000000
      vertex -1.350500 0.438804 -0.000000
    endloop
  endfacet
  facet normal -0.993863 0.078219 0.078219
    outer loop
      vertex -1.402517 0.222137 0.000000
      vertex -1.420000 0.000000 0.000000
      vertex -1.414829 0.000000 0.065702
    endloop
  endfacet
  facet normal -0.993863 0.078219 0.078219
    outer loop
      vertex -1.402517 0.222137 0.000000
      vertex -1.414829 0.000000 0.065702
      vertex -1.397410 0.221328 0.065702
    endloop
  endfacet
  facet normal -0.969535 0.076304 0.232765
    outer loop
      vertex -1.397410 0.221328 0.065702
      vertex -1.414829 0.000000 0.065702
      vertex -1.399444 0.000000 0.129787
    endloop
  endfacet
  facet normal -0.969535 0.076304 0.232765
    outer loop
      vertex -1.397410 0.221328 0.065702
      vertex -1.399444 0.000000 0.129787
      vertex -1.382214 0.218921 0.129787
    endloop
  endfacet
  facet normal -0.921447 0.072519 0.381676
    outer loop
      vertex -1.382214 0.218921 0.129787
      vertex -1.399444 0.000000 0.129787
      vertex -1.374223 0.000000 0.190676
    endloop
  endfacet
  facet normal -0.921447 0.072519 0.381676
    outer loop
      vertex -1.382214 0.218921 0.129787
      vertex -1.374223 0.000000 0.190676
      vertex -1.357304 0.214976 0.190676
    endloop
  endfacet
  facet normal -0.850727 0.066954 0.521326
    outer loop
      vertex -1.357304 0.214976 0.190676
      vertex -1.374223 0.000000 0.190676
      vertex -1.339787 0.000000 0.246870
    endloop
  endfacet
  facet normal -0.850727 0.066954 0.521326
    outer loop
      vertex -1.357304 0.214976 0.190676
      vertex -1.339787 0.000000 0.246870
      vertex -1.323292 0.209589 0.246870
    endloop
  endfacet
  facet normal -0.759048 0.059738 0.648288
    outer loop
      vertex -1.323292 0.209589 0.246870
      vertex -1.339787 0.000000 0.246870
      vertex -1.296985 0.000000 0.296985
    endloop
  endfacet
  facet normal -0.759048 0.059738 0.648288
    outer loop
      vertex -1.323292 0.209589 0.246870
      vertex -1.296985 0.000000 0.296985
      vertex -1.281017 0.202893 0.296985
    endloop
  endfacet
  facet normal -0.648601 0.051046 0.759415
    outer loop
      vertex -1.281017 0.202893 0.296985
      vertex -1.296985 0.000000 0.296985
      vertex -1.246870 0.000000 0.339787
    endloop
  endfacet
  facet normal -0.648601 0.051046 0.759415
    outer loop
      vertex -1.281017 0.202893 0.296985
      vertex -1.246870 0.000000 0.339787
      vertex -1.231519 0.195053 0.339787
    endloop
  endfacet
  facet normal -0.522057 0.041087 0.851920
    outer loop
      vertex -1.231519 0.195053 0.339787
      vertex -1.246870 0.000000 0.339787
      vertex -1.190676 0.000000 0.374223
    endloop
  endfacet
  facet normal -0.522057 0.041087 0.851920
    outer loop
      vertex -1.231519 0.195053 0.339787
      vertex -1.190676 0.000000 0.374223
      vertex -1.176017 0.186263 0.374223
    endloop
  endfacet
  facet normal -0.382510 0.030104 0.923461
    outer loop
      vertex -1.176017 0.186263 0.374223
      vertex -1.190676 0.000000 0.374223
      vertex -1.129787 0.000000 0.399444
    endloop
  endfacet
  facet normal -0.382510 0.030104 0.923461
    outer loop
      vertex -1.176017 0.186263 0.374223
      vertex -1.129787 0.000000 0.399444
      vertex -1.115878 0.176738 0.399444
    endloop
  endfacet
  facet normal -0.233406 0.018369 0.972206
    outer loop
      vertex -1.115878 0.176738 0.399444
      vertex -1.129787 0.000000 0.399444
      vertex -1.065702 0.000000 0.414829
    endloop
  endfacet
  facet normal -0.233406 0.018369 0.972206
    outer loop
      vertex -1.115878 0.176738 0.399444
      vertex -1.065702 0.000000 0.414829
      vertex -1.052582 0.166713 0.414829
    endloop
  endfacet
  facet normal -0.078458 0.006175 0.996898
    outer loop
      vertex -1.052582 0.166713 0.414829
      vertex -1.065702 0.000000 0.414829
      vertex -1.000000 0.000000 0.420000
    endloop
  endfacet
  facet normal -0.078458 0.006175 0.996898
    outer loop
      vertex -1.052582 0.166713 0.414829
      vertex -1.000000 0.000000 0.420000
      vertex -0.987688 0.156434 0.420000
    endloop
  endfacet
  facet normal 0.078458 -0.006175 0.996898
    outer loop
      vertex -0.987688 0.156434 0.420000
      vertex -1.000000 0.000000 0.420000
      vertex -0.934298 0.000000 0.414829
    endloop
  endfacet
  facet normal 0.078458 -0.006175 0.996898
    outer loop
      vertex -0.987688 0.156434 0.420000
      vertex -0.934298 0.000000 0.414829
      vertex -0.922795 0.146156 0.414829
    endloop
  endfacet
  facet normal 0.233406 -0.018369 0.972206
    outer loop
      vertex -0.922795 0.146156 0.414829
      vertex -0.934298 0.000000 0.414829
      vertex -0.870213 0.000000 0.399444
    endloop
  endfacet
  facet normal 0.233406 -0.018369 0.972206
    outer loop
      vertex -0.922795 0.146156 0.414829
      vertex -0.870213 0.000000 0.399444
      vertex -0.859499 0.136131 0.399444
    endloop
  endfacet
  facet normal 0.382510 -0.030104 0.923461
    outer loop
      vertex -0.859499 0.136131 0.399444
      vertex -0.870213 0.000000 0.399444
      vertex -0.809324 0.000000 0.374223
    endloop
  endfacet
  facet normal 0.382510 -0.030104 0.923461
    outer loop
      vertex -0.859499 0.136131 0.399444
      vertex -0.809324 0.000000 0.374223
      vertex -0.799360 0.126606 0.374223
    endloop
  endfacet
  facet normal 0.522057 -0.041087 0.851920
    outer loop
      vertex -0.799360 0.126606 0.374223
      vertex -0.809324 0.000000 0.374223
      vertex -0.753130 0.000000 0.339787
    endloop
  endfacet
  facet normal 0.522057 -0.041087 0.851920
    outer loop
      vertex -0.799360 0.126606 0.374223
      vertex -0.753130 0.000000 0.339787
      vertex -0.743858 0.117816 0.339787
    endloop
  endfacet
  facet normal 0.648601 -0.051046 0.759415
    outer loop
      vertex -0.743858 0.117816 0.339787
      vertex -0.753130 0.000000 0.339787
      vertex -0.703015 0.000000 0.296985
    endloop
  endfacet
  facet normal 0.648601 -0.051046 0.759415
    outer loop
      vertex -0.743858 0.117816 0.339787
      vertex -0.703015 0.000000 0.296985
      vertex -0.694360 0.109976 0.296985
    endloop
  endfacet
  facet normal 0.759048 -0.059738 0.648288
    outer loop
      vertex -0.694360 0.109976 0.296985
      vertex -0.703015 0.000000 0.296985
      vertex -0.660213 0.000000 0.246870
    endloop
  endfacet
  facet normal 0.759048 -0.059738 0.648288
    outer loop
      vertex -0.694360 0.109976 0.296985
      vertex -0.660213 0.000000 0.246870
      vertex -0.652085 0.103280 0.246870
    endloop
  endfacet
  facet normal 0.850727 -0.066954 0.521326
    outer loop
      vertex -0.652085 0.103280 0.246870
      vertex -0.660213 0.000000 0.246870
      vertex -0.625777 0.000000 0.190676
    endloop
  endfacet
  facet normal 0.850727 -0.066954 0.521326
    outer loop
      vertex -0.652085 0.103280 0.246870
      vertex -0.625777 0.000000 0.190676
      vertex -0.618073 0.097893 0.190676
    endloop
  endfacet
  facet normal 0.921447 -0.072519 0.381676
    outer loop
      vertex -0.618073 0.097893 0.190676
      vertex -0.625777 0.000000 0.190676
      vertex -0.600556 0.000000 0.129787
    endloop
  endfacet
  facet normal 0.921447 -0.072519 0.381676
    outer loop
      vertex -0.618073 0.097893 0.190676
      vertex -0.600556 0.000000 0.129787
      vertex -0.593162 0.093948 0.129787
    endloop
  endfacet
  facet normal 0.969535 -0.076304 0.232765
    outer loop
      vertex -0.593162 0.093948 0.129787
      vertex -0.600556 0.000000 0.129787
      vertex -0.585171 0.000000 0.065702
    endloop
  endfacet
  facet normal 0.969535 -0.076304 0.232765
    outer loop
      vertex -0.593162 0.093948 0.129787
      vertex -0.585171 0.000000 0.065702
      vertex -0.577966 0.091541 0.065702
    endloop
  endfacet
  facet normal 0.993863 -0.078219 0.078219
    outer loop
      vertex -0.577966 0.091541 0.065702
      vertex -0.585171 0.000000 0.065702
      vertex -0.580000 0.000000 0.000000
    endloop
  endfacet
  facet normal 0.993863 -0.078219 0.078219
    outer loop
      vertex -0.577966 0.091541 0.065702
      vertex -0.580000 0.000000 0.000000
      vertex -0.572859 0.090732 0.000000
    endloop
  endfacet
  facet normal 0.993863 -0.078219 -0.078219
    outer loop
      vertex -0.572859 0.090732 0.000000
      vertex -0.580000 0.000000 0.000000
      vertex -0.585171 0.000000 -0.065702
    endloop
  endfacet
  facet normal 0.993863 -0.078219 -0.078219
    outer loop
      vertex -0.572859 0.090732 0.000000
      vertex -0.585171 0.000000 -0.065702
      vertex -0.577966 0.091541 -0.065702
    endloop
  endfacet
  facet normal 0.969535 -0.076304 -0.232765
    outer loop
      vertex -0.577966 0.091541 -0.065702
      vertex -0.585171 0.000000 -0.065702
      vertex -0.600556 0.000000 -0.129787
    endloop
  endfacet
  facet normal 0.969535 -0.076304 -0.232765
    outer loop
      vertex -0.577966 0.091541 -0.065702
      vertex -0.600556 0.000000 -0.129787
      vertex -0.593162 0.093948 -0.129787
    endloop
  endfacet
  facet normal 0.921447 -0.072519 -0.381676
    outer loop
      vertex -0.593162 0.093948 -0.129787
      vertex -0.600556 0.000000 -0.129787
      vertex -0.625777 0.000000 -0.190676
    endloop
  endfacet
  facet normal 0.921447 -0.072519 -0.381676
    outer loop
      vertex -0.593162 0.093948 -0.129787
      vertex -0.625777 0.000000 -0.190676
      vertex -0.618073 0.097893 -0.190676
    endloop
  endfacet
  facet normal 0.850727 -0.066954 -0.521326
    outer loop
      vertex -0.618073 0.097893 -0.190676
      vertex -0.625777 0.000000 -0.190676
      vertex -0.660213 0.000000 -0.246870
    endloop
  endfacet
  facet normal 0.850727 -0.066954 -0.521326
    outer loop
      vertex -0.618073 0.097893 -0.190676
      vertex -0.660213 0.000000 -0.246870
      vertex -0.652085 0.103280 -0.246870
    endloop
  endfacet
  facet normal 0.759048 -0.059738 -0.648288
    outer loop
      vertex -0.652085 0.103280 -0.246870
      vertex -0.660213 0.000000 -0.246870
      vertex -0.703015 0.000000 -0.296985
    endloop
  endfacet
  facet normal 0.759048 -0.059738 -0.648288
    outer loop
      vertex -0.652085 0.103280 -0.246870
      vertex -0.703015 0.000000 -0.296985
      vertex -0.694360 0.109976 -0.296985
    endloop
  endfacet
  facet normal 0.648601 -0.051046 -0.759415
    outer loop
      vertex -0.694360 0.109976 -0.296985
      vertex -0.703015 0.000000 -0.296985
      vertex -0.753130 0.000000 -0.339787
    endloop
  endfacet
  facet normal 0.648601 -0.051046 -0.759415
    outer loop
      vertex -0.694360 0.109976 -0.296985
      vertex -0.753130 0.000000 -0.339787
      vertex -0.743858 0.117816 -0.339787
    endloop
  endfacet
  facet normal 0.522057 -0.041087 -0.851920
    outer loop
      vertex -0.743858 0.117816 -0.339787
      vertex -0.753130 0.000000 -0.339787
      vertex -0.809324 0.000000 -0.374223
    endloop
  endfacet
  facet normal 0.522057 -0.041087 -0.851920
    outer loop
      vertex -0.743858 0.117816 -0.339787
      vertex -0.809324 0.000000 -0.374223
      vertex -0.799360 0.126606 -0.374223
    endloop
  endfacet
  facet normal 0.382510 -0.030104 -0.923461
    outer loop
      vertex -0.799360 0.126606 -0.374223
      vertex -0.809324 0.000000 -0.374223
      vertex -0.870213 0.000000 -0.399444
    endloop
  endfacet
  facet normal 0.382510 -0.030104 -0.923461
    outer loop
      vertex -0.799360 0.126606 -0.374223
      vertex -0.870213 0.000000 -0.399444
      vertex -0.859499 0.136131 -0.399444
    endloop
  endfacet
  facet normal 0.233406 -0.018369 -0.972206
    outer loop
      vertex -0.859499 0.136131 -0.399444
      vertex -0.870213 0.000000 -0.399444
      vertex -0.934298 0.000000 -0.414829
    endloop
  endfacet
  facet normal 0.233406 -0.018369 -0.972206
    outer loop
      vertex -0.859499 0.136131 -0.399444
      vertex -0.934298 0.000000 -0.414829
      vertex -0.922795 0.146156 -0.414829
    endloop
  endfacet
  facet normal 0.078458 -0.006175 -0.996898
    outer loop
      vertex -0.922795 0.146156 -0.414829
      vertex -0.934298 0.000000 -0.414829
      vertex -1.000000 0.000000 -0.420000
    endloop
  endfacet
  facet normal 0.078458 -0.006175 -0.996898
    outer loop
      vertex -0.922795 0.146156 -0.414829
      vertex -1.000000 0.000000 -0.420000
      vertex -0.987688 0.156434 -0.420000
    endloop
  endfacet
  facet normal -0.078458 0.006175 -0.996898
    outer loop
      vertex -0.987688 0.156434 -0.420000
      vertex -1.000000 0.000000 -0.420000
      vertex -1.065702 0.000000 -0.414829
    endloop
  endfacet
  facet normal -0.078458 0.006175 -0.996898
    outer loop
      vertex -0.987688 0.156434 -0.420000
      vertex -1.065702 0.000000 -0.414829
      vertex -1.052582 0.166713 -0.414829
    endloop
  endfacet
  facet normal -0.233406 0.018369 -0.972206
    outer loop
      vertex -1.052582 0.166713 -0.414829
      vertex -1.065702 0.000000 -0.414829
      vertex -1.129787 0.000000 -0.399444
    endloop
  endfacet
  facet normal -0.233406 0.018369 -0.972206
    outer loop
      vertex -1.052582 0.166713 -0.414829
      vertex -1.129787 0.000000 -0.399444
      vertex -1.115878 0.176738 -0.399444
    endloop
  endfacet
  facet normal -0.382510 0.030104 -0.923461
    outer loop
      vertex -1.115878 0.176738 -0.399444
      vertex -1.129787 0.000000 -0.399444
      vertex -1.190676 0.000000 -0.374223
    endloop
  endfacet
  facet normal -0.382510 0.030104 -0.923461
    outer loop
      vertex -1.115878 0.176738 -0.399444
      vertex -1.190676 0.000000 -0.374223
      vertex -1.176017 0.186263 -0.374223
    endloop
  endfacet
  facet normal -0.522057 0.041087 -0.851920
    outer loop
      vertex -1.176017 0.186263 -0.374223
      vertex -1.190676 0.000000 -0.374223
      vertex -1.246870 0.000000 -0.339787
    endloop
  endfacet
  facet normal -0.522057 0.041087 -0.851920
    outer loop
      vertex -1.176017 0.186263 -0.374223
      vertex -1.246870 0.000000 -0.339787
      vertex -1.231519 0.195053 -0.339787
    endloop
  endfacet
  facet normal -0.648601 0.051046 -0.759415
    outer loop
      vertex -1.231519 0.195053 -0.339787
      vertex -1.246870 0.000000 -0.339787
      vertex -1.296985 0.000000 -0.296985
    endloop
  endfacet
  facet normal -0.648601 0.051046 -0.759415
    outer loop
      vertex -1.231519 0.195053 -0.339787
      vertex -1.296985 0.000000 -0.296985
      vertex -1.281017 0.202893 -0.296985
    endloop
  endfacet
  facet normal -0.759048 0.059738 -0.648288
    outer loop
      vertex -1.281017 0.202893 -0.296985
      vertex -1.296985 0.000000 -0.296985
      vertex -1.339787 0.000000 -0.246870
    endloop
  endfacet
  facet normal -0.759048 0.059738 -0.648288
    outer loop
      vertex -1.281017 0.202893 -0.296985
      vertex -1.339787 0.000000 -0.246870
      vertex -1.323292 0.209589 -0.246870
    endloop
  endfacet
  facet normal -0.850727 0.066954 -0.521326
    outer loop
      vertex -1.323292 0.209589 -0.246870
      vertex -1.339787 0.000000 -0.246870
      vertex -1.374223 0.000000 -0.190676
    endloop
  endfacet
  facet normal -0.850727 0.066954 -0.521326
    outer loop
      vertex -1.323292 0.209589 -0.246870
      vertex -1.374223 0.000000 -0.190676
      vertex -1.357304 0.214976 -0.190676
    endloop
  endfacet
  facet normal -0.921447 0.072519 -0.381676
    outer loop
      vertex -1.357304 0.214976 -0.190676
      vertex -1.374223 0.000000 -0.190676
      vertex -1.399444 0.000000 -0.129787
    endloop
  endfacet
  facet normal -0.921447 0.072519 -0.381676
    outer loop
      vertex -1.357304 0.214976 -0.190676
      vertex -1.399444 0.000000 -0.129787
      vertex -1.382214 0.218921 -0.129787
    endloop
  endfacet
  facet normal -0.969535 0.076304 -0.232765
    outer loop
      vertex -1.382214 0.218921 -0.129787
      vertex -1.399444 0.000000 -0.129787
      vertex -1.414829 0.000000 -0.065702
    endloop
  endfacet
  facet normal -0.969535 0.076304 -0.232765
    outer loop
      vertex -1.382214 0.218921 -0.129787
      vertex -1.414829 0.000000 -0.065702
      vertex -1.397410 0.221328 -0.065702
    endloop
  endfacet
  facet normal -0.993863 0.078219 -0.078219
    outer loop
      vertex -1.397410 0.221328 -0.065702
      vertex -1.414829 0.000000 -0.065702
      vertex -1.420000 0.000000 -0.000000
    endloop
  endfacet
  facet normal -0.993863 0.078219 -0.078219
    outer loop
      vertex -1.397410 0.221328 -0.065702
      vertex -1.420000 0.000000 -0.000000
      vertex -1.402517 0.222137 -0.000000
    endloop
  endfacet
  facet normal -0.993863 -0.078219 0.078219
    outer loop
      vertex -1.420000 0.000000 0.000000
      vertex -1.402517 -0.222137 0.000000
      vertex -1.397410 -0.221328 0.065702
    endloop
  endfacet
  facet normal -0.993863 -0.078219 0.078219
    outer loop
      vertex -1.420000 0.000000 0.000000
      vertex -1.397410 -0.221328 0.065702
      vertex -1.414829 0.000000 0.065702
    endloop
  endfacet
  facet normal -0.969535 -0.076304 0.232765
    outer loop
      vertex -1.414829 0.000000 0.065702
      vertex -1.397410 -0.221328 0.065702
      vertex -1.382214 -0.218921 0.129787
    endloop
  endfacet
  facet normal -0.969535 -0.076304 0.232765
    outer loop
      vertex -1.414829 0.000000 0.065702
      vertex -1.382214 -0.218921 0.129787
      vertex -1.399444 0.000000 0.129787
    endloop
  endfacet
  facet normal -0.921447 -0.072519 0.381676
    outer loop
      vertex -1.399444 0.000000 0.129787
      vertex -1.382214 -0.218921 0.129787
      vertex -1.357304 -0.214976 0.190676
    endloop
  endfacet
  facet normal -0.921447 -0.072519 0.381676
    outer loop
      vertex -1.399444 0.000000 0.129787
      vertex -1.357304 -0.214976 0.190676
      vertex -1.374223 0.000000 0.190676
    endloop
  endfacet
  facet normal -0.850727 -0.066954 0.521326
    outer loop
      vertex -1.374223 0.000000 0.190676
      vertex -1.357304 -0.214976 0.190676
      vertex -1.323292 -0.209589 0.246870
    endloop
  endfacet
  facet normal -0.850727 -0.066954 0.521326
    outer loop
      vertex -1.374223 0.000000 0.190676
      vertex -1.323292 -0.209589 0.246870
      vertex -1.339787 0.000000 0.246870
    endloop
  endfacet
  facet normal -0.759048 -0.059738 0.648288
    outer loop
      vertex -1.339787 0.000000 0.246870
      vertex -1.323292 -0.209589 0.246870
      vertex -1.281017 -0.202893 0.296985
    endloop
  endfacet
  facet normal -0.759048 -0.059738 0.648288
    outer loop
      vertex -1.339787 0.000000 0.246870
      vertex -1.281017 -0.202893 0.296985
      vertex -1.296985 0.000000 0.296985
    endloop
  endfacet
  facet normal -0.648601 -0.051046 0.759415
    outer loop
      vertex -1.296985 0.000000 0.296985
      vertex -1.281017 -0.202893 0.296985
      vertex -1.231519 -0.195053 0.339787
    endloop
  endfacet
  facet normal -0.648601 -0.051046 0.759415
    outer loop
      vertex -1.296985 0.000000 0.296985
      vertex -1.231519 -0.195053 0.339787
      vertex -1.246870 0.000000 0.339787
    endloop
  endfacet
  facet normal -0.522057 -0.041087 0.851920
    outer loop
      vertex -1.246870 0.000000 0.339787
      vertex -1.231519 -0.195053 0.339787
      vertex -1.176017 -0.186263 0.374223
    endloop
  endfacet
  facet normal -0.522057 -0.041087 0.851920
    outer loop
      vertex -1.246870 0.000000 0.339787
      vertex -1.176017 -0.186263 0.374223
      vertex -1.190676 0.000000 0.374223
    endloop
  endfacet
  facet normal -0.382510 -0.030104 0.923461
    outer loop
      vertex -1.190676 0.000000 0.374223
      vertex -1.176017 -0.186263 0.374223
      vertex -1.115878 -0.176738 0.399444
    endloop
  endfacet
  facet normal -0.382510 -0.030104 0.923461
    outer loop
      vertex -1.190676 0.000000 0.374223
      vertex -1.115878 -0.176738 0.399444
      vertex -1.129787 0.000000 0.399444
    endloop
  endfacet
  facet normal -0.233406 -0.018369 0.972206
    outer loop
      vertex -1.129787 0.000000 0.399444
      vertex -1.115878 -0.176738 0.399444
      vertex -1.052582 -0.166713 0.414829
    endloop
  endfacet
  facet normal -0.233406 -0.018369 0.972206
    outer loop
      vertex -1.129787 0.000000 0.399444
      vertex -1.052582 -0.166713 0.414829
      vertex -1.065702 0.000000 0.414829
    endloop
  endfacet
  facet normal -0.078458 -0.006175 0.996898
    outer loop
      vertex -1.065702 0.000000 0.414829
      vertex -1.052582 -0.166713 0.414829
      vertex -0.987688 -0.156434 0.420000
    endloop
  endfacet
  facet normal -0.078458 -0.006175 0.996898
    outer loop
      vertex -1.065702 0.000000 0.414829
      vertex -0.987688 -0.156434 0.420000
      vertex -1.000000 0.000000 0.420000
    endloop
  endfacet
  facet normal 0.078458 0.006175 0.996898
    outer loop
      vertex -1.000000 0.000000 0.420000
      vertex -0.987688 -0.156434 0.420000
      vertex -0.922795 -0.146156 0.414829
    endloop
  endfacet
  facet normal 0.078458 0.006175 0.996898
    outer loop
      vertex -1.000000 0.000000 0.420000
      vertex -0.922795 -0.146156 0.414829
      vertex -0.934298 0.000000 0.414829
    endloop
  endfacet
  facet normal 0.233406 0.018369 0.972206
    outer loop
      vertex -0.934298 0.000000 0.414829
      vertex -0.922795 -0.146156 0.414829
      vertex -0.859499 -0.136131 0.399444
    endloop
  endfacet
  facet normal 0.233406 0.018369 0.972206
    outer loop
      vertex -0.934298 0.000000 0.414829
      vertex -0.859499 -0.136131 0.399444
      vertex -0.870213 0.000000 0.399444
    endloop
  endfacet
  facet normal 0.382510 0.030104 0.923461
    outer loop
      vertex -0.870213 0.000000 0.399444
      vertex -0.859499 -0.136131 0.399444
      vertex -0.799360 -0.126606 0.374223
    endloop
  endfacet
  facet normal 0.382510 0.030104 0.923461
    outer loop
      vertex -0.870213 0.000000 0.399444
      vertex -0.799360 -0.126606 0.374223
      vertex -0.809324 0.000000 0.374223
    endloop
  endfacet
  facet normal 0.522057 0.041087 0.851920
    outer loop
      vertex -0.809324 0.000000 0.374223
      vertex -0.799360 -0.126606 0.374223
      vertex -0.743858 -0.117816 0.339787
    endloop
  endfacet
  facet normal 0.522057 0.041087 0.851920
    outer loop
      vertex -0.809324 0.000000 0.374223
      vertex -0.743858 -0.117816 0.339787
      vertex -0.753130 0.000000 0.339787
    endloop
  endfacet
  facet normal 0.648601 0.051046 0.759415
    outer loop
      vertex -0.753130 0.000000 0.339787
      vertex -0.743858 -0.117816 0.339787
      vertex -0.694360 -0.109976 0.296985
    endloop
  endfacet
  facet normal 0.648601 0.051046 0.759415
    outer loop
      vertex -0.753130 0.000000 0.339787
      vertex -0.694360 -0.109976 0.296985
      vertex -0.703015 0.000000 0.296985
    endloop
  endfacet
  facet normal 0.759048 0.059738 0.648288
    outer loop
      vertex -0.703015 0.000000 0.296985
      vertex -0.694360 -0.109976 0.296985
      vertex -0.652085 -0.103280 0.246870
    endloop
  endfacet
  facet normal 0.759048 0.059738 0.648288
    outer loop
      vertex -0.703015 0.000000 0.296985
      vertex -0.652085 -0.103280 0.246870
      vertex -0.660213 0.000000 0.246870
    endloop
  endfacet
  facet normal 0.850727 0.066954 0.521326
    outer loop
      vertex -0.660213 0.000000 0.246870
      vertex -0.652085 -0.103280 0.246870
      vertex -0.618073 -0.097893 0.190676
    endloop
  endfacet
  facet normal 0.850727 0.066954 0.521326
    outer loop
      vertex -0.660213 0.000000 0.246870
      vertex -0.618073 -0.097893 0.190676
      vertex -0.625777 0.000000 0.190676
    endloop
  endfacet
  facet normal 0.921447 0.072519 0.381676
    outer loop
      vertex -0.625777 0.000000 0.190676
      vertex -0.618073 -0.097893 0.190676
      vertex -0.593162 -0.093948 0.129787
    endloop
  endfacet
  facet normal 0.921447 0.072519 0.381676
    outer loop
      vertex -0.625777 0.000000 0.190676
      vertex -0.593162 -0.093948 0.129787
      vertex -0.600556 0.000000 0.129787
    endloop
  endfacet
  facet normal 0.969535 0.076304 0.232765
    outer loop
      vertex -0.600556 0.000000 0.129787
      vertex -0.593162 -0.093948 0.129787
      vertex -0.577966 -0.091541 0.065702
    endloop
  endfacet
  facet normal 0.969535 0.076304 0.232765
    outer loop
      vertex -0.600556 0.000000 0.129787
      vertex -0.577966 -0.091541 0.065702
      vertex -0.585171 0.000000 0.065702
    endloop
  endfacet
  facet normal 0.993863 0.078219 0.078219
    outer loop
      vertex -0.585171 0.000000 0.065702
      vertex -0.577966 -0.091541 0.065702
      vertex -0.572859 -0.090732 0.000000
    endloop
  endfacet
  facet normal 0.993863 0.078219 0.078219
    outer loop
      vertex -0.585171 0.000000 0.065702
      vertex -0.572859 -0.090732 0.000000
      vertex -0.580000 0.000000 0.000000
    endloop
  endfacet
  facet normal 0.993863 0.078219 -0.078219
    outer loop
      vertex -0.580000 0.000000 0.000000
      vertex -0.572859 -0.090732 0.000000
      vertex -0.577966 -0.091541 -0.065702
    endloop
  endfacet
  facet normal 0.993863 0.078219 -0.078219
    outer loop
      vertex -0.580000 0.000000 0.000000
      vertex -0.577966 -0.091541 -0.065702
      vertex -0.585171 0.000000 -0.065702
    endloop
  endfacet
  facet normal 0.969535 0.076304 -0.232765
    outer loop
      vertex -0.585171 0.000000 -0.065702
      vertex -0.577966 -0.091541 -0.065702
      vertex -0.593162 -0.093948 -0.129787
    endloop
  endfacet
  facet normal 0.969535 0.076304 -0.232765
    outer loop
      vertex -0.585171 0.000000 -0.065702
      vertex -0.593162 -0.093948 -0.129787
      vertex -0.600556 0.000000 -0.129787
    endloop
  endfacet
  facet normal 0.921447 0.072519 -0.381676
    outer loop
      vertex -0.600556 0.000000 -0.129787
      vertex -0.593162 -0.093948 -0.129787
      vertex -0.618073 -0.097893 -0.190676
    endloop
  endfacet
  facet normal 0.921447 0.072519 -0.381676
    outer loop
      vertex -0.600556 0.000000 -0.129787
      vertex -0.618073 -0.097893 -0.190676
      vertex -0.625777 0.000000 -0.190676
    endloop
  endfacet
  facet normal 0.850727 0.066954 -0.521326
    outer loop
      vertex -0.625777 0.000000 -0.190676
      vertex -0.618073 -0.097893 -0.190676
      vertex -0.652085 -0.103280 -0.246870
    endloop
  endfacet
  facet normal 0.850727 0.066954 -0.521326
    outer loop
      vertex -0.625777 0.000000 -0.190676
      vertex -0.652085 -0.103280 -0.246870
      vertex -0.660213 0.000000 -0.246870
    endloop
  endfacet
  facet normal 0.759048 0.059738 -0.648288
    outer loop
      vertex -0.660213 0.000000 -0.246870
      vertex -0.652085 -0.103280 -0.246870
      vertex -0.694360 -0.109976 -0.296985
    endloop
  endfacet
  facet normal 0.759048 0.059738 -0.648288
    outer loop
      vertex -0.660213 0.000000 -0.246870
      vertex -0.694360 -0.109976 -0.296985
      vertex -0.703015 0.000000 -0.296985
    endloop
  endfacet
  facet normal 0.648601 0.051046 -0.759415
    outer loop
      vertex -0.703015 0.000000 -0.296985
      vertex -0.694360 -0.109976 -0.296985
      vertex -0.743858 -0.117816 -0.339787
    endloop
  endfacet
  facet normal 0.648601 0.051046 -0.759415
    outer loop
      vertex -0.703015 0.000000 -0.296985
      vertex -0.743858 -0.117816 -0.339787
      vertex -0.753130 0.000000 -0.339787
    endloop
  endfacet
  facet normal 0.522057 0.041087 -0.851920
    outer loop
      vertex -0.753130 0.000000 -0.339787
      vertex -0.743858 -0.117816 -0.339787
      vertex -0.799360 -0.126606 -0.374223
    endloop
  endfacet
  facet normal 0.522057 0.041087 -0.851920
    outer loop
      vertex -0.753130 0.000000 -0.339787
      vertex -0.799360 -0.126606 -0.374223
      vertex -0.809324 0.000000 -0.374223
    endloop
  endfacet
  facet normal 0.382510 0.030104 -0.923461
    outer loop
      vertex -0.809324 0.000000 -0.374223
      vertex -0.799360 -0.126606 -0.374223
      vertex -0.859499 -0.136131 -0.399444
    endloop
  endfacet
  facet normal 0.382510 0.030104 -0.923461
    outer loop
      vertex -0.809324 0.000000 -0.374223
      vertex -0.859499 -0.136131 -0.399444
      vertex -0.870213 0.000000 -0.399444
    endloop
  endfacet
  facet normal 0.233406 0.018369 -0.972206
    outer loop
      vertex -0.870213 0.000000 -0.399444
      vertex -0.859499 -0.136131 -0.399444
      vertex -0.922795 -0.146156 -0.414829
    endloop
  endfacet
  facet normal 0.233406 0.018369 -0.972206
    outer loop
      vertex -0.870213 0.000000 -0.399444
      vertex -0.922795 -0.146156 -0.414829
      vertex -0.934298 0.000000 -0.414829
    endloop
  endfacet
  facet normal 0.078458 0.006175 -0.996898
    outer loop
      vertex -0.934298 0.000000 -0.414829
      vertex -0.922795 -0.146156 -0.414829
      vertex -0.987688 -0.156434 -0.420000
    endloop
  endfacet
  facet normal 0.078458 0.006175 -0.996898
    outer loop
      vertex -0.934298 0.000000 -0.414829
      vertex -0.987688 -0.156434 -0.420000
      vertex -1.000000 0.000000 -0.420000
    endloop
  endfacet
  facet normal -0.078458 -0.006175 -0.996898
    outer loop
      vertex -1.000000 0.000000 -0.420000
      vertex -0.987688 -0.156434 -0.420000
      vertex -1.052582 -0.166713 -0.414829
    endloop
  endfacet
  facet normal -0.078458 -0.006175 -0.996898
    outer loop
      vertex -1.000000 0.000000 -0.420000
      vertex -1.052582 -0.166713 -0.414829
      vertex -1.065702 0.000000 -0.414829
    endloop
  endfacet
  facet normal -0.233406 -0.018369 -0.972206
    outer loop
      vertex -1.065702 0.000000 -0.414829
      vertex -1.052582 -0.166713 -0.414829
      vertex -1.115878 -0.176738 -0.399444
    endloop
  endfacet
  facet normal -0.233406 -0.018369 -0.972206
    outer loop
      vertex -1.065702 0.000000 -0.414829
      vertex -1.115878 -0.176738 -0.399444
      vertex -1.129787 0.000000 -0.399444
    endloop
  endfacet
  facet normal -0.382510 -0.030104 -0.923461
    outer loop
      vertex -1.129787 0.000000 -0.399444
      vertex -1.115878 -0.176738 -0.399444
      vertex -1.176017 -0.186263 -0.374223
    endloop
  endfacet
  facet normal -0.382510 -0.030104 -0.923461
    outer loop
      vertex -1.129787 0.000000 -0.399444
      vertex -1.176017 -0.186263 -0.374223
      vertex -1.190676 0.000000 -0.374223
    endloop
  endfacet
  facet normal -0.522057 -0.041087 -0.851920
    outer loop
      vertex -1.190676 0.000000 -0.374223
      vertex -1.176017 -0.186263 -0.374223
      vertex -1.231519 -0.195053 -0.339787
    endloop
  endfacet
  facet normal -0.522057 -0.041087 -0.851920
    outer loop
      vertex -1.190676 0.000000 -0.374223
      vertex -1.231519 -0.195053 -0.339787
      vertex -1.246870 0.000000 -0.339787
    endloop
  endfacet
  facet normal -0.648601 -0.051046 -0.759415
    outer loop
      vertex -1.246870 0.000000 -0.339787
      vertex -1.231519 -0.195053 -0.339787
      vertex -1.281017 -0.202893 -0.296985
    endloop
  endfacet
  facet normal -0.648601 -0.051046 -0.759415
    outer loop
      vertex -1.246870 0.000000 -0.339787
      vertex -1.281017 -0.202893 -0.296985
      vertex -1.296985 0.000000 -0.296985
    endloop
  endfacet
  facet normal -0.759048 -0.059738 -0.648288
    outer loop
      vertex -1.296985 0.000000 -0.296985
      vertex -1.281017 -0.202893 -0.296985
      vertex -1.323292 -0.209589 -0.246870
    endloop
  endfacet
  facet normal -0.759048 -0.059738 -0.648288
    outer loop
      vertex -1.296985 0.000000 -0.296985
      vertex -1.323292 -0.209589 -0.246870
      vertex -1.339787 0.000000 -0.246870
    endloop
  endfacet
  facet normal -0.850727 -0.066954 -0.521326
    outer loop
      vertex -1.339787 0.000000 -0.246870
      vertex -1.323292 -0.209589 -0.246870
      vertex -1.357304 -0.214976 -0.190676
    endloop
  endfacet
  facet normal -0.850727 -0.066954 -0.521326
    outer loop
      vertex -1.339787 0.000000 -0.246870
      vertex -1.357304 -0.214976 -0.190676
      vertex -1.374223 0.000000 -0.190676
    endloop
  endfacet
  facet normal -0.921447 -0.072519 -0.381676
    outer loop
      vertex -1.374223 0.000000 -0.190676
      vertex -1.357304 -0.214976 -0.190676
      vertex -1.382214 -0.218921 -0.129787
    endloop
  endfacet
  facet normal -0.921447 -0.072519 -0.381676
    outer loop
      vertex -1.374223 0.000000 -0.190676
      vertex -1.382214 -0.218921 -0.129787
      vertex -1.399444 0.000000 -0.129787
    endloop
  endfacet
  facet normal -0.969535 -0.076304 -0.232765
    outer loop
      vertex -1.399444 0.000000 -0.129787
      vertex -1.382214 -0.218921 -0.129787
      vertex -1.397410 -0.221328 -0.065702
    endloop
  endfacet
  facet normal -0.969535 -0.076304 -0.232765
    outer loop
      vertex -1.399444 0.000000 -0.129787
      vertex -1.397410 -0.221328 -0.065702
      vertex -1.414829 0.000000 -0.065702
    endloop
  endfacet
  facet normal -0.993863 -0.078219 -0.078219
    outer loop
      vertex -1.414829 0.000000 -0.065702
      vertex -1.397410 -0.221328 -0.065702
      vertex -1.402517 -0.222137 -0.000000
    endloop
  endfacet
  facet normal -0.993863 -0.078219 -0.078219
    outer loop
      vertex -1.414829 0.000000 -0.065702
      vertex -1.402517 -0.222137 -0.000000
      vertex -1.420000 0.000000 -0.000000
    endloop
  endfacet
  facet normal -0.969391 -0.232730 0.078219
    outer loop
      vertex -1.402517 -0.222137 0.000000
      vertex -1.350500 -0.438804 0.000000
      vertex -1.345582 -0.437206 0.065702
    endloop
  endfacet
  facet normal -0.969391 -0.232730 0.078219
    outer loop
      vertex -1.402517 -0.222137 0.000000
      vertex -1.345582 -0.437206 0.065702
      vertex -1.397410 -0.221328 0.065702
    endloop
  endfacet
  facet normal -0.945662 -0.227033 0.232765
    outer loop
      vertex -1.397410 -0.221328 0.065702
      vertex -1.345582 -0.437206 0.065702
      vertex -1.330950 -0.432452 0.129787
    endloop
  endfacet
  facet normal -0.945662 -0.227033 0.232765
    outer loop
      vertex -1.397410 -0.221328 0.065702
      vertex -1.330950 -0.432452 0.129787
      vertex -1.382214 -0.218921 0.129787
    endloop
  endfacet
  facet normal -0.898758 -0.215773 0.381676
    outer loop
      vertex -1.382214 -0.218921 0.129787
      vertex -1.330950 -0.432452 0.129787
      vertex -1.306963 -0.424658 0.190676
    endloop
  endfacet
  facet normal -0.898758 -0.215773 0.381676
    outer loop
      vertex -1.382214 -0.218921 0.129787
      vertex -1.306963 -0.424658 0.190676
      vertex -1.357304 -0.214976 0.190676
    endloop
  endfacet
  facet normal -0.829779 -0.199212 0.521326
    outer loop
      vertex -1.357304 -0.214976 0.190676
      vertex -1.306963 -0.424658 0.190676
      vertex -1.274213 -0.414017 0.246870
    endloop
  endfacet
  facet normal -0.829779 -0.199212 0.521326
    outer loop
      vertex -1.357304 -0.214976 0.190676
      vertex -1.274213 -0.414017 0.246870
      vertex -1.323292 -0.209589 0.246870
    endloop
  endfacet
  facet normal -0.740358 -0.177744 0.648288
    outer loop
      vertex -1.323292 -0.209589 0.246870
      vertex -1.274213 -0.414017 0.246870
      vertex -1.233506 -0.400790 0.296985
    endloop
  endfacet
  facet normal -0.740358 -0.177744 0.648288
    outer loop
      vertex -1.323292 -0.209589 0.246870
      vertex -1.233506 -0.400790 0.296985
      vertex -1.281017 -0.202893 0.296985
    endloop
  endfacet
  facet normal -0.632631 -0.151881 0.759415
    outer loop
      vertex -1.281017 -0.202893 0.296985
      vertex -1.233506 -0.400790 0.296985
      vertex -1.185844 -0.385304 0.339787
    endloop
  endfacet
  facet normal -0.632631 -0.151881 0.759415
    outer loop
      vertex -1.281017 -0.202893 0.296985
      vertex -1.185844 -0.385304 0.339787
      vertex -1.231519 -0.195053 0.339787
    endloop
  endfacet
  facet normal -0.509203 -0.122249 0.851920
    outer loop
      vertex -1.231519 -0.195053 0.339787
      vertex -1.185844 -0.385304 0.339787
      vertex -1.132400 -0.367939 0.374223
    endloop
  endfacet
  facet normal -0.509203 -0.122249 0.851920
    outer loop
      vertex -1.231519 -0.195053 0.339787
      vertex -1.132400 -0.367939 0.374223
      vertex -1.176017 -0.186263 0.374223
    endloop
  endfacet
  facet normal -0.373091 -0.089571 0.923461
    outer loop
      vertex -1.176017 -0.186263 0.374223
      vertex -1.132400 -0.367939 0.374223
      vertex -1.074491 -0.349123 0.399444
    endloop
  endfacet
  facet normal -0.373091 -0.089571 0.923461
    outer loop
      vertex -1.176017 -0.186263 0.374223
      vertex -1.074491 -0.349123 0.399444
      vertex -1.115878 -0.176738 0.399444
    endloop
  endfacet
  facet normal -0.227659 -0.054656 0.972206
    outer loop
      vertex -1.115878 -0.176738 0.399444
      vertex -1.074491 -0.349123 0.399444
      vertex -1.013543 -0.329320 0.414829
    endloop
  endfacet
  facet normal -0.227659 -0.054656 0.972206
    outer loop
      vertex -1.115878 -0.176738 0.399444
      vertex -1.013543 -0.329320 0.414829
      vertex -1.052582 -0.166713 0.414829
    endloop
  endfacet
  facet normal -0.076526 -0.018372 0.996898
    outer loop
      vertex -1.052582 -0.166713 0.414829
      vertex -1.013543 -0.329320 0.414829
      vertex -0.951057 -0.309017 0.420000
    endloop
  endfacet
  facet normal -0.076526 -0.018372 0.996898
    outer loop
      vertex -1.052582 -0.166713 0.414829
      vertex -0.951057 -0.309017 0.420000
      vertex -0.987688 -0.156434 0.420000
    endloop
  endfacet
  facet normal 0.076526 0.018372 0.996898
    outer loop
      vertex -0.987688 -0.156434 0.420000
      vertex -0.951057 -0.309017 0.420000
      vertex -0.888570 -0.288714 0.414829
    endloop
  endfacet
  facet normal 0.076526 0.018372 0.996898
    outer loop
      vertex -0.987688 -0.156434 0.420000
      vertex -0.888570 -0.288714 0.414829
      vertex -0.922795 -0.146156 0.414829
    endloop
  endfacet
  facet normal 0.227659 0.054656 0.972206
    outer loop
      vertex -0.922795 -0.146156 0.414829
      vertex -0.888570 -0.288714 0.414829
      vertex -0.827622 -0.268911 0.399444
    endloop
  endfacet
  facet normal 0.227659 0.054656 0.972206
    outer loop
      vertex -0.922795 -0.146156 0.414829
      vertex -0.827622 -0.268911 0.399444
      vertex -0.859499 -0.136131 0.399444
    endloop
  endfacet
  facet normal 0.373091 0.089571 0.923461
    outer loop
      vertex -0.859499 -0.136131 0.399444
      vertex -0.827622 -0.268911 0.399444
      vertex -0.769713 -0.250095 0.374223
    endloop
  endfacet
  facet normal 0.373091 0.089571 0.923461
    outer loop
      vertex -0.859499 -0.136131 0.399444
      vertex -0.769713 -0.250095 0.374223
      vertex -0.799360 -0.126606 0.374223
    endloop
  endfacet
  facet normal 0.509203 0.122249 0.851920
    outer loop
      vertex -0.799360 -0.126606 0.374223
      vertex -0.769713 -0.250095 0.374223
      vertex -0.716269 -0.232730 0.339787
    endloop
  endfacet
  facet normal 0.509203 0.122249 0.851920
    outer loop
      vertex -0.799360 -0.126606 0.374223
      vertex -0.716269 -0.232730 0.339787
      vertex -0.743858 -0.117816 0.339787
    endloop
  endfacet
  facet normal 0.632631 0.151881 0.759415
    outer loop
      vertex -0.743858 -0.117816 0.339787
      vertex -0.716269 -0.232730 0.339787
      vertex -0.668607 -0.217244 0.296985
    endloop
  endfacet
  facet normal 0.632631 0.151881 0.759415
    outer loop
      vertex -0.743858 -0.117816 0.339787
      vertex -0.668607 -0.217244 0.296985
      vertex -0.694360 -0.109976 0.296985
    endloop
  endfacet
  facet normal 0.740358 0.177744 0.648288
    outer loop
      vertex -0.694360 -0.109976 0.296985
      vertex -0.668607 -0.217244 0.296985
      vertex -0.627900 -0.204017 0.246870
    endloop
  endfacet
  facet normal 0.740358 0.177744 0.648288
    outer loop
      vertex -0.694360 -0.109976 0.296985
      vertex -0.627900 -0.204017 0.246870
      vertex -0.652085 -0.103280 0.246870
    endloop
  endfacet
  facet normal 0.829779 0.199212 0.521326
    outer loop
      vertex -0.652085 -0.103280 0.246870
      vertex -0.627900 -0.204017 0.246870
      vertex -0.595150 -0.193376 0.190676
    endloop
  endfacet
  facet normal 0.829779 0.199212 0.521326
    outer loop
      vertex -0.652085 -0.103280 0.246870
      vertex -0.595150 -0.193376 0.190676
      vertex -0.618073 -0.097893 0.190676
    endloop
  endfacet
  facet normal 0.898758 0.215773 0.381676
    outer loop
      vertex -0.618073 -0.097893 0.190676
      vertex -0.595150 -0.193376 0.190676
      vertex -0.571163 -0.185582 0.129787
    endloop
  endfacet
  facet normal 0.898758 0.215773 0.381676
    outer loop
      vertex -0.618073 -0.097893 0.190676
      vertex -0.571163 -0.185582 0.129787
      vertex -0.593162 -0.093948 0.129787
    endloop
  endfacet
  facet normal 0.945662 0.227033 0.232765
    outer loop
      vertex -0.593162 -0.093948 0.129787
      vertex -0.571163 -0.185582 0.129787
      vertex -0.556531 -0.180828 0.065702
    endloop
  endfacet
  facet normal 0.945662 0.227033 0.232765
    outer loop
      vertex -0.593162 -0.093948 0.129787
      vertex -0.556531 -0.180828 0.065702
      vertex -0.577966 -0.091541 0.065702
    endloop
  endfacet
  facet normal 0.969391 0.232730 0.078219
    outer loop
      vertex -0.577966 -0.091541 0.065702
      vertex -0.556531 -0.180828 0.065702
      vertex -0.551613 -0.179230 0.000000
    endloop
  endfacet
  facet normal 0.969391 0.232730 0.078219
    outer loop
      vertex -0.577966 -0.091541 0.065702
      vertex -0.551613 -0.179230 0.000000
      vertex -0.572859 -0.090732 0.000000
    endloop
  endfacet
  facet normal 0.969391 0.232730 -0.078219
    outer loop
      vertex -0.572859 -0.090732 0.000000
      vertex -0.551613 -0.179230 0.000000
      vertex -0.556531 -0.180828 -0.065702
    endloop
  endfacet
  facet normal 0.969391 0.232730 -0.078219
    outer loop
      vertex -0.572859 -0.090732 0.000000
      vertex -0.556531 -0.180828 -0.065702
      vertex -0.577966 -0.091541 -0.065702
    endloop
  endfacet
  facet normal 0.945662 0.227033 -0.232765
    outer loop
      vertex -0.577966 -0.091541 -0.065702
      vertex -0.556531 -0.180828 -0.065702
      vertex -0.571163 -0.185582 -0.129787
    endloop
  endfacet
  facet normal 0.945662 0.227033 -0.232765
    outer loop
      vertex -0.577966 -0.091541 -0.065702
      vertex -0.571163 -0.185582 -0.129787
      vertex -0.593162 -0.093948 -0.129787
    endloop
  endfacet
  facet normal 0.898758 0.215773 -0.381676
    outer loop
      vertex -0.593162 -0.093948 -0.129787
      vertex -0.571163 -0.185582 -0.129787
      vertex -0.595150 -0.193376 -0.190676
    endloop
  endfacet
  facet normal 0.898758 0.215773 -0.381676
    outer loop
      vertex -0.593162 -0.093948 -0.129787
      vertex -0.595150 -0.193376 -0.190676
      vertex -0.618073 -0.097893 -0.190676
    endloop
  endfacet
  facet normal 0.829779 0.199212 -0.521326
    outer loop
      vertex -0.618073 -0.097893 -0.190676
      vertex -0.595150 -0.193376 -0.190676
      vertex -0.627900 -0.204017 -0.246870
    endloop
  endfacet
  facet normal 0.829779 0.199212 -0.521326
    outer loop
      vertex -0.618073 -0.097893 -0.190676
      vertex -0.627900 -0.204017 -0.246870
      vertex -0.652085 -0.103280 -0.246870
    endloop
  endfacet
  facet normal 0.740358 0.177744 -0.648288
    outer loop
      vertex -0.652085 -0.103280 -0.246870
      vertex -0.627900 -0.204017 -0.246870
      vertex -0.668607 -0.217244 -0.296985
    endloop
  endfacet
  facet normal 0.740358 0.177744 -0.648288
    outer loop
      vertex -0.652085 -0.103280 -0.246870
      vertex -0.668607 -0.217244 -0.296985
      vertex -0.694360 -0.109976 -0.296985
    endloop
  endfacet
  facet normal 0.632631 0.151881 -0.759415
    outer loop
      vertex -0.694360 -0.109976 -0.296985
      vertex -0.668607 -0.217244 -0.296985
      vertex -0.716269 -0.232730 -0.339787
    endloop
  endfacet
  facet normal 0.632631 0.151881 -0.759415
    outer loop
      vertex -0.694360 -0.109976 -0.296985
      vertex -0.716269 -0.232730 -0.339787
      vertex -0.743858 -0.117816 -0.339787
    endloop
  endfacet
  facet normal 0.509203 0.122249 -0.851920
    outer loop
      vertex -0.743858 -0.117816 -0.339787
      vertex -0.716269 -0.232730 -0.339787
      vertex -0.769713 -0.250095 -0.374223
    endloop
  endfacet
  facet normal 0.509203 0.122249 -0.851920
    outer loop
      vertex -0.743858 -0.117816 -0.339787
      vertex -0.769713 -0.250095 -0.374223
      vertex -0.799360 -0.126606 -0.374223
    endloop
  endfacet
  facet normal 0.373091 0.089571 -0.923461
    outer loop
      vertex -0.799360 -0.126606 -0.374223
      vertex -0.769713 -0.250095 -0.374223
      vertex -0.827622 -0.268911 -0.399444
    endloop
  endfacet
  facet normal 0.373091 0.089571 -0.923461
    outer loop
      vertex -0.799360 -0.126606 -0.374223
      vertex -0.827622 -0.268911 -0.399444
      vertex -0.859499 -0.136131 -0.399444
    endloop
  endfacet
  facet normal 0.227659 0.054656 -0.972206
    outer loop
      vertex -0.859499 -0.136131 -0.399444
      vertex -0.827622 -0.268911 -0.399444
      vertex -0.888570 -0.288714 -0.414829
    endloop
  endfacet
  facet normal 0.227659 0.054656 -0.972206
    outer loop
      vertex -0.859499 -0.136131 -0.399444
      vertex -0.888570 -0.288714 -0.414829
      vertex -0.922795 -0.146156 -0.414829
    endloop
  endfacet
  facet normal 0.076526 0.018372 -0.996898
    outer loop
      vertex -0.922795 -0.146156 -0.414829
      vertex -0.888570 -0.288714 -0.414829
      vertex -0.951057 -0.309017 -0.420000
    endloop
  endfacet
  facet normal 0.076526 0.018372 -0.996898
    outer loop
      vertex -0.922795 -0.146156 -0.414829
      vertex -0.951057 -0.309017 -0.420000
      vertex -0.987688 -0.156434 -0.420000
    endloop
  endfacet
  facet normal -0.076526 -0.018372 -0.996898
    outer loop
      vertex -0.987688 -0.156434 -0.420000
      vertex -0.951057 -0.309017 -0.420000
      vertex -1.013543 -0.329320 -0.414829
    endloop
  endfacet
  facet normal -0.076526 -0.018372 -0.996898
    outer loop
      vertex -0.987688 -0.156434 -0.420000
      vertex -1.013543 -0.329320 -0.414829
      vertex -1.052582 -0.166713 -0.414829
    endloop
  endfacet
  facet normal -0.227659 -0.054656 -0.972206
    outer loop
      vertex -1.052582 -0.166713 -0.414829
      vertex -1.013543 -0.329320 -0.414829
      vertex -1.074491 -0.349123 -0.399444
    endloop
  endfacet
  facet normal -0.227659 -0.054656 -0.972206
    outer loop
      vertex -1.052582 -0.166713 -0.414829
      vertex -1.074491 -0.349123 -0.399444
      vertex -1.115878 -0.176738 -0.399444
    endloop
  endfacet
  facet normal -0.373091 -0.089571 -0.923461
    outer loop
      vertex -1.115878 -0.176738 -0.399444
      vertex -1.074491 -0.349123 -0.399444
      vertex -1.132400 -0.367939 -0.374223
    endloop
  endfacet
  facet normal -0.373091 -0.089571 -0.923461
    outer loop
      vertex -1.115878 -0.176738 -0.399444
      vertex -1.132400 -0.367939 -0.374223
      vertex -1.176017 -0.186263 -0.374223
    endloop
  endfacet
  facet normal -0.509203 -0.122249 -0.851920
    outer loop
      vertex -1.176017 -0.186263 -0.374223
      vertex -1.132400 -0.367939 -0.374223
      vertex -1.185844 -0.385304 -0.339787
    endloop
  endfacet
  facet normal -0.509203 -0.122249 -0.851920
    outer loop
      vertex -1.176017 -0.186263 -0.374223
      vertex -1.185844 -0.385304 -0.339787
      vertex -1.231519 -0.195053 -0.339787
    endloop
  endfacet
  facet normal -0.632631 -0.151881 -0.759415
    outer loop
      vertex -1.231519 -0.195053 -0.339787
      vertex -1.185844 -0.385304 -0.339787
      vertex -1.233506 -0.400790 -0.296985
    endloop
  endfacet
  facet normal -0.632631 -0.151881 -0.759415
    outer loop
      vertex -1.231519 -0.195053 -0.339787
      vertex -1.233506 -0.400790 -0.296985
      vertex -1.281017 -0.202893 -0.296985
    endloop
  endfacet
  facet normal -0.740358 -0.177744 -0.648288
    outer loop
      vertex -1.281017 -0.202893 -0.296985
      vertex -1.233506 -0.400790 -0.296985
      vertex -1.274213 -0.414017 -0.246870
    endloop
  endfacet
  facet normal -0.740358 -0.177744 -0.648288
    outer loop
      vertex -1.281017 -0.202893 -0.296985
      vertex -1.274213 -0.414017 -0.246870
      vertex -1.323292 -0.209589 -0.246870
    endloop
  endfacet
  facet normal -0.829779 -0.199212 -0.521326
    outer loop
      vertex -1.323292 -0.209589 -0.246870
      vertex -1.274213 -0.414017 -0.246870
      vertex -1.306963 -0.424658 -0.190676
    endloop
  endfacet
  facet normal -0.829779 -0.199212 -0.521326
    outer loop
      vertex -1.323292 -0.209589 -0.246870
      vertex -1.306963 -0.424658 -0.190676
      vertex -1.357304 -0.214976 -0.190676
    endloop
  endfacet
  facet normal -0.898758 -0.215773 -0.381676
    outer loop
      vertex -1.357304 -0.214976 -0.190676
      vertex -1.306963 -0.424658 -0.190676
      vertex -1.330950 -0.432452 -0.129787
    endloop
  endfacet
  facet normal -0.898758 -0.215773 -0.381676
    outer loop
      vertex -1.357304 -0.214976 -0.190676
      vertex -1.330950 -0.432452 -0.129787
      vertex -1.382214 -0.218921 -0.129787
    endloop
  endfacet
  facet normal -0.945662 -0.227033 -0.232765
    outer loop
      vertex -1.382214 -0.218921 -0.129787
      vertex -1.330950 -0.432452 -0.129787
      vertex -1.345582 -0.437206 -0.065702
    endloop
  endfacet
  facet normal -0.945662 -0.227033 -0.232765
    outer loop
      vertex -1.382214 -0.218921 -0.129787
      vertex -1.345582 -0.437206 -0.065702
      vertex -1.397410 -0.221328 -0.065702
    endloop
  endfacet
  facet normal -0.969391 -0.232730 -0.078219
    outer loop
      vertex -1.397410 -0.221328 -0.065702
      vertex -1.345582 -0.437206 -0.065702
      vertex -1.350500 -0.438804 -0.000000
    endloop
  endfacet
  facet normal -0.969391 -0.232730 -0.078219
    outer loop
      vertex -1.397410 -0.221328 -0.065702
      vertex -1.350500 -0.438804 -0.000000
      vertex -1.402517 -0.222137 -0.000000
    endloop
  endfacet
  facet normal -0.921049 -0.381511 0.078219
    outer loop
      vertex -1.350500 -0.438804 0.000000
      vertex -1.265229 -0.644667 0.000000
      vertex -1.260622 -0.642319 0.065702
    endloop
  endfacet
  facet normal -0.921049 -0.381511 0.078219
    outer loop
      vertex -1.350500 -0.438804 0.000000
      vertex -1.260622 -0.642319 0.065702
      vertex -1.345582 -0.437206 0.065702
    endloop
  endfacet
  facet normal -0.898503 -0.372172 0.232765
    outer loop
      vertex -1.345582 -0.437206 0.065702
      vertex -1.260622 -0.642319 0.065702
      vertex -1.246913 -0.635334 0.129787
    endloop
  endfacet
  facet normal -0.898503 -0.372172 0.232765
    outer loop
      vertex -1.345582 -0.437206 0.065702
      vertex -1.246913 -0.635334 0.129787
      vertex -1.330950 -0.432452 0.129787
    endloop
  endfacet
  facet normal -0.853938 -0.353713 0.381676
    outer loop
      vertex -1.330950 -0.432452 0.129787
      vertex -1.246913 -0.635334 0.129787
      vertex -1.224441 -0.623884 0.190676
    endloop
  endfacet
  facet normal -0.853938 -0.353713 0.381676
    outer loop
      vertex -1.330950 -0.432452 0.129787
      vertex -1.224441 -0.623884 0.190676
      vertex -1.306963 -0.424658 0.190676
    endloop
  endfacet
  facet normal -0.788400 -0.326566 0.521326
    outer loop
      vertex -1.306963 -0.424658 0.190676
      vertex -1.224441 -0.623884 0.190676
      vertex -1.193759 -0.608251 0.246870
    endloop
  endfacet
  facet normal -0.788400 -0.326566 0.521326
    outer loop
      vertex -1.306963 -0.424658 0.190676
      vertex -1.193759 -0.608251 0.246870
      vertex -1.274213 -0.414017 0.246870
    endloop
  endfacet
  facet normal -0.703437 -0.291373 0.648288
    outer loop
      vertex -1.274213 -0.414017 0.246870
      vertex -1.193759 -0.608251 0.246870
      vertex -1.155622 -0.588819 0.296985
    endloop
  endfacet
  facet normal -0.703437 -0.291373 0.648288
    outer loop
      vertex -1.274213 -0.414017 0.246870
      vertex -1.155622 -0.588819 0.296985
      vertex -1.233506 -0.400790 0.296985
    endloop
  endfacet
  facet normal -0.601082 -0.248977 0.759415
    outer loop
      vertex -1.233506 -0.400790 0.296985
      vertex -1.155622 -0.588819 0.296985
      vertex -1.110969 -0.566067 0.339787
    endloop
  endfacet
  facet normal -0.601082 -0.248977 0.759415
    outer loop
      vertex -1.233506 -0.400790 0.296985
      vertex -1.110969 -0.566067 0.339787
      vertex -1.185844 -0.385304 0.339787
    endloop
  endfacet
  facet normal -0.483810 -0.200400 0.851920
    outer loop
      vertex -1.185844 -0.385304 0.339787
      vertex -1.110969 -0.566067 0.339787
      vertex -1.060900 -0.540556 0.374223
    endloop
  endfacet
  facet normal -0.483810 -0.200400 0.851920
    outer loop
      vertex -1.185844 -0.385304 0.339787
      vertex -1.060900 -0.540556 0.374223
      vertex -1.132400 -0.367939 0.374223
    endloop
  endfacet
  facet normal -0.354486 -0.146833 0.923461
    outer loop
      vertex -1.132400 -0.367939 0.374223
      vertex -1.060900 -0.540556 0.374223
      vertex -1.006648 -0.512913 0.399444
    endloop
  endfacet
  facet normal -0.354486 -0.146833 0.923461
    outer loop
      vertex -1.132400 -0.367939 0.374223
      vertex -1.006648 -0.512913 0.399444
      vertex -1.074491 -0.349123 0.399444
    endloop
  endfacet
  facet normal -0.216306 -0.089597 0.972206
    outer loop
      vertex -1.074491 -0.349123 0.399444
      vertex -1.006648 -0.512913 0.399444
      vertex -0.949548 -0.483819 0.414829
    endloop
  endfacet
  facet normal -0.216306 -0.089597 0.972206
    outer loop
      vertex -1.074491 -0.349123 0.399444
      vertex -0.949548 -0.483819 0.414829
      vertex -1.013543 -0.329320 0.414829
    endloop
  endfacet
  facet normal -0.072710 -0.030117 0.996898
    outer loop
      vertex -1.013543 -0.329320 0.414829
      vertex -0.949548 -0.483819 0.414829
      vertex -0.891007 -0.453990 0.420000
    endloop
  endfacet
  facet normal -0.072710 -0.030117 0.996898
    outer loop
      vertex -1.013543 -0.329320 0.414829
      vertex -0.891007 -0.453990 0.420000
      vertex -0.951057 -0.309017 0.420000
    endloop
  endfacet
  facet normal 0.072710 0.030117 0.996898
    outer loop
      vertex -0.951057 -0.309017 0.420000
      vertex -0.891007 -0.453990 0.420000
      vertex -0.832465 -0.424162 0.414829
    endloop
  endfacet
  facet normal 0.072710 0.030117 0.996898
    outer loop
      vertex -0.951057 -0.309017 0.420000
      vertex -0.832465 -0.424162 0.414829
      vertex -0.888570 -0.288714 0.414829
    endloop
  endfacet
  facet normal 0.216306 0.089597 0.972206
    outer loop
      vertex -0.888570 -0.288714 0.414829
      vertex -0.832465 -0.424162 0.414829
      vertex -0.775365 -0.395068 0.399444
    endloop
  endfacet
  facet normal 0.216306 0.089597 0.972206
    outer loop
      vertex -0.888570 -0.288714 0.414829
      vertex -0.775365 -0.395068 0.399444
      vertex -0.827622 -0.268911 0.399444
    endloop
  endfacet
  facet normal 0.354486 0.146833 0.923461
    outer loop
      vertex -0.827622 -0.268911 0.399444
      vertex -0.775365 -0.395068 0.399444
      vertex -0.721113 -0.367425 0.374223
    endloop
  endfacet
  facet normal 0.354486 0.146833 0.923461
    outer loop
      vertex -0.827622 -0.268911 0.399444
      vertex -0.721113 -0.367425 0.374223
      vertex -0.769713 -0.250095 0.374223
    endloop
  endfacet
  facet normal 0.483810 0.200400 0.851920
    outer loop
      vertex -0.769713 -0.250095 0.374223
      vertex -0.721113 -0.367425 0.374223
      vertex -0.671044 -0.341914 0.339787
    endloop
  endfacet
  facet normal 0.483810 0.200400 0.851920
    outer loop
      vertex -0.769713 -0.250095 0.374223
      vertex -0.671044 -0.341914 0.339787
      vertex -0.716269 -0.232730 0.339787
    endloop
  endfacet
  facet normal 0.601082 0.248977 0.759415
    outer loop
      vertex -0.716269 -0.232730 0.339787
      vertex -0.671044 -0.341914 0.339787
      vertex -0.626391 -0.319162 0.296985
    endloop
  endfacet
  facet normal 0.601082 0.248977 0.759415
    outer loop
      vertex -0.716269 -0.232730 0.339787
      vertex -0.626391 -0.319162 0.296985
      vertex -0.668607 -0.217244 0.296985
    endloop
  endfacet
  facet normal 0.703437 0.291373 0.648288
    outer loop
      vertex -0.668607 -0.217244 0.296985
      vertex -0.626391 -0.319162 0.296985
      vertex -0.588254 -0.299730 0.246870
    endloop
  endfacet
  facet normal 0.703437 0.291373 0.648288
    outer loop
      vertex -0.668607 -0.217244 0.296985
      vertex -0.588254 -0.299730 0.246870
      vertex -0.627900 -0.204017 0.246870
    endloop
  endfacet
  facet normal 0.788400 0.326566 0.521326
    outer loop
      vertex -0.627900 -0.204017 0.246870
      vertex -0.588254 -0.299730 0.246870
      vertex -0.557572 -0.284097 0.190676
    endloop
  endfacet
  facet normal 0.788400 0.326566 0.521326
    outer loop
      vertex -0.627900 -0.204017 0.246870
      vertex -0.557572 -0.284097 0.190676
      vertex -0.595150 -0.193376 0.190676
    endloop
  endfacet
  facet normal 0.853938 0.353713 0.381676
    outer loop
      vertex -0.595150 -0.193376 0.190676
      vertex -0.557572 -0.284097 0.190676
      vertex -0.535100 -0.272647 0.129787
    endloop
  endfacet
  facet normal 0.853938 0.353713 0.381676
    outer loop
      vertex -0.595150 -0.193376 0.190676
      vertex -0.535100 -0.272647 0.129787
      vertex -0.571163 -0.185582 0.129787
    endloop
  endfacet
  facet normal 0.898503 0.372172 0.232765
    outer loop
      vertex -0.571163 -0.185582 0.129787
      vertex -0.535100 -0.272647 0.129787
      vertex -0.521391 -0.265662 0.065702
    endloop
  endfacet
  facet normal 0.898503 0.372172 0.232765
    outer loop
      vertex -0.571163 -0.185582 0.129787
      vertex -0.521391 -0.265662 0.065702
      vertex -0.556531 -0.180828 0.065702
    endloop
  endfacet
  facet normal 0.921049 0.381511 0.078219
    outer loop
      vertex -0.556531 -0.180828 0.065702
      vertex -0.521391 -0.265662 0.065702
      vertex -0.516784 -0.263314 0.000000
    endloop
  endfacet
  facet normal 0.921049 0.381511 0.078219
    outer loop
      vertex -0.556531 -0.180828 0.065702
      vertex -0.516784 -0.263314 0.000000
      vertex -0.551613 -0.179230 0.000000
    endloop
  endfacet
  facet normal 0.921049 0.381511 -0.078219
    outer loop
      vertex -0.551613 -0.179230 0.000000
      vertex -0.516784 -0.263314 0.000000
      vertex -0.521391 -0.265662 -0.065702
    endloop
  endfacet
  facet normal 0.921049 0.381511 -0.078219
    outer loop
      vertex -0.551613 -0.179230 0.000000
      vertex -0.521391 -0.265662 -0.065702
      vertex -0.556531 -0.180828 -0.065702
    endloop
  endfacet
  facet normal 0.898503 0.372172 -0.232765
    outer loop
      vertex -0.556531 -0.180828 -0.065702
      vertex -0.521391 -0.265662 -0.065702
      vertex -0.535100 -0.272647 -0.129787
    endloop
  endfacet
  facet normal 0.898503 0.372172 -0.232765
    outer loop
      vertex -0.556531 -0.180828 -0.065702
      vertex -0.535100 -0.272647 -0.129787
      vertex -0.571163 -0.185582 -0.129787
    endloop
  endfacet
  facet normal 0.853938 0.353713 -0.381676
    outer loop
      vertex -0.571163 -0.185582 -0.129787
      vertex -0.535100 -0.272647 -0.129787
      vertex -0.557572 -0.284097 -0.190676
    endloop
  endfacet
  facet normal 0.853938 0.353713 -0.381676
    outer loop
      vertex -0.571163 -0.185582 -0.129787
      vertex -0.557572 -0.284097 -0.190676
      vertex -0.595150 -0.193376 -0.190676
    endloop
  endfacet
  facet normal 0.788400 0.326566 -0.521326
    outer loop
      vertex -0.595150 -0.193376 -0.190676
      vertex -0.557572 -0.284097 -0.190676
      vertex -0.588254 -0.299730 -0.246870
    endloop
  endfacet
  facet normal 0.788400 0.326566 -0.521326
    outer loop
      vertex -0.595150 -0.193376 -0.190676
      vertex -0.588254 -0.299730 -0.246870
      vertex -0.627900 -0.204017 -0.246870
    endloop
  endfacet
  facet normal 0.703437 0.291373 -0.648288
    outer loop
      vertex -0.627900 -0.204017 -0.246870
      vertex -0.588254 -0.299730 -0.246870
      vertex -0.626391 -0.319162 -0.296985
    endloop
  endfacet
  facet normal 0.703437 0.291373 -0.648288
    outer loop
      vertex -0.627900 -0.204017 -0.246870
      vertex -0.626391 -0.319162 -0.296985
      vertex -0.668607 -0.217244 -0.296985
    endloop
  endfacet
  facet normal 0.601082 0.248977 -0.759415
    outer loop
      vertex -0.668607 -0.217244 -0.296985
      vertex -0.626391 -0.319162 -0.296985
      vertex -0.671044 -0.341914 -0.339787
    endloop
  endfacet
  facet normal 0.601082 0.248977 -0.759415
    outer loop
      vertex -0.668607 -0.217244 -0.296985
      vertex -0.671044 -0.341914 -0.339787
      vertex -0.716269 -0.232730 -0.339787
    endloop
  endfacet
  facet normal 0.483810 0.200400 -0.851920
    outer loop
      vertex -0.716269 -0.232730 -0.339787
      vertex -0.671044 -0.341914 -0.339787
      vertex -0.721113 -0.367425 -0.374223
    endloop
  endfacet
  facet normal 0.483810 0.200400 -0.851920
    outer loop
      vertex -0.716269 -0.232730 -0.339787
      vertex -0.721113 -0.367425 -0.374223
      vertex -0.769713 -0.250095 -0.374223
    endloop
  endfacet
  facet normal 0.354486 0.146833 -0.923461
    outer loop
      vertex -0.769713 -0.250095 -0.374223
      vertex -0.721113 -0.367425 -0.374223
      vertex -0.775365 -0.395068 -0.399444
    endloop
  endfacet
  facet normal 0.354486 0.146833 -0.923461
    outer loop
      vertex -0.769713 -0.250095 -0.374223
      vertex -0.775365 -0.395068 -0.399444
      vertex -0.827622 -0.268911 -0.399444
    endloop
  endfacet
  facet normal 0.216306 0.089597 -0.972206
    outer loop
      vertex -0.827622 -0.268911 -0.399444
      vertex -0.775365 -0.395068 -0.399444
      vertex -0.832465 -0.424162 -0.414829
    endloop
  endfacet
  facet normal 0.216306 0.089597 -0.972206
    outer loop
      vertex -0.827622 -0.268911 -0.399444
      vertex -0.832465 -0.424162 -0.414829
      vertex -0.888570 -0.288714 -0.414829
    endloop
  endfacet
  facet normal 0.072710 0.030117 -0.996898
    outer loop
      vertex -0.888570 -0.288714 -0.414829
      vertex -0.832465 -0.424162 -0.414829
      vertex -0.891007 -0.453990 -0.420000
    endloop
  endfacet
  facet normal 0.072710 0.030117 -0.996898
    outer loop
      vertex -0.888570 -0.288714 -0.414829
      vertex -0.891007 -0.453990 -0.420000
      vertex -0.951057 -0.309017 -0.420000
    endloop
  endfacet
  facet normal -0.072710 -0.030117 -0.996898
    outer loop
      vertex -0.951057 -0.309017 -0.420000
      vertex -0.891007 -0.453990 -0.420000
      vertex -0.949548 -0.483819 -0.414829
    endloop
  endfacet
  facet normal -0.072710 -0.030117 -0.996898
    outer loop
      vertex -0.951057 -0.309017 -0.420000
      vertex -0.949548 -0.483819 -0.414829
      vertex -1.013543 -0.329320 -0.414829
    endloop
  endfacet
  facet normal -0.216306 -0.089597 -0.972206
    outer loop
      vertex -1.013543 -0.329320 -0.414829
      vertex -0.949548 -0.483819 -0.414829
      vertex -1.006648 -0.512913 -0.399444
    endloop
  endfacet
  facet normal -0.216306 -0.089597 -0.972206
    outer loop
      vertex -1.013543 -0.329320 -0.414829
      vertex -1.006648 -0.512913 -0.399444
      vertex -1.074491 -0.349123 -0.399444
    endloop
  endfacet
  facet normal -0.354486 -0.146833 -0.923461
    outer loop
      vertex -1.074491 -0.349123 -0.399444
      vertex -1.006648 -0.512913 -0.399444
      vertex -1.060900 -0.540556 -0.374223
    endloop
  endfacet
  facet normal -0.354486 -0.146833 -0.923461
    outer loop
      vertex -1.074491 -0.349123 -0.399444
      vertex -1.060900 -0.540556 -0.374223
      vertex -1.132400 -0.367939 -0.374223
    endloop
  endfacet
  facet normal -0.483810 -0.200400 -0.851920
    outer loop
      vertex -1.132400 -0.367939 -0.374223
      vertex -1.060900 -0.540556 -0.374223
      vertex -1.110969 -0.566067 -0.339787
    endloop
  endfacet
  facet normal -0.483810 -0.200400 -0.851920
    outer loop
      vertex -1.132400 -0.367939 -0.374223
      vertex -1.110969 -0.566067 -0.339787
      vertex -1.185844 -0.385304 -0.339787
    endloop
  endfacet
  facet normal -0.601082 -0.248977 -0.759415
    outer loop
      vertex -1.185844 -0.385304 -0.339787
      vertex -1.110969 -0.566067 -0.339787
      vertex -1.155622 -0.588819 -0.296985
    endloop
  endfacet
  facet normal -0.601082 -0.248977 -0.759415
    outer loop
      vertex -1.185844 -0.385304 -0.339787
      vertex -1.155622 -0.588819 -0.296985
      vertex -1.233506 -0.400790 -0.296985
    endloop
  endfacet
  facet normal -0.703437 -0.291373 -0.648288
    outer loop
      vertex -1.233506 -0.400790 -0.296985
      vertex -1.155622 -0.588819 -0.296985
      vertex -1.193759 -0.608251 -0.246870
    endloop
  endfacet
  facet normal -0.703437 -0.291373 -0.648288
    outer loop
      vertex -1.233506 -0.400790 -0.296985
      vertex -1.193759 -0.608251 -0.246870
      vertex -1.274213 -0.414017 -0.246870
    endloop
  endfacet
  facet normal -0.788400 -0.326566 -0.521326
    outer loop
      vertex -1.274213 -0.414017 -0.246870
      vertex -1.193759 -0.608251 -0.246870
      vertex -1.224441 -0.623884 -0.190676
    endloop
  endfacet
  facet normal -0.788400 -0.326566 -0.521326
    outer loop
      vertex -1.274213 -0.414017 -0.246870
      vertex -1.224441 -0.623884 -0.190676
      vertex -1.306963 -0.424658 -0.190676
    endloop
  endfacet
  facet normal -0.853938 -0.353713 -0.381676
    outer loop
      vertex -1.306963 -0.424658 -0.190676
      vertex -1.224441 -0.623884 -0.190676
      vertex -1.246913 -0.635334 -0.129787
    endloop
  endfacet
  facet normal -0.853938 -0.353713 -0.381676
    outer loop
      vertex -1.306963 -0.424658 -0.190676
      vertex -1.246913 -0.635334 -0.129787
      vertex -1.330950 -0.432452 -0.129787
    endloop
  endfacet
  facet normal -0.898503 -0.372172 -0.232765
    outer loop
      vertex -1.330950 -0.432452 -0.129787
      vertex -1.246913 -0.635334 -0.129787
      vertex -1.260622 -0.642319 -0.065702
    endloop
  endfacet
  facet normal -0.898503 -0.372172 -0.232765
    outer loop
      vertex -1.330950 -0.432452 -0.129787
      vertex -1.260622 -0.642319 -0.065702
      vertex -1.345582 -0.437206 -0.065702
    endloop
  endfacet
  facet normal -0.921049 -0.381511 -0.078219
    outer loop
      vertex -1.345582 -0.437206 -0.065702
      vertex -1.260622 -0.642319 -0.065702
      vertex -1.265229 -0.644667 -0.000000
    endloop
  endfacet
  facet normal -0.921049 -0.381511 -0.078219
    outer loop
      vertex -1.345582 -0.437206 -0.065702
      vertex -1.265229 -0.644667 -0.000000
      vertex -1.350500 -0.438804 -0.000000
    endloop
  endfacet
  facet normal -0.850028 -0.520898 0.078219
    outer loop
      vertex -1.265229 -0.644667 0.000000
      vertex -1.148804 -0.834655 0.000000
      vertex -1.144621 -0.831616 0.065702
    endloop
  endfacet
  facet normal -0.850028 -0.520898 0.078219
    outer loop
      vertex -1.265229 -0.644667 0.000000
      vertex -1.144621 -0.831616 0.065702
      vertex -1.260622 -0.642319 0.065702
    endloop
  endfacet
  facet normal -0.829221 -0.508147 0.232765
    outer loop
      vertex -1.260622 -0.642319 0.065702
      vertex -1.144621 -0.831616 0.065702
      vertex -1.132174 -0.822572 0.129787
    endloop
  endfacet
  facet normal -0.829221 -0.508147 0.232765
    outer loop
      vertex -1.260622 -0.642319 0.065702
      vertex -1.132174 -0.822572 0.129787
      vertex -1.246913 -0.635334 0.129787
    endloop
  endfacet
  facet normal -0.788092 -0.482943 0.381676
    outer loop
      vertex -1.246913 -0.635334 0.129787
      vertex -1.132174 -0.822572 0.129787
      vertex -1.111770 -0.807748 0.190676
    endloop
  endfacet
  facet normal -0.788092 -0.482943 0.381676
    outer loop
      vertex -1.246913 -0.635334 0.129787
      vertex -1.111770 -0.807748 0.190676
      vertex -1.224441 -0.623884 0.190676
    endloop
  endfacet
  facet normal -0.727607 -0.445878 0.521326
    outer loop
      vertex -1.224441 -0.623884 0.190676
      vertex -1.111770 -0.807748 0.190676
      vertex -1.083911 -0.787507 0.246870
    endloop
  endfacet
  facet normal -0.727607 -0.445878 0.521326
    outer loop
      vertex -1.224441 -0.623884 0.190676
      vertex -1.083911 -0.787507 0.246870
      vertex -1.193759 -0.608251 0.246870
    endloop
  endfacet
  facet normal -0.649196 -0.397828 0.648288
    outer loop
      vertex -1.193759 -0.608251 0.246870
      vertex -1.083911 -0.787507 0.246870
      vertex -1.049283 -0.762349 0.296985
    endloop
  endfacet
  facet normal -0.649196 -0.397828 0.648288
    outer loop
      vertex -1.193759 -0.608251 0.246870
      vertex -1.049283 -0.762349 0.296985
      vertex -1.155622 -0.588819 0.296985
    endloop
  endfacet
  facet normal -0.554734 -0.339941 0.759415
    outer loop
      vertex -1.155622 -0.588819 0.296985
      vertex -1.049283 -0.762349 0.296985
      vertex -1.008739 -0.732892 0.339787
    endloop
  endfacet
  facet normal -0.554734 -0.339941 0.759415
    outer loop
      vertex -1.155622 -0.588819 0.296985
      vertex -1.008739 -0.732892 0.339787
      vertex -1.110969 -0.566067 0.339787
    endloop
  endfacet
  facet normal -0.446503 -0.273618 0.851920
    outer loop
      vertex -1.110969 -0.566067 0.339787
      vertex -1.008739 -0.732892 0.339787
      vertex -0.963277 -0.699862 0.374223
    endloop
  endfacet
  facet normal -0.446503 -0.273618 0.851920
    outer loop
      vertex -1.110969 -0.566067 0.339787
      vertex -0.963277 -0.699862 0.374223
      vertex -1.060900 -0.540556 0.374223
    endloop
  endfacet
  facet normal -0.327152 -0.200479 0.923461
    outer loop
      vertex -1.060900 -0.540556 0.374223
      vertex -0.963277 -0.699862 0.374223
      vertex -0.914017 -0.664072 0.399444
    endloop
  endfacet
  facet normal -0.327152 -0.200479 0.923461
    outer loop
      vertex -1.060900 -0.540556 0.374223
      vertex -0.914017 -0.664072 0.399444
      vertex -1.006648 -0.512913 0.399444
    endloop
  endfacet
  facet normal -0.199627 -0.122331 0.972206
    outer loop
      vertex -1.006648 -0.512913 0.399444
      vertex -0.914017 -0.664072 0.399444
      vertex -0.862171 -0.626404 0.414829
    endloop
  endfacet
  facet normal -0.199627 -0.122331 0.972206
    outer loop
      vertex -1.006648 -0.512913 0.399444
      vertex -0.862171 -0.626404 0.414829
      vertex -0.949548 -0.483819 0.414829
    endloop
  endfacet
  facet normal -0.067103 -0.041121 0.996898
    outer loop
      vertex -0.949548 -0.483819 0.414829
      vertex -0.862171 -0.626404 0.414829
      vertex -0.809017 -0.587785 0.420000
    endloop
  endfacet
  facet normal -0.067103 -0.041121 0.996898
    outer loop
      vertex -0.949548 -0.483819 0.414829
      vertex -0.809017 -0.587785 0.420000
      vertex -0.891007 -0.453990 0.420000
    endloop
  endfacet
  facet normal 0.067103 0.041121 0.996898
    outer loop
      vertex -0.891007 -0.453990 0.420000
      vertex -0.809017 -0.587785 0.420000
      vertex -0.755863 -0.549166 0.414829
    endloop
  endfacet
  facet normal 0.067103 0.041121 0.996898
    outer loop
      vertex -0.891007 -0.453990 0.420000
      vertex -0.755863 -0.549166 0.414829
      vertex -0.832465 -0.424162 0.414829
    endloop
  endfacet
  facet normal 0.199627 0.122331 0.972206
    outer loop
      vertex -0.832465 -0.424162 0.414829
      vertex -0.755863 -0.549166 0.414829
      vertex -0.704017 -0.511498 0.399444
    endloop
  endfacet
  facet normal 0.199627 0.122331 0.972206
    outer loop
      vertex -0.832465 -0.424162 0.414829
      vertex -0.704017 -0.511498 0.399444
      vertex -0.775365 -0.395068 0.399444
    endloop
  endfacet
  facet normal 0.327152 0.200479 0.923461
    outer loop
      vertex -0.775365 -0.395068 0.399444
      vertex -0.704017 -0.511498 0.399444
      vertex -0.654757 -0.475709 0.374223
    endloop
  endfacet
  facet normal 0.327152 0.200479 0.923461
    outer loop
      vertex -0.775365 -0.395068 0.399444
      vertex -0.654757 -0.475709 0.374223
      vertex -0.721113 -0.367425 0.374223
    endloop
  endfacet
  facet normal 0.446503 0.273618 0.851920
    outer loop
      vertex -0.721113 -0.367425 0.374223
      vertex -0.654757 -0.475709 0.374223
      vertex -0.609295 -0.442679 0.339787
    endloop
  endfacet
  facet normal 0.446503 0.273618 0.851920
    outer loop
      vertex -0.721113 -0.367425 0.374223
      vertex -0.609295 -0.442679 0.339787
      vertex -0.671044 -0.341914 0.339787
    endloop
  endfacet
  facet normal 0.554734 0.339941 0.759415
    outer loop
      vertex -0.671044 -0.341914 0.339787
      vertex -0.609295 -0.442679 0.339787
      vertex -0.568751 -0.413222 0.296985
    endloop
  endfacet
  facet normal 0.554734 0.339941 0.759415
    outer loop
      vertex -0.671044 -0.341914 0.339787
      vertex -0.568751 -0.413222 0.296985
      vertex -0.626391 -0.319162 0.296985
    endloop
  endfacet
  facet normal 0.649196 0.397828 0.648288
    outer loop
      vertex -0.626391 -0.319162 0.296985
      vertex -0.568751 -0.413222 0.296985
      vertex -0.534123 -0.388063 0.246870
    endloop
  endfacet
  facet normal 0.649196 0.397828 0.648288
    outer loop
      vertex -0.626391 -0.319162 0.296985
      vertex -0.534123 -0.388063 0.246870
      vertex -0.588254 -0.299730 0.246870
    endloop
  endfacet
  facet normal 0.727607 0.445878 0.521326
    outer loop
      vertex -0.588254 -0.299730 0.246870
      vertex -0.534123 -0.388063 0.246870
      vertex -0.506264 -0.367823 0.190676
    endloop
  endfacet
  facet normal 0.727607 0.445878 0.521326
    outer loop
      vertex -0.588254 -0.299730 0.246870
      vertex -0.506264 -0.367823 0.190676
      vertex -0.557572 -0.284097 0.190676
    endloop
  endfacet
  facet normal 0.788092 0.482943 0.381676
    outer loop
      vertex -0.557572 -0.284097 0.190676
      vertex -0.506264 -0.367823 0.190676
      vertex -0.485860 -0.352998 0.129787
    endloop
  endfacet
  facet normal 0.788092 0.482943 0.381676
    outer loop
      vertex -0.557572 -0.284097 0.190676
      vertex -0.485860 -0.352998 0.129787
      vertex -0.535100 -0.272647 0.129787
    endloop
  endfacet
  facet normal 0.829221 0.508147 0.232765
    outer loop
      vertex -0.535100 -0.272647 0.129787
      vertex -0.485860 -0.352998 0.129787
      vertex -0.473413 -0.343955 0.065702
    endloop
  endfacet
  facet normal 0.829221 0.508147 0.232765
    outer loop
      vertex -0.535100 -0.272647 0.129787
      vertex -0.473413 -0.343955 0.065702
      vertex -0.521391 -0.265662 0.065702
    endloop
  endfacet
  facet normal 0.850028 0.520898 0.078219
    outer loop
      vertex -0.521391 -0.265662 0.065702
      vertex -0.473413 -0.343955 0.065702
      vertex -0.469230 -0.340915 0.000000
    endloop
  endfacet
  facet normal 0.850028 0.520898 0.078219
    outer loop
      vertex -0.521391 -0.265662 0.065702
      vertex -0.469230 -0.340915 0.000000
      vertex -0.516784 -0.263314 0.000000
    endloop
  endfacet
  facet normal 0.850028 0.520898 -0.078219
    outer loop
      vertex -0.516784 -0.263314 0.000000
      vertex -0.469230 -0.340915 0.000000
      vertex -0.473413 -0.343955 -0.065702
    endloop
  endfacet
  facet normal 0.850028 0.520898 -0.078219
    outer loop
      vertex -0.516784 -0.263314 0.000000
      vertex -0.473413 -0.343955 -0.065702
      vertex -0.521391 -0.265662 -0.065702
    endloop
  endfacet
  facet normal 0.829221 0.508147 -0.232765
    outer loop
      vertex -0.521391 -0.265662 -0.065702
      vertex -0.473413 -0.343955 -0.065702
      vertex -0.485860 -0.352998 -0.129787
    endloop
  endfacet
  facet normal 0.829221 0.508147 -0.232765
    outer loop
      vertex -0.521391 -0.265662 -0.065702
      vertex -0.485860 -0.352998 -0.129787
      vertex -0.535100 -0.272647 -0.129787
    endloop
  endfacet
  facet normal 0.788092 0.482943 -0.381676
    outer loop
      vertex -0.535100 -0.272647 -0.129787
      vertex -0.485860 -0.352998 -0.129787
      vertex -0.506264 -0.367823 -0.190676
    endloop
  endfacet
  facet normal 0.788092 0.482943 -0.381676
    outer loop
      vertex -0.535100 -0.272647 -0.129787
      vertex -0.506264 -0.367823 -0.190676
      vertex -0.557572 -0.284097 -0.190676
    endloop
  endfacet
  facet normal 0.727607 0.445878 -0.521326
    outer loop
      vertex -0.557572 -0.284097 -0.190676
      vertex -0.506264 -0.367823 -0.190676
      vertex -0.534123 -0.388063 -0.246870
    endloop
  endfacet
  facet normal 0.727607 0.445878 -0.521326
    outer loop
      vertex -0.557572 -0.284097 -0.190676
      vertex -0.534123 -0.388063 -0.246870
      vertex -0.588254 -0.299730 -0.246870
    endloop
  endfacet
  facet normal 0.649196 0.397828 -0.648288
    outer loop
      vertex -0.588254 -0.299730 -0.246870
      vertex -0.534123 -0.388063 -0.246870
      vertex -0.568751 -0.413222 -0.296985
    endloop
  endfacet
  facet normal 0.649196 0.397828 -0.648288
    outer loop
      vertex -0.588254 -0.299730 -0.246870
      vertex -0.568751 -0.413222 -0.296985
      vertex -0.626391 -0.319162 -0.296985
    endloop
  endfacet
  facet normal 0.554734 0.339941 -0.759415
    outer loop
      vertex -0.626391 -0.319162 -0.296985
      vertex -0.568751 -0.413222 -0.296985
      vertex -0.609295 -0.442679 -0.339787
    endloop
  endfacet
  facet normal 0.554734 0.339941 -0.759415
    outer loop
      vertex -0.626391 -0.319162 -0.296985
      vertex -0.609295 -0.442679 -0.339787
      vertex -0.671044 -0.341914 -0.339787
    endloop
  endfacet
  facet normal 0.446503 0.273618 -0.851920
    outer loop
      vertex -0.671044 -0.341914 -0.339787
      vertex -0.609295 -0.442679 -0.339787
      vertex -0.654757 -0.475709 -0.374223
    endloop
  endfacet
  facet normal 0.446503 0.273618 -0.851920
    outer loop
      vertex -0.671044 -0.341914 -0.339787
      vertex -0.654757 -0.475709 -0.374223
      vertex -0.721113 -0.367425 -0.374223
    endloop
  endfacet
  facet normal 0.327152 0.200479 -0.923461
    outer loop
      vertex -0.721113 -0.367425 -0.374223
      vertex -0.654757 -0.475709 -0.374223
      vertex -0.704017 -0.511498 -0.399444
    endloop
  endfacet
  facet normal 0.327152 0.200479 -0.923461
    outer loop
      vertex -0.721113 -0.367425 -0.374223
      vertex -0.704017 -0.511498 -0.399444
      vertex -0.775365 -0.395068 -0.399444
    endloop
  endfacet
  facet normal 0.199627 0.122331 -0.972206
    outer loop
      vertex -0.775365 -0.395068 -0.399444
      vertex -0.704017 -0.511498 -0.399444
      vertex -0.755863 -0.549166 -0.414829
    endloop
  endfacet
  facet normal 0.199627 0.122331 -0.972206
    outer loop
      vertex -0.775365 -0.395068 -0.399444
      vertex -0.755863 -0.549166 -0.414829
      vertex -0.832465 -0.424162 -0.414829
    endloop
  endfacet
  facet normal 0.067103 0.041121 -0.996898
    outer loop
      vertex -0.832465 -0.424162 -0.414829
      vertex -0.755863 -0.549166 -0.414829
      vertex -0.809017 -0.587785 -0.420000
    endloop
  endfacet
  facet normal 0.067103 0.041121 -0.996898
    outer loop
      vertex -0.832465 -0.424162 -0.414829
      vertex -0.809017 -0.587785 -0.420000
      vertex -0.891007 -0.453990 -0.420000
    endloop
  endfacet
  facet normal -0.067103 -0.041121 -0.996898
    outer loop
      vertex -0.891007 -0.453990 -0.420000
      vertex -0.809017 -0.587785 -0.420000
      vertex -0.862171 -0.626404 -0.414829
    endloop
  endfacet
  facet normal -0.067103 -0.041121 -0.996898
    outer loop
      vertex -0.891007 -0.453990 -0.420000
      vertex -0.862171 -0.626404 -0.414829
      vertex -0.949548 -0.483819 -0.414829
    endloop
  endfacet
  facet normal -0.199627 -0.122331 -0.972206
    outer loop
      vertex -0.949548 -0.483819 -0.414829
      vertex -0.862171 -0.626404 -0.414829
      vertex -0.914017 -0.664072 -0.399444
    endloop
  endfacet
  facet normal -0.199627 -0.122331 -0.972206
    outer loop
      vertex -0.949548 -0.483819 -0.414829
      vertex -0.914017 -0.664072 -0.399444
      vertex -1.006648 -0.512913 -0.399444
    endloop
  endfacet
  facet normal -0.327152 -0.200479 -0.923461
    outer loop
      vertex -1.006648 -0.512913 -0.399444
      vertex -0.914017 -0.664072 -0.399444
      vertex -0.963277 -0.699862 -0.374223
    endloop
  endfacet
  facet normal -0.327152 -0.200479 -0.923461
    outer loop
      vertex -1.006648 -0.512913 -0.399444
      vertex -0.963277 -0.699862 -0.374223
      vertex -1.060900 -0.540556 -0.374223
    endloop
  endfacet
  facet normal -0.446503 -0.273618 -0.851920
    outer loop
      vertex -1.060900 -0.540556 -0.374223
      vertex -0.963277 -0.699862 -0.374223
      vertex -1.008739 -0.732892 -0.339787
    endloop
  endfacet
  facet normal -0.446503 -0.273618 -0.851920
    outer loop
      vertex -1.060900 -0.540556 -0.374223
      vertex -1.008739 -0.732892 -0.339787
      vertex -1.110969 -0.566067 -0.339787
    endloop
  endfacet
  facet normal -0.554734 -0.339941 -0.759415
    outer loop
      vertex -1.110969 -0.566067 -0.339787
      vertex -1.008739 -0.732892 -0.339787
      vertex -1.049283 -0.762349 -0.296985
    endloop
  endfacet
  facet normal -0.554734 -0.339941 -0.759415
    outer loop
      vertex -1.110969 -0.566067 -0.339787
      vertex -1.049283 -0.762349 -0.296985
      vertex -1.155622 -0.588819 -0.296985
    endloop
  endfacet
  facet normal -0.649196 -0.397828 -0.648288
    outer loop
      vertex -1.155622 -0.588819 -0.296985
      vertex -1.049283 -0.762349 -0.296985
      vertex -1.083911 -0.787507 -0.246870
    endloop
  endfacet
  facet normal -0.649196 -0.397828 -0.648288
    outer loop
      vertex -1.155622 -0.588819 -0.296985
      vertex -1.083911 -0.787507 -0.246870
      vertex -1.193759 -0.608251 -0.246870
    endloop
  endfacet
  facet normal -0.727607 -0.445878 -0.521326
    outer loop
      vertex -1.193759 -0.608251 -0.246870
      vertex -1.083911 -0.787507 -0.246870
      vertex -1.111770 -0.807748 -0.190676
    endloop
  endfacet
  facet normal -0.727607 -0.445878 -0.521326
    outer loop
      vertex -1.193759 -0.608251 -0.246870
      vertex -1.111770 -0.807748 -0.190676
      vertex -1.224441 -0.623884 -0.190676
    endloop
  endfacet
  facet normal -0.788092 -0.482943 -0.381676
    outer loop
      vertex -1.224441 -0.623884 -0.190676
      vertex -1.111770 -0.807748 -0.190676
      vertex -1.132174 -0.822572 -0.129787
    endloop
  endfacet
  facet normal -0.788092 -0.482943 -0.381676
    outer loop
      vertex -1.224441 -0.623884 -0.190676
      vertex -1.132174 -0.822572 -0.129787
      vertex -1.246913 -0.635334 -0.129787
    endloop
  endfacet
  facet normal -0.829221 -0.508147 -0.232765
    outer loop
      vertex -1.246913 -0.635334 -0.129787
      vertex -1.132174 -0.822572 -0.129787
      vertex -1.144621 -0.831616 -0.065702
    endloop
  endfacet
  facet normal -0.829221 -0.508147 -0.232765
    outer loop
      vertex -1.246913 -0.635334 -0.129787
      vertex -1.144621 -0.831616 -0.065702
      vertex -1.260622 -0.642319 -0.065702
    endloop
  endfacet
  facet normal -0.850028 -0.520898 -0.078219
    outer loop
      vertex -1.260622 -0.642319 -0.065702
      vertex -1.144621 -0.831616 -0.065702
      vertex -1.148804 -0.834655 -0.000000
    endloop
  endfacet
  facet normal -0.850028 -0.520898 -0.078219
    outer loop
      vertex -1.260622 -0.642319 -0.065702
      vertex -1.148804 -0.834655 -0.000000
      vertex -1.265229 -0.644667 -0.000000
    endloop
  endfacet
  facet normal -0.758076 -0.647458 0.078219
    outer loop
      vertex -1.148804 -0.834655 0.000000
      vertex -1.004092 -1.004092 0.000000
      vertex -1.000435 -1.000435 0.065702
    endloop
  endfacet
  facet normal -0.758076 -0.647458 0.078219
    outer loop
      vertex -1.148804 -0.834655 0.000000
      vertex -1.000435 -1.000435 0.065702
      vertex -1.144621 -0.831616 0.065702
    endloop
  endfacet
  facet normal -0.739520 -0.631610 0.232765
    outer loop
      vertex -1.144621 -0.831616 0.065702
      vertex -1.000435 -1.000435 0.065702
      vertex -0.989556 -0.989556 0.129787
    endloop
  endfacet
  facet normal -0.739520 -0.631610 0.232765
    outer loop
      vertex -1.144621 -0.831616 0.065702
      vertex -0.989556 -0.989556 0.129787
      vertex -1.132174 -0.822572 0.129787
    endloop
  endfacet
  facet normal -0.702840 -0.600282 0.381676
    outer loop
      vertex -1.132174 -0.822572 0.129787
      vertex -0.989556 -0.989556 0.129787
      vertex -0.971722 -0.971722 0.190676
    endloop
  endfacet
  facet normal -0.702840 -0.600282 0.381676
    outer loop
      vertex -1.132174 -0.822572 0.129787
      vertex -0.971722 -0.971722 0.190676
      vertex -1.111770 -0.807748 0.190676
    endloop
  endfacet
  facet normal -0.648898 -0.554211 0.521326
    outer loop
      vertex -1.111770 -0.807748 0.190676
      vertex -0.971722 -0.971722 0.190676
      vertex -0.947373 -0.947373 0.246870
    endloop
  endfacet
  facet normal -0.648898 -0.554211 0.521326
    outer loop
      vertex -1.111770 -0.807748 0.190676
      vertex -0.947373 -0.947373 0.246870
      vertex -1.083911 -0.787507 0.246870
    endloop
  endfacet
  facet normal -0.578969 -0.494487 0.648288
    outer loop
      vertex -1.083911 -0.787507 0.246870
      vertex -0.947373 -0.947373 0.246870
      vertex -0.917107 -0.917107 0.296985
    endloop
  endfacet
  facet normal -0.578969 -0.494487 0.648288
    outer loop
      vertex -1.083911 -0.787507 0.246870
      vertex -0.917107 -0.917107 0.296985
      vertex -1.049283 -0.762349 0.296985
    endloop
  endfacet
  facet normal -0.494725 -0.422535 0.759415
    outer loop
      vertex -1.049283 -0.762349 0.296985
      vertex -0.917107 -0.917107 0.296985
      vertex -0.881670 -0.881670 0.339787
    endloop
  endfacet
  facet normal -0.494725 -0.422535 0.759415
    outer loop
      vertex -1.049283 -0.762349 0.296985
      vertex -0.881670 -0.881670 0.339787
      vertex -1.008739 -0.732892 0.339787
    endloop
  endfacet
  facet normal -0.398203 -0.340098 0.851920
    outer loop
      vertex -1.008739 -0.732892 0.339787
      vertex -0.881670 -0.881670 0.339787
      vertex -0.841935 -0.841935 0.374223
    endloop
  endfacet
  facet normal -0.398203 -0.340098 0.851920
    outer loop
      vertex -1.008739 -0.732892 0.339787
      vertex -0.841935 -0.841935 0.374223
      vertex -0.963277 -0.699862 0.374223
    endloop
  endfacet
  facet normal -0.291762 -0.249189 0.923461
    outer loop
      vertex -0.963277 -0.699862 0.374223
      vertex -0.841935 -0.841935 0.374223
      vertex -0.798880 -0.798880 0.399444
    endloop
  endfacet
  facet normal -0.291762 -0.249189 0.923461
    outer loop
      vertex -0.963277 -0.699862 0.374223
      vertex -0.798880 -0.798880 0.399444
      vertex -0.914017 -0.664072 0.399444
    endloop
  endfacet
  facet normal -0.178032 -0.152054 0.972206
    outer loop
      vertex -0.914017 -0.664072 0.399444
      vertex -0.798880 -0.798880 0.399444
      vertex -0.753565 -0.753565 0.414829
    endloop
  endfacet
  facet normal -0.178032 -0.152054 0.972206
    outer loop
      vertex -0.914017 -0.664072 0.399444
      vertex -0.753565 -0.753565 0.414829
      vertex -0.862171 -0.626404 0.414829
    endloop
  endfacet
  facet normal -0.059844 -0.051112 0.996898
    outer loop
      vertex -0.862171 -0.626404 0.414829
      vertex -0.753565 -0.753565 0.414829
      vertex -0.707107 -0.707107 0.420000
    endloop
  endfacet
  facet normal -0.059844 -0.051112 0.996898
    outer loop
      vertex -0.862171 -0.626404 0.414829
      vertex -0.707107 -0.707107 0.420000
      vertex -0.809017 -0.587785 0.420000
    endloop
  endfacet
  facet normal 0.059844 0.051112 0.996898
    outer loop
      vertex -0.809017 -0.587785 0.420000
      vertex -0.707107 -0.707107 0.420000
      vertex -0.660648 -0.660648 0.414829
    endloop
  endfacet
  facet normal 0.059844 0.051112 0.996898
    outer loop
      vertex -0.809017 -0.587785 0.420000
      vertex -0.660648 -0.660648 0.414829
      vertex -0.755863 -0.549166 0.414829
    endloop
  endfacet
  facet normal 0.178032 0.152054 0.972206
    outer loop
      vertex -0.755863 -0.549166 0.414829
      vertex -0.660648 -0.660648 0.414829
      vertex -0.615333 -0.615333 0.399444
    endloop
  endfacet
  facet normal 0.178032 0.152054 0.972206
    outer loop
      vertex -0.755863 -0.549166 0.414829
      vertex -0.615333 -0.615333 0.399444
      vertex -0.704017 -0.511498 0.399444
    endloop
  endfacet
  facet normal 0.291762 0.249189 0.923461
    outer loop
      vertex -0.704017 -0.511498 0.399444
      vertex -0.615333 -0.615333 0.399444
      vertex -0.572278 -0.572278 0.374223
    endloop
  endfacet
  facet normal 0.291762 0.249189 0.923461
    outer loop
      vertex -0.704017 -0.511498 0.399444
      vertex -0.572278 -0.572278 0.374223
      vertex -0.654757 -0.475709 0.374223
    endloop
  endfacet
  facet normal 0.398203 0.340098 0.851920
    outer loop
      vertex -0.654757 -0.475709 0.374223
      vertex -0.572278 -0.572278 0.374223
      vertex -0.532543 -0.532543 0.339787
    endloop
  endfacet
  facet normal 0.398203 0.340098 0.851920
    outer loop
      vertex -0.654757 -0.475709 0.374223
      vertex -0.532543 -0.532543 0.339787
      vertex -0.609295 -0.442679 0.339787
    endloop
  endfacet
  facet normal 0.494725 0.422535 0.759415
    outer loop
      vertex -0.609295 -0.442679 0.339787
      vertex -0.532543 -0.532543 0.339787
      vertex -0.497107 -0.497107 0.296985
    endloop
  endfacet
  facet normal 0.494725 0.422535 0.759415
    outer loop
      vertex -0.609295 -0.442679 0.339787
      vertex -0.497107 -0.497107 0.296985
      vertex -0.568751 -0.413222 0.296985
    endloop
  endfacet
  facet normal 0.578969 0.494487 0.648288
    outer loop
      vertex -0.568751 -0.413222 0.296985
      vertex -0.497107 -0.497107 0.296985
      vertex -0.466841 -0.466841 0.246870
    endloop
  endfacet
  facet normal 0.578969 0.494487 0.648288
    outer loop
      vertex -0.568751 -0.413222 0.296985
      vertex -0.466841 -0.466841 0.246870
      vertex -0.534123 -0.388063 0.246870
    endloop
  endfacet
  facet normal 0.648898 0.554211 0.521326
    outer loop
      vertex -0.534123 -0.388063 0.246870
      vertex -0.466841 -0.466841 0.246870
      vertex -0.442491 -0.442491 0.190676
    endloop
  endfacet
  facet normal 0.648898 0.554211 0.521326
    outer loop
      vertex -0.534123 -0.388063 0.246870
      vertex -0.442491 -0.442491 0.190676
      vertex -0.506264 -0.367823 0.190676
    endloop
  endfacet
  facet normal 0.702840 0.600282 0.381676
    outer loop
      vertex -0.506264 -0.367823 0.190676
      vertex -0.442491 -0.442491 0.190676
      vertex -0.424657 -0.424657 0.129787
    endloop
  endfacet
  facet normal 0.702840 0.600282 0.381676
    outer loop
      vertex -0.506264 -0.367823 0.190676
      vertex -0.424657 -0.424657 0.129787
      vertex -0.485860 -0.352998 0.129787
    endloop
  endfacet
  facet normal 0.739520 0.631610 0.232765
    outer loop
      vertex -0.485860 -0.352998 0.129787
      vertex -0.424657 -0.424657 0.129787
      vertex -0.413778 -0.413778 0.065702
    endloop
  endfacet
  facet normal 0.739520 0.631610 0.232765
    outer loop
      vertex -0.485860 -0.352998 0.129787
      vertex -0.413778 -0.413778 0.065702
      vertex -0.473413 -0.343955 0.065702
    endloop
  endfacet
  facet normal 0.758076 0.647458 0.078219
    outer loop
      vertex -0.473413 -0.343955 0.065702
      vertex -0.413778 -0.413778 0.065702
      vertex -0.410122 -0.410122 0.000000
    endloop
  endfacet
  facet normal 0.758076 0.647458 0.078219
    outer loop
      vertex -0.473413 -0.343955 0.065702
      vertex -0.410122 -0.410122 0.000000
      vertex -0.469230 -0.340915 0.000000
    endloop
  endfacet
  facet normal 0.758076 0.647458 -0.078219
    outer loop
      vertex -0.469230 -0.340915 0.000000
      vertex -0.410122 -0.410122 0.000000
      vertex -0.413778 -0.413778 -0.065702
    endloop
  endfacet
  facet normal 0.758076 0.647458 -0.078219
    outer loop
      vertex -0.469230 -0.340915 0.000000
      vertex -0.413778 -0.413778 -0.065702
      vertex -0.473413 -0.343955 -0.065702
    endloop
  endfacet
  facet normal 0.739520 0.631610 -0.232765
    outer loop
      vertex -0.473413 -0.343955 -0.065702
      vertex -0.413778 -0.413778 -0.065702
      vertex -0.424657 -0.424657 -0.129787
    endloop
  endfacet
  facet normal 0.739520 0.631610 -0.232765
    outer loop
      vertex -0.473413 -0.343955 -0.065702
      vertex -0.424657 -0.424657 -0.129787
      vertex -0.485860 -0.352998 -0.129787
    endloop
  endfacet
  facet normal 0.702840 0.600282 -0.381676
    outer loop
      vertex -0.485860 -0.352998 -0.129787
      vertex -0.424657 -0.424657 -0.129787
      vertex -0.442491 -0.442491 -0.190676
    endloop
  endfacet
  facet normal 0.702840 0.600282 -0.381676
    outer loop
      vertex -0.485860 -0.352998 -0.129787
      vertex -0.442491 -0.442491 -0.190676
      vertex -0.506264 -0.367823 -0.190676
    endloop
  endfacet
  facet normal 0.648898 0.554211 -0.521326
    outer loop
      vertex -0.506264 -0.367823 -0.190676
      vertex -0.442491 -0.442491 -0.190676
      vertex -0.466841 -0.466841 -0.246870
    endloop
  endfacet
  facet normal 0.648898 0.554211 -0.521326
    outer loop
      vertex -0.506264 -0.367823 -0.190676
      vertex -0.466841 -0.466841 -0.246870
      vertex -0.534123 -0.388063 -0.246870
    endloop
  endfacet
  facet normal 0.578969 0.494487 -0.648288
    outer loop
      vertex -0.534123 -0.388063 -0.246870
      vertex -0.466841 -0.466841 -0.246870
      vertex -0.497107 -0.497107 -0.296985
    endloop
  endfacet
  facet normal 0.578969 0.494487 -0.648288
    outer loop
      vertex -0.534123 -0.388063 -0.246870
      vertex -0.497107 -0.497107 -0.296985
      vertex -0.568751 -0.413222 -0.296985
    endloop
  endfacet
  facet normal 0.494725 0.422535 -0.759415
    outer loop
      vertex -0.568751 -0.413222 -0.296985
      vertex -0.497107 -0.497107 -0.296985
      vertex -0.532543 -0.532543 -0.339787
    endloop
  endfacet
  facet normal 0.494725 0.422535 -0.759415
    outer loop
      vertex -0.568751 -0.413222 -0.296985
      vertex -0.532543 -0.532543 -0.339787
      vertex -0.609295 -0.442679 -0.339787
    endloop
  endfacet
  facet normal 0.398203 0.340098 -0.851920
    outer loop
      vertex -0.609295 -0.442679 -0.339787
      vertex -0.532543 -0.532543 -0.339787
      vertex -0.572278 -0.572278 -0.374223
    endloop
  endfacet
  facet normal 0.398203 0.340098 -0.851920
    outer loop
      vertex -0.609295 -0.442679 -0.339787
      vertex -0.572278 -0.572278 -0.374223
      vertex -0.654757 -0.475709 -0.374223
    endloop
  endfacet
  facet normal 0.291762 0.249189 -0.923461
    outer loop
      vertex -0.654757 -0.475709 -0.374223
      vertex -0.572278 -0.572278 -0.374223
      vertex -0.615333 -0.615333 -0.399444
    endloop
  endfacet
  facet normal 0.291762 0.249189 -0.923461
    outer loop
      vertex -0.654757 -0.475709 -0.374223
      vertex -0.615333 -0.615333 -0.399444
      vertex -0.704017 -0.511498 -0.399444
    endloop
  endfacet
  facet normal 0.178032 0.152054 -0.972206
    outer loop
      vertex -0.704017 -0.511498 -0.399444
      vertex -0.615333 -0.615333 -0.399444
      vertex -0.660648 -0.660648 -0.414829
    endloop
  endfacet
  facet normal 0.178032 0.152054 -0.972206
    outer loop
      vertex -0.704017 -0.511498 -0.399444
      vertex -0.660648 -0.660648 -0.414829
      vertex -0.755863 -0.549166 -0.414829
    endloop
  endfacet
  facet normal 0.059844 0.051112 -0.996898
    outer loop
      vertex -0.755863 -0.549166 -0.414829
      vertex -0.660648 -0.660648 -0.414829
      vertex -0.707107 -0.707107 -0.420000
    endloop
  endfacet
  facet normal 0.059844 0.051112 -0.996898
    outer loop
      vertex -0.755863 -0.549166 -0.414829
      vertex -0.707107 -0.707107 -0.420000
      vertex -0.809017 -0.587785 -0.420000
    endloop
  endfacet
  facet normal -0.059844 -0.051112 -0.996898
    outer loop
      vertex -0.809017 -0.587785 -0.420000
      vertex -0.707107 -0.707107 -0.420000
      vertex -0.753565 -0.753565 -0.414829
    endloop
  endfacet
  facet normal -0.059844 -0.051112 -0.996898
    outer loop
      vertex -0.809017 -0.587785 -0.420000
      vertex -0.753565 -0.753565 -0.414829
      vertex -0.862171 -0.626404 -0.414829
    endloop
  endfacet
  facet normal -0.178032 -0.152054 -0.972206
    outer loop
      vertex -0.862171 -0.626404 -0.414829
      vertex -0.753565 -0.753565 -0.414829
      vertex -0.798880 -0.798880 -0.399444
    endloop
  endfacet
  facet normal -0.178032 -0.152054 -0.972206
    outer loop
      vertex -0.862171 -0.626404 -0.414829
      vertex -0.798880 -0.798880 -0.399444
      vertex -0.914017 -0.664072 -0.399444
    endloop
  endfacet
  facet normal -0.291762 -0.249189 -0.923461
    outer loop
      vertex -0.914017 -0.664072 -0.399444
      vertex -0.798880 -0.798880 -0.399444
      vertex -0.841935 -0.841935 -0.374223
    endloop
  endfacet
  facet normal -0.291762 -0.249189 -0.923461
    outer loop
      vertex -0.914017 -0.664072 -0.399444
      vertex -0.841935 -0.841935 -0.374223
      vertex -0.963277 -0.699862 -0.374223
    endloop
  endfacet
  facet normal -0.398203 -0.340098 -0.851920
    outer loop
      vertex -0.963277 -0.699862 -0.374223
      vertex -0.841935 -0.841935 -0.374223
      vertex -0.881670 -0.881670 -0.339787
    endloop
  endfacet
  facet normal -0.398203 -0.340098 -0.851920
    outer loop
      vertex -0.963277 -0.699862 -0.374223
      vertex -0.881670 -0.881670 -0.339787
      vertex -1.008739 -0.732892 -0.339787
    endloop
  endfacet
  facet normal -0.494725 -0.422535 -0.759415
    outer loop
      vertex -1.008739 -0.732892 -0.339787
      vertex -0.881670 -0.881670 -0.339787
      vertex -0.917107 -0.917107 -0.296985
    endloop
  endfacet
  facet normal -0.494725 -0.422535 -0.759415
    outer loop
      vertex -1.008739 -0.732892 -0.339787
      vertex -0.917107 -0.917107 -0.296985
      vertex -1.049283 -0.762349 -0.296985
    endloop
  endfacet
  facet normal -0.578969 -0.494487 -0.648288
    outer loop
      vertex -1.049283 -0.762349 -0.296985
      vertex -0.917107 -0.917107 -0.296985
      vertex -0.947373 -0.947373 -0.246870
    endloop
  endfacet
  facet normal -0.578969 -0.494487 -0.648288
    outer loop
      vertex -1.049283 -0.762349 -0.296985
      vertex -0.947373 -0.947373 -0.246870
      vertex -1.083911 -0.787507 -0.246870
    endloop
  endfacet
  facet normal -0.648898 -0.554211 -0.521326
    outer loop
      vertex -1.083911 -0.787507 -0.246870
      vertex -0.947373 -0.947373 -0.246870
      vertex -0.971722 -0.971722 -0.190676
    endloop
  endfacet
  facet normal -0.648898 -0.554211 -0.521326
    outer loop
      vertex -1.083911 -0.787507 -0.246870
      vertex -0.971722 -0.971722 -0.190676
      vertex -1.111770 -0.807748 -0.190676
    endloop
  endfacet
  facet normal -0.702840 -0.600282 -0.381676
    outer loop
      vertex -1.111770 -0.807748 -0.190676
      vertex -0.971722 -0.971722 -0.190676
      vertex -0.989556 -0.989556 -0.129787
    endloop
  endfacet
  facet normal -0.702840 -0.600282 -0.381676
    outer loop
      vertex -1.111770 -0.807748 -0.190676
      vertex -0.989556 -0.989556 -0.129787
      vertex -1.132174 -0.822572 -0.129787
    endloop
  endfacet
  facet normal -0.739520 -0.631610 -0.232765
    outer loop
      vertex -1.132174 -0.822572 -0.129787
      vertex -0.989556 -0.989556 -0.129787
      vertex -1.000435 -1.000435 -0.065702
    endloop
  endfacet
  facet normal -0.739520 -0.631610 -0.232765
    outer loop
      vertex -1.132174 -0.822572 -0.129787
      vertex -1.000435 -1.000435 -0.065702
      vertex -1.144621 -0.831616 -0.065702
    endloop
  endfacet
  facet normal -0.758076 -0.647458 -0.078219
    outer loop
      vertex -1.144621 -0.831616 -0.065702
      vertex -1.000435 -1.000435 -0.065702
      vertex -1.004092 -1.004092 -0.000000
    endloop
  endfacet
  facet normal -0.758076 -0.647458 -0.078219
    outer loop
      vertex -1.144621 -0.831616 -0.065702
      vertex -1.004092 -1.004092 -0.000000
      vertex -1.148804 -0.834655 -0.000000
    endloop
  endfacet
  facet normal -0.647458 -0.758076 0.078219
    outer loop
      vertex -1.004092 -1.004092 0.000000
      vertex -0.834655 -1.148804 0.000000
      vertex -0.831616 -1.144621 0.065702
    endloop
  endfacet
  facet normal -0.647458 -0.758076 0.078219
    outer loop
      vertex -1.004092 -1.004092 0.000000
      vertex -0.831616 -1.144621 0.065702
      vertex -1.000435 -1.000435 0.065702
    endloop
  endfacet
  facet normal -0.631610 -0.739520 0.232765
    outer loop
      vertex -1.000435 -1.000435 0.065702
      vertex -0.831616 -1.144621 0.065702
      vertex -0.822572 -1.132174 0.129787
    endloop
  endfacet
  facet normal -0.631610 -0.739520 0.232765
    outer loop
      vertex -1.000435 -1.000435 0.065702
      vertex -0.822572 -1.132174 0.129787
      vertex -0.989556 -0.989556 0.129787
    endloop
  endfacet
  facet normal -0.600282 -0.702840 0.381676
    outer loop
      vertex -0.989556 -0.989556 0.129787
      vertex -0.822572 -1.132174 0.129787
      vertex -0.807748 -1.111770 0.190676
    endloop
  endfacet
  facet normal -0.600282 -0.702840 0.381676
    outer loop
      vertex -0.989556 -0.989556 0.129787
      vertex -0.807748 -1.111770 0.190676
      vertex -0.971722 -0.971722 0.190676
    endloop
  endfacet
  facet normal -0.554211 -0.648898 0.521326
    outer loop
      vertex -0.971722 -0.971722 0.190676
      vertex -0.807748 -1.111770 0.190676
      vertex -0.787507 -1.083911 0.246870
    endloop
  endfacet
  facet normal -0.554211 -0.648898 0.521326
    outer loop
      vertex -0.971722 -0.971722 0.190676
      vertex -0.787507 -1.083911 0.246870
      vertex -0.947373 -0.947373 0.246870
    endloop
  endfacet
  facet normal -0.494487 -0.578969 0.648288
    outer loop
      vertex -0.947373 -0.947373 0.246870
      vertex -0.787507 -1.083911 0.246870
      vertex -0.762349 -1.049283 0.296985
    endloop
  endfacet
  facet normal -0.494487 -0.578969 0.648288
    outer loop
      vertex -0.947373 -0.947373 0.246870
      vertex -0.762349 -1.049283 0.296985
      vertex -0.917107 -0.917107 0.296985
    endloop
  endfacet
  facet normal -0.422535 -0.494725 0.759415
    outer loop
      vertex -0.917107 -0.917107 0.296985
      vertex -0.762349 -1.049283 0.296985
      vertex -0.732892 -1.008739 0.339787
    endloop
  endfacet
  facet normal -0.422535 -0.494725 0.759415
    outer loop
      vertex -0.917107 -0.917107 0.296985
      vertex -0.732892 -1.008739 0.339787
      vertex -0.881670 -0.881670 0.339787
    endloop
  endfacet
  facet normal -0.340098 -0.398203 0.851920
    outer loop
      vertex -0.881670 -0.881670 0.339787
      vertex -0.732892 -1.008739 0.339787
      vertex -0.699862 -0.963277 0.374223
    endloop
  endfacet
  facet normal -0.340098 -0.398203 0.851920
    outer loop
      vertex -0.881670 -0.881670 0.339787
      vertex -0.699862 -0.963277 0.374223
      vertex -0.841935 -0.841935 0.374223
    endloop
  endfacet
  facet normal -0.249189 -0.291762 0.923461
    outer loop
      vertex -0.841935 -0.841935 0.374223
      vertex -0.699862 -0.963277 0.374223
      vertex -0.664072 -0.914017 0.399444
    endloop
  endfacet
  facet normal -0.249189 -0.291762 0.923461
    outer loop
      vertex -0.841935 -0.841935 0.374223
      vertex -0.664072 -0.914017 0.399444
      vertex -0.798880 -0.798880 0.399444
    endloop
  endfacet
  facet normal -0.152054 -0.178032 0.972206
    outer loop
      vertex -0.798880 -0.798880 0.399444
      vertex -0.664072 -0.914017 0.399444
      vertex -0.626404 -0.862171 0.414829
    endloop
  endfacet
  facet normal -0.152054 -0.178032 0.972206
    outer loop
      vertex -0.798880 -0.798880 0.399444
      vertex -0.626404 -0.862171 0.414829
      vertex -0.753565 -0.753565 0.414829
    endloop
  endfacet
  facet normal -0.051112 -0.059844 0.996898
    outer loop
      vertex -0.753565 -0.753565 0.414829
      vertex -0.626404 -0.862171 0.414829
      vertex -0.587785 -0.809017 0.420000
    endloop
  endfacet
  facet normal -0.051112 -0.059844 0.996898
    outer loop
      vertex -0.753565 -0.753565 0.414829
      vertex -0.587785 -0.809017 0.420000
      vertex -0.707107 -0.707107 0.420000
    endloop
  endfacet
  facet normal 0.051112 0.059844 0.996898
    outer loop
      vertex -0.707107 -0.707107 0.420000
      vertex -0.587785 -0.809017 0.420000
      vertex -0.549166 -0.755863 0.414829
    endloop
  endfacet
  facet normal 0.051112 0.059844 0.996898
    outer loop
      vertex -0.707107 -0.707107 0.420000
      vertex -0.549166 -0.755863 0.414829
      vertex -0.660648 -0.660648 0.414829
    endloop
  endfacet
  facet normal 0.152054 0.178032 0.972206
    outer loop
      vertex -0.660648 -0.660648 0.414829
      vertex -0.549166 -0.755863 0.414829
      vertex -0.511498 -0.704017 0.399444
    endloop
  endfacet
  facet normal 0.152054 0.178032 0.972206
    outer loop
      vertex -0.660648 -0.660648 0.414829
      vertex -0.511498 -0.704017 0.399444
      vertex -0.615333 -0.615333 0.399444
    endloop
  endfacet
  facet normal 0.249189 0.291762 0.923461
    outer loop
      vertex -0.615333 -0.615333 0.399444
      vertex -0.511498 -0.704017 0.399444
      vertex -0.475709 -0.654757 0.374223
    endloop
  endfacet
  facet normal 0.249189 0.291762 0.923461
    outer loop
      vertex -0.615333 -0.615333 0.399444
      vertex -0.475709 -0.654757 0.374223
      vertex -0.572278 -0.572278 0.374223
    endloop
  endfacet
  facet normal 0.340098 0.398203 0.851920
    outer loop
      vertex -0.572278 -0.572278 0.374223
      vertex -0.475709 -0.654757 0.374223
      vertex -0.442679 -0.609295 0.339787
    endloop
  endfacet
  facet normal 0.340098 0.398203 0.851920
    outer loop
      vertex -0.572278 -0.572278 0.374223
      vertex -0.442679 -0.609295 0.339787
      vertex -0.532543 -0.532543 0.339787
    endloop
  endfacet
  facet normal 0.422535 0.494725 0.759415
    outer loop
      vertex -0.532543 -0.532543 0.339787
      vertex -0.442679 -0.609295 0.339787
      vertex -0.413222 -0.568751 0.296985
    endloop
  endfacet
  facet normal 0.422535 0.494725 0.759415
    outer loop
      vertex -0.532543 -0.532543 0.339787
      vertex -0.413222 -0.568751 0.296985
      vertex -0.497107 -0.497107 0.296985
    endloop
  endfacet
  facet normal 0.494487 0.578969 0.648288
    outer loop
      vertex -0.497107 -0.497107 0.296985
      vertex -0.413222 -0.568751 0.296985
      vertex -0.388063 -0.534123 0.246870
    endloop
  endfacet
  facet normal 0.494487 0.578969 0.648288
    outer loop
      vertex -0.497107 -0.497107 0.296985
      vertex -0.388063 -0.534123 0.246870
      vertex -0.466841 -0.466841 0.246870
    endloop
  endfacet
  facet normal 0.554211 0.648898 0.521326
    outer loop
      vertex -0.466841 -0.466841 0.246870
      vertex -0.388063 -0.534123 0.246870
      vertex -0.367823 -0.506264 0.190676
    endloop
  endfacet
  facet normal 0.554211 0.648898 0.521326
    outer loop
      vertex -0.466841 -0.466841 0.246870
      vertex -0.367823 -0.506264 0.190676
      vertex -0.442491 -0.442491 0.190676
    endloop
  endfacet
  facet normal 0.600282 0.702840 0.381676
    outer loop
      vertex -0.442491 -0.442491 0.190676
      vertex -0.367823 -0.506264 0.190676
      vertex -0.352998 -0.485860 0.129787
    endloop
  endfacet
  facet normal 0.600282 0.702840 0.381676
    outer loop
      vertex -0.442491 -0.442491 0.190676
      vertex -0.352998 -0.485860 0.129787
      vertex -0.424657 -0.424657 0.129787
    endloop
  endfacet
  facet normal 0.631610 0.739520 0.232765
    outer loop
      vertex -0.424657 -0.424657 0.129787
      vertex -0.352998 -0.485860 0.129787
      vertex -0.343955 -0.473413 0.065702
    endloop
  endfacet
  facet normal 0.631610 0.739520 0.232765
    outer loop
      vertex -0.424657 -0.424657 0.129787
      vertex -0.343955 -0.473413 0.065702
      vertex -0.413778 -0.413778 0.065702
    endloop
  endfacet
  facet normal 0.647458 0.758076 0.078219
    outer loop
      vertex -0.413778 -0.413778 0.065702
      vertex -0.343955 -0.473413 0.065702
      vertex -0.340915 -0.469230 0.000000
    endloop
  endfacet
  facet normal 0.647458 0.758076 0.078219
    outer loop
      vertex -0.413778 -0.413778 0.065702
      vertex -0.340915 -0.469230 0.000000
      vertex -0.410122 -0.410122 0.000000
    endloop
  endfacet
  facet normal 0.647458 0.758076 -0.078219
    outer loop
      vertex -0.410122 -0.410122 0.000000
      vertex -0.340915 -0.469230 0.000000
      vertex -0.343955 -0.473413 -0.065702
    endloop
  endfacet
  facet normal 0.647458 0.758076 -0.078219
    outer loop
      vertex -0.410122 -0.410122 0.000000
      vertex -0.343955 -0.473413 -0.065702
      vertex -0.413778 -0.413778 -0.065702
    endloop
  endfacet
  facet normal 0.631610 0.739520 -0.232765
    outer loop
      vertex -0.413778 -0.413778 -0.065702
      vertex -0.343955 -0.473413 -0.065702
      vertex -0.352998 -0.485860 -0.129787
    endloop
  endfacet
  facet normal 0.631610 0.739520 -0.232765
    outer loop
      vertex -0.413778 -0.413778 -0.065702
      vertex -0.352998 -0.485860 -0.129787
      vertex -0.424657 -0.424657 -0.129787
    endloop
  endfacet
  facet normal 0.600282 0.702840 -0.381676
    outer loop
      vertex -0.424657 -0.424657 -0.129787
      vertex -0.352998 -0.485860 -0.129787
      vertex -0.367823 -0.506264 -0.190676
    endloop
  endfacet
  facet normal 0.600282 0.702840 -0.381676
    outer loop
      vertex -0.424657 -0.424657 -0.129787
      vertex -0.367823 -0.506264 -0.190676
      vertex -0.442491 -0.442491 -0.190676
    endloop
  endfacet
  facet normal 0.554211 0.648898 -0.521326
    outer loop
      vertex -0.442491 -0.442491 -0.190676
      vertex -0.367823 -0.506264 -0.190676
      vertex -0.388063 -0.534123 -0.246870
    endloop
  endfacet
  facet normal 0.554211 0.648898 -0.521326
    outer loop
      vertex -0.442491 -0.442491 -0.190676
      vertex -0.388063 -0.534123 -0.246870
      vertex -0.466841 -0.466841 -0.246870
    endloop
  endfacet
  facet normal 0.494487 0.578969 -0.648288
    outer loop
      vertex -0.466841 -0.466841 -0.246870
      vertex -0.388063 -0.534123 -0.246870
      vertex -0.413222 -0.568751 -0.296985
    endloop
  endfacet
  facet normal 0.494487 0.578969 -0.648288
    outer loop
      vertex -0.466841 -0.466841 -0.246870
      vertex -0.413222 -0.568751 -0.296985
      vertex -0.497107 -0.497107 -0.296985
    endloop
  endfacet
  facet normal 0.422535 0.494725 -0.759415
    outer loop
      vertex -0.497107 -0.497107 -0.296985
      vertex -0.413222 -0.568751 -0.296985
      vertex -0.442679 -0.609295 -0.339787
    endloop
  endfacet
  facet normal 0.422535 0.494725 -0.759415
    outer loop
      vertex -0.497107 -0.497107 -0.296985
      vertex -0.442679 -0.609295 -0.339787
      vertex -0.532543 -0.532543 -0.339787
    endloop
  endfacet
  facet normal 0.340098 0.398203 -0.851920
    outer loop
      vertex -0.532543 -0.532543 -0.339787
      vertex -0.442679 -0.609295 -0.339787
      vertex -0.475709 -0.654757 -0.374223
    endloop
  endfacet
  facet normal 0.340098 0.398203 -0.851920
    outer loop
      vertex -0.532543 -0.532543 -0.339787
      vertex -0.475709 -0.654757 -0.374223
      vertex -0.572278 -0.572278 -0.374223
    endloop
  endfacet
  facet normal 0.249189 0.291762 -0.923461
    outer loop
      vertex -0.572278 -0.572278 -0.374223
      vertex -0.475709 -0.654757 -0.374223
      vertex -0.511498 -0.704017 -0.399444
    endloop
  endfacet
  facet normal 0.249189 0.291762 -0.923461
    outer loop
      vertex -0.572278 -0.572278 -0.374223
      vertex -0.511498 -0.704017 -0.399444
      vertex -0.615333 -0.615333 -0.399444
    endloop
  endfacet
  facet normal 0.152054 0.178032 -0.972206
    outer loop
      vertex -0.615333 -0.615333 -0.399444
      vertex -0.511498 -0.704017 -0.399444
      vertex -0.549166 -0.755863 -0.414829
    endloop
  endfacet
  facet normal 0.152054 0.178032 -0.972206
    outer loop
      vertex -0.615333 -0.615333 -0.399444
      vertex -0.549166 -0.755863 -0.414829
      vertex -0.660648 -0.660648 -0.414829
    endloop
  endfacet
  facet normal 0.051112 0.059844 -0.996898
    outer loop
      vertex -0.660648 -0.660648 -0.414829
      vertex -0.549166 -0.755863 -0.414829
      vertex -0.587785 -0.809017 -0.420000
    endloop
  endfacet
  facet normal 0.051112 0.059844 -0.996898
    outer loop
      vertex -0.660648 -0.660648 -0.414829
      vertex -0.587785 -0.809017 -0.420000
      vertex -0.707107 -0.707107 -0.420000
    endloop
  endfacet
  facet normal -0.051112 -0.059844 -0.996898
    outer loop
      vertex -0.707107 -0.707107 -0.420000
      vertex -0.587785 -0.809017 -0.420000
      vertex -0.626404 -0.862171 -0.414829
    endloop
  endfacet
  facet normal -0.051112 -0.059844 -0.996898
    outer loop
      vertex -0.707107 -0.707107 -0.420000
      vertex -0.626404 -0.862171 -0.414829
      vertex -0.753565 -0.753565 -0.414829
    endloop
  endfacet
  facet normal -0.152054 -0.178032 -0.972206
    outer loop
      vertex -0.753565 -0.753565 -0.414829
      vertex -0.626404 -0.862171 -0.414829
      vertex -0.664072 -0.914017 -0.399444
    endloop
  endfacet
  facet normal -0.152054 -0.178032 -0.972206
    outer loop
      vertex -0.753565 -0.753565 -0.414829
      vertex -0.664072 -0.914017 -0.399444
      vertex -0.798880 -0.798880 -0.399444
    endloop
  endfacet
  facet normal -0.249189 -0.291762 -0.923461
    outer loop
      vertex -0.798880 -0.798880 -0.399444
      vertex -0.664072 -0.914017 -0.399444
      vertex -0.699862 -0.963277 -0.374223
    endloop
  endfacet
  facet normal -0.249189 -0.291762 -0.923461
    outer loop
      vertex -0.798880 -0.798880 -0.399444
      vertex -0.699862 -0.963277 -0.374223
      vertex -0.841935 -0.841935 -0.374223
    endloop
  endfacet
  facet normal -0.340098 -0.398203 -0.851920
    outer loop
      vertex -0.841935 -0.841935 -0.374223
      vertex -0.699862 -0.963277 -0.374223
      vertex -0.732892 -1.008739 -0.339787
    endloop
  endfacet
  facet normal -0.340098 -0.398203 -0.851920
    outer loop
      vertex -0.841935 -0.841935 -0.374223
      vertex -0.732892 -1.008739 -0.339787
      vertex -0.881670 -0.881670 -0.339787
    endloop
  endfacet
  facet normal -0.422535 -0.494725 -0.759415
    outer loop
      vertex -0.881670 -0.881670 -0.339787
      vertex -0.732892 -1.008739 -0.339787
      vertex -0.762349 -1.049283 -0.296985
    endloop
  endfacet
  facet normal -0.422535 -0.494725 -0.759415
    outer loop
      vertex -0.881670 -0.881670 -0.339787
      vertex -0.762349 -1.049283 -0.296985
      vertex -0.917107 -0.917107 -0.296985
    endloop
  endfacet
  facet normal -0.494487 -0.578969 -0.648288
    outer loop
      vertex -0.917107 -0.917107 -0.296985
      vertex -0.762349 -1.049283 -0.296985
      vertex -0.787507 -1.083911 -0.246870
    endloop
  endfacet
  facet normal -0.494487 -0.578969 -0.648288
    outer loop
      vertex -0.917107 -0.917107 -0.296985
      vertex -0.787507 -1.083911 -0.246870
      vertex -0.947373 -0.947373 -0.246870
    endloop
  endfacet
  facet normal -0.554211 -0.648898 -0.521326
    outer loop
      vertex -0.947373 -0.947373 -0.246870
      vertex -0.787507 -1.083911 -0.246870
      vertex -0.807748 -1.111770 -0.190676
    endloop
  endfacet
  facet normal -0.554211 -0.648898 -0.521326
    outer loop
      vertex -0.947373 -0.947373 -0.246870
      vertex -0.807748 -1.111770 -0.190676
      vertex -0.971722 -0.971722 -0.190676
    endloop
  endfacet
  facet normal -0.600282 -0.702840 -0.381676
    outer loop
      vertex -0.971722 -0.971722 -0.190676
      vertex -0.807748 -1.111770 -0.190676
      vertex -0.822572 -1.132174 -0.129787
    endloop
  endfacet
  facet normal -0.600282 -0.702840 -0.381676
    outer loop
      vertex -0.971722 -0.971722 -0.190676
      vertex -0.822572 -1.132174 -0.129787
      vertex -0.989556 -0.989556 -0.129787
    endloop
  endfacet
  facet normal -0.631610 -0.739520 -0.232765
    outer loop
      vertex -0.989556 -0.989556 -0.129787
      vertex -0.822572 -1.132174 -0.129787
      vertex -0.831616 -1.144621 -0.065702
    endloop
  endfacet
  facet normal -0.631610 -0.739520 -0.232765
    outer loop
      vertex -0.989556 -0.989556 -0.129787
      vertex -0.831616 -1.144621 -0.065702
      vertex -1.000435 -1.000435 -0.065702
    endloop
  endfacet
  facet normal -0.647458 -0.758076 -0.078219
    outer loop
      vertex -1.000435 -1.000435 -0.065702
      vertex -0.831616 -1.144621 -0.065702
      vertex -0.834655 -1.148804 -0.000000
    endloop
  endfacet
  facet normal -0.647458 -0.758076 -0.078219
    outer loop
      vertex -1.000435 -1.000435 -0.065702
      vertex -0.834655 -1.148804 -0.000000
      vertex -1.004092 -1.004092 -0.000000
    endloop
  endfacet
  facet normal -0.520898 -0.850028 0.078219
    outer loop
      vertex -0.834655 -1.148804 0.000000
      vertex -0.644667 -1.265229 0.000000
      vertex -0.642319 -1.260622 0.065702
    endloop
  endfacet
  facet normal -0.520898 -0.850028 0.078219
    outer loop
      vertex -0.834655 -1.148804 0.000000
      vertex -0.642319 -1.260622 0.065702
      vertex -0.831616 -1.144621 0.065702
    endloop
  endfacet
  facet normal -0.508147 -0.829221 0.232765
    outer loop
      vertex -0.831616 -1.144621 0.065702
      vertex -0.642319 -1.260622 0.065702
      vertex -0.635334 -1.246913 0.129787
    endloop
  endfacet
  facet normal -0.508147 -0.829221 0.232765
    outer loop
      vertex -0.831616 -1.144621 0.065702
      vertex -0.635334 -1.246913 0.129787
      vertex -0.822572 -1.132174 0.129787
    endloop
  endfacet
  facet normal -0.482943 -0.788092 0.381676
    outer loop
      vertex -0.822572 -1.132174 0.129787
      vertex -0.635334 -1.246913 0.129787
      vertex -0.623884 -1.224441 0.190676
    endloop
  endfacet
  facet normal -0.482943 -0.788092 0.381676
    outer loop
      vertex -0.822572 -1.132174 0.129787
      vertex -0.623884 -1.224441 0.190676
      vertex -0.807748 -1.111770 0.190676
    endloop
  endfacet
  facet normal -0.445878 -0.727607 0.521326
    outer loop
      vertex -0.807748 -1.111770 0.190676
      vertex -0.623884 -1.224441 0.190676
      vertex -0.608251 -1.193759 0.246870
    endloop
  endfacet
  facet normal -0.445878 -0.727607 0.521326
    outer loop
      vertex -0.807748 -1.111770 0.190676
      vertex -0.608251 -1.193759 0.246870
      vertex -0.787507 -1.083911 0.246870
    endloop
  endfacet
  facet normal -0.397828 -0.649196 0.648288
    outer loop
      vertex -0.787507 -1.083911 0.246870
      vertex -0.608251 -1.193759 0.246870
      vertex -0.588819 -1.155622 0.296985
    endloop
  endfacet
  facet normal -0.397828 -0.649196 0.648288
    outer loop
      vertex -0.787507 -1.083911 0.246870
      vertex -0.588819 -1.155622 0.296985
      vertex -0.762349 -1.049283 0.296985
    endloop
  endfacet
  facet normal -0.339941 -0.554734 0.759415
    outer loop
      vertex -0.762349 -1.049283 0.296985
      vertex -0.588819 -1.155622 0.296985
      vertex -0.566067 -1.110969 0.339787
    endloop
  endfacet
  facet normal -0.339941 -0.554734 0.759415
    outer loop
      vertex -0.762349 -1.049283 0.296985
      vertex -0.566067 -1.110969 0.339787
      vertex -0.732892 -1.008739 0.339787
    endloop
  endfacet
  facet normal -0.273618 -0.446503 0.851920
    outer loop
      vertex -0.732892 -1.008739 0.339787
      vertex -0.566067 -1.110969 0.339787
      vertex -0.540556 -1.060900 0.374223
    endloop
  endfacet
  facet normal -0.273618 -0.446503 0.851920
    outer loop
      vertex -0.732892 -1.008739 0.339787
      vertex -0.540556 -1.060900 0.374223
      vertex -0.699862 -0.963277 0.374223
    endloop
  endfacet
  facet normal -0.200479 -0.327152 0.923461
    outer loop
      vertex -0.699862 -0.963277 0.374223
      vertex -0.540556 -1.060900 0.374223
      vertex -0.512913 -1.006648 0.399444
    endloop
  endfacet
  facet normal -0.200479 -0.327152 0.923461
    outer loop
      vertex -0.699862 -0.963277 0.374223
      vertex -0.512913 -1.006648 0.399444
      vertex -0.664072 -0.914017 0.399444
    endloop
  endfacet
  facet normal -0.122331 -0.199627 0.972206
    outer loop
      vertex -0.664072 -0.914017 0.399444
      vertex -0.512913 -1.006648 0.399444
      vertex -0.483819 -0.949548 0.414829
    endloop
  endfacet
  facet normal -0.122331 -0.199627 0.972206
    outer loop
      vertex -0.664072 -0.914017 0.399444
      vertex -0.483819 -0.949548 0.414829
      vertex -0.626404 -0.862171 0.414829
    endloop
  endfacet
  facet normal -0.041121 -0.067103 0.996898
    outer loop
      vertex -0.626404 -0.862171 0.414829
      vertex -0.483819 -0.949548 0.414829
      vertex -0.453990 -0.891007 0.420000
    endloop
  endfacet
  facet normal -0.041121 -0.067103 0.996898
    outer loop
      vertex -0.626404 -0.862171 0.414829
      vertex -0.453990 -0.891007 0.420000
      vertex -0.587785 -0.809017 0.420000
    endloop
  endfacet
  facet normal 0.041121 0.067103 0.996898
    outer loop
      vertex -0.587785 -0.809017 0.420000
      vertex -0.453990 -0.891007 0.420000
      vertex -0.424162 -0.832465 0.414829
    endloop
  endfacet
  facet normal 0.041121 0.067103 0.996898
    outer loop
      vertex -0.587785 -0.809017 0.420000
      vertex -0.424162 -0.832465 0.414829
      vertex -0.549166 -0.755863 0.414829
    endloop
  endfacet
  facet normal 0.122331 0.199627 0.972206
    outer loop
      vertex -0.549166 -0.755863 0.414829
      vertex -0.424162 -0.832465 0.414829
      vertex -0.395068 -0.775365 0.399444
    endloop
  endfacet
  facet normal 0.122331 0.199627 0.972206
    outer loop
      vertex -0.549166 -0.755863 0.414829
      vertex -0.395068 -0.775365 0.399444
      vertex -0.511498 -0.704017 0.399444
    endloop
  endfacet
  facet normal 0.200479 0.327152 0.923461
    outer loop
      vertex -0.511498 -0.704017 0.399444
      vertex -0.395068 -0.775365 0.399444
      vertex -0.367425 -0.721113 0.374223
    endloop
  endfacet
  facet normal 0.200479 0.327152 0.923461
    outer loop
      vertex -0.511498 -0.704017 0.399444
      vertex -0.367425 -0.721113 0.374223
      vertex -0.475709 -0.654757 0.374223
    endloop
  endfacet
  facet normal 0.273618 0.446503 0.851920
    outer loop
      vertex -0.475709 -0.654757 0.374223
      vertex -0.367425 -0.721113 0.374223
      vertex -0.341914 -0.671044 0.339787
    endloop
  endfacet
  facet normal 0.273618 0.446503 0.851920
    outer loop
      vertex -0.475709 -0.654757 0.374223
      vertex -0.341914 -0.671044 0.339787
      vertex -0.442679 -0.609295 0.339787
    endloop
  endfacet
  facet normal 0.339941 0.554734 0.759415
    outer loop
      vertex -0.442679 -0.609295 0.339787
      vertex -0.341914 -0.671044 0.339787
      vertex -0.319162 -0.626391 0.296985
    endloop
  endfacet
  facet normal 0.339941 0.554734 0.759415
    outer loop
      vertex -0.442679 -0.609295 0.339787
      vertex -0.319162 -0.626391 0.296985
      vertex -0.413222 -0.568751 0.296985
    endloop
  endfacet
  facet normal 0.397828 0.649196 0.648288
    outer loop
      vertex -0.413222 -0.568751 0.296985
      vertex -0.319162 -0.626391 0.296985
      vertex -0.299730 -0.588254 0.246870
    endloop
  endfacet
  facet normal 0.397828 0.649196 0.648288
    outer loop
      vertex -0.413222 -0.568751 0.296985
      vertex -0.299730 -0.588254 0.246870
      vertex -0.388063 -0.534123 0.246870
    endloop
  endfacet
  facet normal 0.445878 0.727607 0.521326
    outer loop
      vertex -0.388063 -0.534123 0.246870
      vertex -0.299730 -0.588254 0.246870
      vertex -0.284097 -0.557572 0.190676
    endloop
  endfacet
  facet normal 0.445878 0.727607 0.521326
    outer loop
      vertex -0.388063 -0.534123 0.246870
      vertex -0.284097 -0.557572 0.190676
      vertex -0.367823 -0.506264 0.190676
    endloop
  endfacet
  facet normal 0.482943 0.788092 0.381676
    outer loop
      vertex -0.367823 -0.506264 0.190676
      vertex -0.284097 -0.557572 0.190676
      vertex -0.272647 -0.535100 0.129787
    endloop
  endfacet
  facet normal 0.482943 0.788092 0.381676
    outer loop
      vertex -0.367823 -0.506264 0.190676
      vertex -0.272647 -0.535100 0.129787
      vertex -0.352998 -0.485860 0.129787
    endloop
  endfacet
  facet normal 0.508147 0.829221 0.232765
    outer loop
      vertex -0.352998 -0.485860 0.129787
      vertex -0.272647 -0.535100 0.129787
      vertex -0.265662 -0.521391 0.065702
    endloop
  endfacet
  facet normal 0.508147 0.829221 0.232765
    outer loop
      vertex -0.352998 -0.485860 0.129787
      vertex -0.265662 -0.521391 0.065702
      vertex -0.343955 -0.473413 0.065702
    endloop
  endfacet
  facet normal 0.520898 0.850028 0.078219
    outer loop
      vertex -0.343955 -0.473413 0.065702
      vertex -0.265662 -0.521391 0.065702
      vertex -0.263314 -0.516784 0.000000
    endloop
  endfacet
  facet normal 0.520898 0.850028 0.078219
    outer loop
      vertex -0.343955 -0.473413 0.065702
      vertex -0.263314 -0.516784 0.000000
      vertex -0.340915 -0.469230 0.000000
    endloop
  endfacet
  facet normal 0.520898 0.850028 -0.078219
    outer loop
      vertex -0.340915 -0.469230 0.000000
      vertex -0.263314 -0.516784 0.000000
      vertex -0.265662 -0.521391 -0.065702
    endloop
  endfacet
  facet normal 0.520898 0.850028 -0.078219
    outer loop
      vertex -0.340915 -0.469230 0.000000
      vertex -0.265662 -0.521391 -0.065702
      vertex -0.343955 -0.473413 -0.065702
    endloop
  endfacet
  facet normal 0.508147 0.829221 -0.232765
    outer loop
      vertex -0.343955 -0.473413 -0.065702
      vertex -0.265662 -0.521391 -0.065702
      vertex -0.272647 -0.535100 -0.129787
    endloop
  endfacet
  facet normal 0.508147 0.829221 -0.232765
    outer loop
      vertex -0.343955 -0.473413 -0.065702
      vertex -0.272647 -0.535100 -0.129787
      vertex -0.352998 -0.485860 -0.129787
    endloop
  endfacet
  facet normal 0.482943 0.788092 -0.381676
    outer loop
      vertex -0.352998 -0.485860 -0.129787
      vertex -0.272647 -0.535100 -0.129787
      vertex -0.284097 -0.557572 -0.190676
    endloop
  endfacet
  facet normal 0.482943 0.788092 -0.381676
    outer loop
      vertex -0.352998 -0.485860 -0.129787
      vertex -0.284097 -0.557572 -0.190676
      vertex -0.367823 -0.506264 -0.190676
    endloop
  endfacet
  facet normal 0.445878 0.727607 -0.521326
    outer loop
      vertex -0.367823 -0.506264 -0.190676
      vertex -0.284097 -0.557572 -0.190676
      vertex -0.299730 -0.588254 -0.246870
    endloop
  endfacet
  facet normal 0.445878 0.727607 -0.521326
    outer loop
      vertex -0.367823 -0.506264 -0.190676
      vertex -0.299730 -0.588254 -0.246870
      vertex -0.388063 -0.534123 -0.246870
    endloop
  endfacet
  facet normal 0.397828 0.649196 -0.648288
    outer loop
      vertex -0.388063 -0.534123 -0.246870
      vertex -0.299730 -0.588254 -0.246870
      vertex -0.319162 -0.626391 -0.296985
    endloop
  endfacet
  facet normal 0.397828 0.649196 -0.648288
    outer loop
      vertex -0.388063 -0.534123 -0.246870
      vertex -0.319162 -0.626391 -0.296985
      vertex -0.413222 -0.568751 -0.296985
    endloop
  endfacet
  facet normal 0.339941 0.554734 -0.759415
    outer loop
      vertex -0.413222 -0.568751 -0.296985
      vertex -0.319162 -0.626391 -0.296985
      vertex -0.341914 -0.671044 -0.339787
    endloop
  endfacet
  facet normal 0.339941 0.554734 -0.759415
    outer loop
      vertex -0.413222 -0.568751 -0.296985
      vertex -0.341914 -0.671044 -0.339787
      vertex -0.442679 -0.609295 -0.339787
    endloop
  endfacet
  facet normal 0.273618 0.446503 -0.851920
    outer loop
      vertex -0.442679 -0.609295 -0.339787
      vertex -0.341914 -0.671044 -0.339787
      vertex -0.367425 -0.721113 -0.374223
    endloop
  endfacet
  facet normal 0.273618 0.446503 -0.851920
    outer loop
      vertex -0.442679 -0.609295 -0.339787
      vertex -0.367425 -0.721113 -0.374223
      vertex -0.475709 -0.654757 -0.374223
    endloop
  endfacet
  facet normal 0.200479 0.327152 -0.923461
    outer loop
      vertex -0.475709 -0.654757 -0.374223
      vertex -0.367425 -0.721113 -0.374223
      vertex -0.395068 -0.775365 -0.399444
    endloop
  endfacet
  facet normal 0.200479 0.327152 -0.923461
    outer loop
      vertex -0.475709 -0.654757 -0.374223
      vertex -0.395068 -0.775365 -0.399444
      vertex -0.511498 -0.704017 -0.399444
    endloop
  endfacet
  facet normal 0.122331 0.199627 -0.972206
    outer loop
      vertex -0.511498 -0.704017 -0.399444
      vertex -0.395068 -0.775365 -0.399444
      vertex -0.424162 -0.832465 -0.414829
    endloop
  endfacet
  facet normal 0.122331 0.199627 -0.972206
    outer loop
      vertex -0.511498 -0.704017 -0.399444
      vertex -0.424162 -0.832465 -0.414829
      vertex -0.549166 -0.755863 -0.414829
    endloop
  endfacet
  facet normal 0.041121 0.067103 -0.996898
    outer loop
      vertex -0.549166 -0.755863 -0.414829
      vertex -0.424162 -0.832465 -0.414829
      vertex -0.453990 -0.891007 -0.420000
    endloop
  endfacet
  facet normal 0.041121 0.067103 -0.996898
    outer loop
      vertex -0.549166 -0.755863 -0.414829
      vertex -0.453990 -0.891007 -0.420000
      vertex -0.587785 -0.809017 -0.420000
    endloop
  endfacet
  facet normal -0.041121 -0.067103 -0.996898
    outer loop
      vertex -0.587785 -0.809017 -0.420000
      vertex -0.453990 -0.891007 -0.420000
      vertex -0.483819 -0.949548 -0.414829
    endloop
  endfacet
  facet normal -0.041121 -0.067103 -0.996898
    outer loop
      vertex -0.587785 -0.809017 -0.420000
      vertex -0.483819 -0.949548 -0.414829
      vertex -0.626404 -0.862171 -0.414829
    endloop
  endfacet
  facet normal -0.122331 -0.199627 -0.972206
    outer loop
      vertex -0.626404 -0.862171 -0.414829
      vertex -0.483819 -0.949548 -0.414829
      vertex -0.512913 -1.006648 -0.399444
    endloop
  endfacet
  facet normal -0.122331 -0.199627 -0.972206
    outer loop
      vertex -0.626404 -0.862171 -0.414829
      vertex -0.512913 -1.006648 -0.399444
      vertex -0.664072 -0.914017 -0.399444
    endloop
  endfacet
  facet normal -0.200479 -0.327152 -0.923461
    outer loop
      vertex -0.664072 -0.914017 -0.399444
      vertex -0.512913 -1.006648 -0.399444
      vertex -0.540556 -1.060900 -0.374223
    endloop
  endfacet
  facet normal -0.200479 -0.327152 -0.923461
    outer loop
      vertex -0.664072 -0.914017 -0.399444
      vertex -0.540556 -1.060900 -0.374223
      vertex -0.699862 -0.963277 -0.374223
    endloop
  endfacet
  facet normal -0.273618 -0.446503 -0.851920
    outer loop
      vertex -0.699862 -0.963277 -0.374223
      vertex -0.540556 -1.060900 -0.374223
      vertex -0.566067 -1.110969 -0.339787
    endloop
  endfacet
  facet normal -0.273618 -0.446503 -0.851920
    outer loop
      vertex -0.699862 -0.963277 -0.374223
      vertex -0.566067 -1.110969 -0.339787
      vertex -0.732892 -1.008739 -0.339787
    endloop
  endfacet
  facet normal -0.339941 -0.554734 -0.759415
    outer loop
      vertex -0.732892 -1.008739 -0.339787
      vertex -0.566067 -1.110969 -0.339787
      vertex -0.588819 -1.155622 -0.296985
    endloop
  endfacet
  facet normal -0.339941 -0.554734 -0.759415
    outer loop
      vertex -0.732892 -1.008739 -0.339787
      vertex -0.588819 -1.155622 -0.296985
      vertex -0.762349 -1.049283 -0.296985
    endloop
  endfacet
  facet normal -0.397828 -0.649196 -0.648288
    outer loop
      vertex -0.762349 -1.049283 -0.296985
      vertex -0.588819 -1.155622 -0.296985
      vertex -0.608251 -1.193759 -0.246870
    endloop
  endfacet
  facet normal -0.397828 -0.649196 -0.648288
    outer loop
      vertex -0.762349 -1.049283 -0.296985
      vertex -0.608251 -1.193759 -0.246870
      vertex -0.787507 -1.083911 -0.246870
    endloop
  endfacet
  facet normal -0.445878 -0.727607 -0.521326
    outer loop
      vertex -0.787507 -1.083911 -0.246870
      vertex -0.608251 -1.193759 -0.246870
      vertex -0.623884 -1.224441 -0.190676
    endloop
  endfacet
  facet normal -0.445878 -0.727607 -0.521326
    outer loop
      vertex -0.787507 -1.083911 -0.246870
      vertex -0.623884 -1.224441 -0.190676
      vertex -0.807748 -1.111770 -0.190676
    endloop
  endfacet
  facet normal -0.482943 -0.788092 -0.381676
    outer loop
      vertex -0.807748 -1.111770 -0.190676
      vertex -0.623884 -1.224441 -0.190676
      vertex -0.635334 -1.246913 -0.129787
    endloop
  endfacet
  facet normal -0.482943 -0.788092 -0.381676
    outer loop
      vertex -0.807748 -1.111770 -0.190676
      vertex -0.635334 -1.246913 -0.129787
      vertex -0.822572 -1.132174 -0.129787
    endloop
  endfacet
  facet normal -0.508147 -0.829221 -0.232765
    outer loop
      vertex -0.822572 -1.132174 -0.129787
      vertex -0.635334 -1.246913 -0.129787
      vertex -0.642319 -1.260622 -0.065702
    endloop
  endfacet
  facet normal -0.508147 -0.829221 -0.232765
    outer loop
      vertex -0.822572 -1.132174 -0.129787
      vertex -0.642319 -1.260622 -0.065702
      vertex -0.831616 -1.144621 -0.065702
    endloop
  endfacet
  facet normal -0.520898 -0.850028 -0.078219
    outer loop
      vertex -0.831616 -1.144621 -0.065702
      vertex -0.642319 -1.260622 -0.065702
      vertex -0.644667 -1.265229 -0.000000
    endloop
  endfacet
  facet normal -0.520898 -0.850028 -0.078219
    outer loop
      vertex -0.831616 -1.144621 -0.065702
      vertex -0.644667 -1.265229 -0.000000
      vertex -0.834655 -1.148804 -0.000000
    endloop
  endfacet
  facet normal -0.381511 -0.921049 0.078219
    outer loop
      vertex -0.644667 -1.265229 0.000000
      vertex -0.438804 -1.350500 0.000000
      vertex -0.437206 -1.345582 0.065702
    endloop
  endfacet
  facet normal -0.381511 -0.921049 0.078219
    outer loop
      vertex -0.644667 -1.265229 0.000000
      vertex -0.437206 -1.345582 0.065702
      vertex -0.642319 -1.260622 0.065702
    endloop
  endfacet
  facet normal -0.372172 -0.898503 0.232765
    outer loop
      vertex -0.642319 -1.260622 0.065702
      vertex -0.437206 -1.345582 0.065702
      vertex -0.432452 -1.330950 0.129787
    endloop
  endfacet
  facet normal -0.372172 -0.898503 0.232765
    outer loop
      vertex -0.642319 -1.260622 0.065702
      vertex -0.432452 -1.330950 0.129787
      vertex -0.635334 -1.246913 0.129787
    endloop
  endfacet
  facet normal -0.353713 -0.853938 0.381676
    outer loop
      vertex -0.635334 -1.246913 0.129787
      vertex -0.432452 -1.330950 0.129787
      vertex -0.424658 -1.306963 0.190676
    endloop
  endfacet
  facet normal -0.353713 -0.853938 0.381676
    outer loop
      vertex -0.635334 -1.246913 0.129787
      vertex -0.424658 -1.306963 0.190676
      vertex -0.623884 -1.224441 0.190676
    endloop
  endfacet
  facet normal -0.326566 -0.788400 0.521326
    outer loop
      vertex -0.623884 -1.224441 0.190676
      vertex -0.424658 -1.306963 0.190676
      vertex -0.414017 -1.274213 0.246870
    endloop
  endfacet
  facet normal -0.326566 -0.788400 0.521326
    outer loop
      vertex -0.623884 -1.224441 0.190676
      vertex -0.414017 -1.274213 0.246870
      vertex -0.608251 -1.193759 0.246870
    endloop
  endfacet
  facet normal -0.291373 -0.703437 0.648288
    outer loop
      vertex -0.608251 -1.193759 0.246870
      vertex -0.414017 -1.274213 0.246870
      vertex -0.400790 -1.233506 0.296985
    endloop
  endfacet
  facet normal -0.291373 -0.703437 0.648288
    outer loop
      vertex -0.608251 -1.193759 0.246870
      vertex -0.400790 -1.233506 0.296985
      vertex -0.588819 -1.155622 0.296985
    endloop
  endfacet
  facet normal -0.248977 -0.601082 0.759415
    outer loop
      vertex -0.588819 -1.155622 0.296985
      vertex -0.400790 -1.233506 0.296985
      vertex -0.385304 -1.185844 0.339787
    endloop
  endfacet
  facet normal -0.248977 -0.601082 0.759415
    outer loop
      vertex -0.588819 -1.155622 0.296985
      vertex -0.385304 -1.185844 0.339787
      vertex -0.566067 -1.110969 0.339787
    endloop
  endfacet
  facet normal -0.200400 -0.483810 0.851920
    outer loop
      vertex -0.566067 -1.110969 0.339787
      vertex -0.385304 -1.185844 0.339787
      vertex -0.367939 -1.132400 0.374223
    endloop
  endfacet
  facet normal -0.200400 -0.483810 0.851920
    outer loop
      vertex -0.566067 -1.110969 0.339787
      vertex -0.367939 -1.132400 0.374223
      vertex -0.540556 -1.060900 0.374223
    endloop
  endfacet
  facet normal -0.146833 -0.354486 0.923461
    outer loop
      vertex -0.540556 -1.060900 0.374223
      vertex -0.367939 -1.132400 0.374223
      vertex -0.349123 -1.074491 0.399444
    endloop
  endfacet
  facet normal -0.146833 -0.354486 0.923461
    outer loop
      vertex -0.540556 -1.060900 0.374223
      vertex -0.349123 -1.074491 0.399444
      vertex -0.512913 -1.006648 0.399444
    endloop
  endfacet
  facet normal -0.089597 -0.216306 0.972206
    outer loop
      vertex -0.512913 -1.006648 0.399444
      vertex -0.349123 -1.074491 0.399444
      vertex -0.329320 -1.013543 0.414829
    endloop
  endfacet
  facet normal -0.089597 -0.216306 0.972206
    outer loop
      vertex -0.512913 -1.006648 0.399444
      vertex -0.329320 -1.013543 0.414829
      vertex -0.483819 -0.949548 0.414829
    endloop
  endfacet
  facet normal -0.030117 -0.072710 0.996898
    outer loop
      vertex -0.483819 -0.949548 0.414829
      vertex -0.329320 -1.013543 0.414829
      vertex -0.309017 -0.951057 0.420000
    endloop
  endfacet
  facet normal -0.030117 -0.072710 0.996898
    outer loop
      vertex -0.483819 -0.949548 0.414829
      vertex -0.309017 -0.951057 0.420000
      vertex -0.453990 -0.891007 0.420000
    endloop
  endfacet
  facet normal 0.030117 0.072710 0.996898
    outer loop
      vertex -0.453990 -0.891007 0.420000
      vertex -0.309017 -0.951057 0.420000
      vertex -0.288714 -0.888570 0.414829
    endloop
  endfacet
  facet normal 0.030117 0.072710 0.996898
    outer loop
      vertex -0.453990 -0.891007 0.420000
      vertex -0.288714 -0.888570 0.414829
      vertex -0.424162 -0.832465 0.414829
    endloop
  endfacet
  facet normal 0.089597 0.216306 0.972206
    outer loop
      vertex -0.424162 -0.832465 0.414829
      vertex -0.288714 -0.888570 0.414829
      vertex -0.268911 -0.827622 0.399444
    endloop
  endfacet
  facet normal 0.089597 0.216306 0.972206
    outer loop
      vertex -0.424162 -0.832465 0.414829
      vertex -0.268911 -0.827622 0.399444
      vertex -0.395068 -0.775365 0.399444
    endloop
  endfacet
  facet normal 0.146833 0.354486 0.923461
    outer loop
      vertex -0.395068 -0.775365 0.399444
      vertex -0.268911 -0.827622 0.399444
      vertex -0.250095 -0.769713 0.374223
    endloop
  endfacet
  facet normal 0.146833 0.354486 0.923461
    outer loop
      vertex -0.395068 -0.775365 0.399444
      vertex -0.250095 -0.769713 0.374223
      vertex -0.367425 -0.721113 0.374223
    endloop
  endfacet
  facet normal 0.200400 0.483810 0.851920
    outer loop
      vertex -0.367425 -0.721113 0.374223
      vertex -0.250095 -0.769713 0.374223
      vertex -0.232730 -0.716269 0.339787
    endloop
  endfacet
  facet normal 0.200400 0.483810 0.851920
    outer loop
      vertex -0.367425 -0.721113 0.374223
      vertex -0.232730 -0.716269 0.339787
      vertex -0.341914 -0.671044 0.339787
    endloop
  endfacet
  facet normal 0.248977 0.601082 0.759415
    outer loop
      vertex -0.341914 -0.671044 0.339787
      vertex -0.232730 -0.716269 0.339787
      vertex -0.217244 -0.668607 0.296985
    endloop
  endfacet
  facet normal 0.248977 0.601082 0.759415
    outer loop
      vertex -0.341914 -0.671044 0.339787
      vertex -0.217244 -0.668607 0.296985
      vertex -0.319162 -0.626391 0.296985
    endloop
  endfacet
  facet normal 0.291373 0.703437 0.648288
    outer loop
      vertex -0.319162 -0.626391 0.296985
      vertex -0.217244 -0.668607 0.296985
      vertex -0.204017 -0.627900 0.246870
    endloop
  endfacet
  facet normal 0.291373 0.703437 0.648288
    outer loop
      vertex -0.319162 -0.626391 0.296985
      vertex -0.204017 -0.627900 0.246870
      vertex -0.299730 -0.588254 0.246870
    endloop
  endfacet
  facet normal 0.326566 0.788400 0.521326
    outer loop
      vertex -0.299730 -0.588254 0.246870
      vertex -0.204017 -0.627900 0.246870
      vertex -0.193376 -0.595150 0.190676
    endloop
  endfacet
  facet normal 0.326566 0.788400 0.521326
    outer loop
      vertex -0.299730 -0.588254 0.246870
      vertex -0.193376 -0.595150 0.190676
      vertex -0.284097 -0.557572 0.190676
    endloop
  endfacet
  facet normal 0.353713 0.853938 0.381676
    outer loop
      vertex -0.284097 -0.557572 0.190676
      vertex -0.193376 -0.595150 0.190676
      vertex -0.185582 -0.571163 0.129787
    endloop
  endfacet
  facet normal 0.353713 0.853938 0.381676
    outer loop
      vertex -0.284097 -0.557572 0.190676
      vertex -0.185582 -0.571163 0.129787
      vertex -0.272647 -0.535100 0.129787
    endloop
  endfacet
  facet normal 0.372172 0.898503 0.232765
    outer loop
      vertex -0.272647 -0.535100 0.129787
      vertex -0.185582 -0.571163 0.129787
      vertex -0.180828 -0.556531 0.065702
    endloop
  endfacet
  facet normal 0.372172 0.898503 0.232765
    outer loop
      vertex -0.272647 -0.535100 0.129787
      vertex -0.180828 -0.556531 0.065702
      vertex -0.265662 -0.521391 0.065702
    endloop
  endfacet
  facet normal 0.381511 0.921049 0.078219
    outer loop
      vertex -0.265662 -0.521391 0.065702
      vertex -0.180828 -0.556531 0.065702
      vertex -0.179230 -0.551613 0.000000
    endloop
  endfacet
  facet normal 0.381511 0.921049 0.078219
    outer loop
      vertex -0.265662 -0.521391 0.065702
      vertex -0.179230 -0.551613 0.000000
      vertex -0.263314 -0.516784 0.000000
    endloop
  endfacet
  facet normal 0.381511 0.921049 -0.078219
    outer loop
      vertex -0.263314 -0.516784 0.000000
      vertex -0.179230 -0.551613 0.000000
      vertex -0.180828 -0.556531 -0.065702
    endloop
  endfacet
  facet normal 0.381511 0.921049 -0.078219
    outer loop
      vertex -0.263314 -0.516784 0.000000
      vertex -0.180828 -0.556531 -0.065702
      vertex -0.265662 -0.521391 -0.065702
    endloop
  endfacet
  facet normal 0.372172 0.898503 -0.232765
    outer loop
      vertex -0.265662 -0.521391 -0.065702
      vertex -0.180828 -0.556531 -0.065702
      vertex -0.185582 -0.571163 -0.129787
    endloop
  endfacet
  facet normal 0.372172 0.898503 -0.232765
    outer loop
      vertex -0.265662 -0.521391 -0.065702
      vertex -0.185582 -0.571163 -0.129787
      vertex -0.272647 -0.535100 -0.129787
    endloop
  endfacet
  facet normal 0.353713 0.853938 -0.381676
    outer loop
      vertex -0.272647 -0.535100 -0.129787
      vertex -0.185582 -0.571163 -0.129787
      vertex -0.193376 -0.595150 -0.190676
    endloop
  endfacet
  facet normal 0.353713 0.853938 -0.381676
    outer loop
      vertex -0.272647 -0.535100 -0.129787
      vertex -0.193376 -0.595150 -0.190676
      vertex -0.284097 -0.557572 -0.190676
    endloop
  endfacet
  facet normal 0.326566 0.788400 -0.521326
    outer loop
      vertex -0.284097 -0.557572 -0.190676
      vertex -0.193376 -0.595150 -0.190676
      vertex -0.204017 -0.627900 -0.246870
    endloop
  endfacet
  facet normal 0.326566 0.788400 -0.521326
    outer loop
      vertex -0.284097 -0.557572 -0.190676
      vertex -0.204017 -0.627900 -0.246870
      vertex -0.299730 -0.588254 -0.246870
    endloop
  endfacet
  facet normal 0.291373 0.703437 -0.648288
    outer loop
      vertex -0.299730 -0.588254 -0.246870
      vertex -0.204017 -0.627900 -0.246870
      vertex -0.217244 -0.668607 -0.296985
    endloop
  endfacet
  facet normal 0.291373 0.703437 -0.648288
    outer loop
      vertex -0.299730 -0.588254 -0.246870
      vertex -0.217244 -0.668607 -0.296985
      vertex -0.319162 -0.626391 -0.296985
    endloop
  endfacet
  facet normal 0.248977 0.601082 -0.759415
    outer loop
      vertex -0.319162 -0.626391 -0.296985
      vertex -0.217244 -0.668607 -0.296985
      vertex -0.232730 -0.716269 -0.339787
    endloop
  endfacet
  facet normal 0.248977 0.601082 -0.759415
    outer loop
      vertex -0.319162 -0.626391 -0.296985
      vertex -0.232730 -0.716269 -0.339787
      vertex -0.341914 -0.671044 -0.339787
    endloop
  endfacet
  facet normal 0.200400 0.483810 -0.851920
    outer loop
      vertex -0.341914 -0.671044 -0.339787
      vertex -0.232730 -0.716269 -0.339787
      vertex -0.250095 -0.769713 -0.374223
    endloop
  endfacet
  facet normal 0.200400 0.483810 -0.851920
    outer loop
      vertex -0.341914 -0.671044 -0.339787
      vertex -0.250095 -0.769713 -0.374223
      vertex -0.367425 -0.721113 -0.374223
    endloop
  endfacet
  facet normal 0.146833 0.354486 -0.923461
    outer loop
      vertex -0.367425 -0.721113 -0.374223
      vertex -0.250095 -0.769713 -0.374223
      vertex -0.268911 -0.827622 -0.399444
    endloop
  endfacet
  facet normal 0.146833 0.354486 -0.923461
    outer loop
      vertex -0.367425 -0.721113 -0.374223
      vertex -0.268911 -0.827622 -0.399444
      vertex -0.395068 -0.775365 -0.399444
    endloop
  endfacet
  facet normal 0.089597 0.216306 -0.972206
    outer loop
      vertex -0.395068 -0.775365 -0.399444
      vertex -0.268911 -0.827622 -0.399444
      vertex -0.288714 -0.888570 -0.414829
    endloop
  endfacet
  facet normal 0.089597 0.216306 -0.972206
    outer loop
      vertex -0.395068 -0.775365 -0.399444
      vertex -0.288714 -0.888570 -0.414829
      vertex -0.424162 -0.832465 -0.414829
    endloop
  endfacet
  facet normal 0.030117 0.072710 -0.996898
    outer loop
      vertex -0.424162 -0.832465 -0.414829
      vertex -0.288714 -0.888570 -0.414829
      vertex -0.309017 -0.951057 -0.420000
    endloop
  endfacet
  facet normal 0.030117 0.072710 -0.996898
    outer loop
      vertex -0.424162 -0.832465 -0.414829
      vertex -0.309017 -0.951057 -0.420000
      vertex -0.453990 -0.891007 -0.420000
    endloop
  endfacet
  facet normal -0.030117 -0.072710 -0.996898
    outer loop
      vertex -0.453990 -0.891007 -0.420000
      vertex -0.309017 -0.951057 -0.420000
      vertex -0.329320 -1.013543 -0.414829
    endloop
  endfacet
  facet normal -0.030117 -0.072710 -0.996898
    outer loop
      vertex -0.453990 -0.891007 -0.420000
      vertex -0.329320 -1.013543 -0.414829
      vertex -0.483819 -0.949548 -0.414829
    endloop
  endfacet
  facet normal -0.089597 -0.216306 -0.972206
    outer loop
      vertex -0.483819 -0.949548 -0.414829
      vertex -0.329320 -1.013543 -0.414829
      vertex -0.349123 -1.074491 -0.399444
    endloop
  endfacet
  facet normal -0.089597 -0.216306 -0.972206
    outer loop
      vertex -0.483819 -0.949548 -0.414829
      vertex -0.349123 -1.074491 -0.399444
      vertex -0.512913 -1.006648 -0.399444
    endloop
  endfacet
  facet normal -0.146833 -0.354486 -0.923461
    outer loop
      vertex -0.512913 -1.006648 -0.399444
      vertex -0.349123 -1.074491 -0.399444
      vertex -0.367939 -1.132400 -0.374223
    endloop
  endfacet
  facet normal -0.146833 -0.354486 -0.923461
    outer loop
      vertex -0.512913 -1.006648 -0.399444
      vertex -0.367939 -1.132400 -0.374223
      vertex -0.540556 -1.060900 -0.374223
    endloop
  endfacet
  facet normal -0.200400 -0.483810 -0.851920
    outer loop
      vertex -0.540556 -1.060900 -0.374223
      vertex -0.367939 -1.132400 -0.374223
      vertex -0.385304 -1.185844 -0.339787
    endloop
  endfacet
  facet normal -0.200400 -0.483810 -0.851920
    outer loop
      vertex -0.540556 -1.060900 -0.374223
      vertex -0.385304 -1.185844 -0.339787
      vertex -0.566067 -1.110969 -0.339787
    endloop
  endfacet
  facet normal -0.248977 -0.601082 -0.759415
    outer loop
      vertex -0.566067 -1.110969 -0.339787
      vertex -0.385304 -1.185844 -0.339787
      vertex -0.400790 -1.233506 -0.296985
    endloop
  endfacet
  facet normal -0.248977 -0.601082 -0.759415
    outer loop
      vertex -0.566067 -1.110969 -0.339787
      vertex -0.400790 -1.233506 -0.296985
      vertex -0.588819 -1.155622 -0.296985
    endloop
  endfacet
  facet normal -0.291373 -0.703437 -0.648288
    outer loop
      vertex -0.588819 -1.155622 -0.296985
      vertex -0.400790 -1.233506 -0.296985
      vertex -0.414017 -1.274213 -0.246870
    endloop
  endfacet
  facet normal -0.291373 -0.703437 -0.648288
    outer loop
      vertex -0.588819 -1.155622 -0.296985
      vertex -0.414017 -1.274213 -0.246870
      vertex -0.608251 -1.193759 -0.246870
    endloop
  endfacet
  facet normal -0.326566 -0.788400 -0.521326
    outer loop
      vertex -0.608251 -1.193759 -0.246870
      vertex -0.414017 -1.274213 -0.246870
      vertex -0.424658 -1.306963 -0.190676
    endloop
  endfacet
  facet normal -0.326566 -0.788400 -0.521326
    outer loop
      vertex -0.608251 -1.193759 -0.246870
      vertex -0.424658 -1.306963 -0.190676
      vertex -0.623884 -1.224441 -0.190676
    endloop
  endfacet
  facet normal -0.353713 -0.853938 -0.381676
    outer loop
      vertex -0.623884 -1.224441 -0.190676
      vertex -0.424658 -1.306963 -0.190676
      vertex -0.432452 -1.330950 -0.129787
    endloop
  endfacet
  facet normal -0.353713 -0.853938 -0.381676
    outer loop
      vertex -0.623884 -1.224441 -0.190676
      vertex -0.432452 -1.330950 -0.129787
      vertex -0.635334 -1.246913 -0.129787
    endloop
  endfacet
  facet normal -0.372172 -0.898503 -0.232765
    outer loop
      vertex -0.635334 -1.246913 -0.129787
      vertex -0.432452 -1.330950 -0.129787
      vertex -0.437206 -1.345582 -0.065702
    endloop
  endfacet
  facet normal -0.372172 -0.898503 -0.232765
    outer loop
      vertex -0.635334 -1.246913 -0.129787
      vertex -0.437206 -1.345582 -0.065702
      vertex -0.642319 -1.260622 -0.065702
    endloop
  endfacet
  facet normal -0.381511 -0.921049 -0.078219
    outer loop
      vertex -0.642319 -1.260622 -0.065702
      vertex -0.437206 -1.345582 -0.065702
      vertex -0.438804 -1.350500 -0.000000
    endloop
  endfacet
  facet normal -0.381511 -0.921049 -0.078219
    outer loop
      vertex -0.642319 -1.260622 -0.065702
      vertex -0.438804 -1.350500 -0.000000
      vertex -0.644667 -1.265229 -0.000000
    endloop
  endfacet
  facet normal -0.232730 -0.969391 0.078219
    outer loop
      vertex -0.438804 -1.350500 0.000000
      vertex -0.222137 -1.402517 0.000000
      vertex -0.221328 -1.397410 0.065702
    endloop
  endfacet
  facet normal -0.232730 -0.969391 0.078219
    outer loop
      vertex -0.438804 -1.350500 0.000000
      vertex -0.221328 -1.397410 0.065702
      vertex -0.437206 -1.345582 0.065702
    endloop
  endfacet
  facet normal -0.227033 -0.945662 0.232765
    outer loop
      vertex -0.437206 -1.345582 0.065702
      vertex -0.221328 -1.397410 0.065702
      vertex -0.218921 -1.382214 0.129787
    endloop
  endfacet
  facet normal -0.227033 -0.945662 0.232765
    outer loop
      vertex -0.437206 -1.345582 0.065702
      vertex -0.218921 -1.382214 0.129787
      vertex -0.432452 -1.330950 0.129787
    endloop
  endfacet
  facet normal -0.215773 -0.898758 0.381676
    outer loop
      vertex -0.432452 -1.330950 0.129787
      vertex -0.218921 -1.382214 0.129787
      vertex -0.214976 -1.357304 0.190676
    endloop
  endfacet
  facet normal -0.215773 -0.898758 0.381676
    outer loop
      vertex -0.432452 -1.330950 0.129787
      vertex -0.214976 -1.357304 0.190676
      vertex -0.424658 -1.306963 0.190676
    endloop
  endfacet
  facet normal -0.199212 -0.829779 0.521326
    outer loop
      vertex -0.424658 -1.306963 0.190676
      vertex -0.214976 -1.357304 0.190676
      vertex -0.209589 -1.323292 0.246870
    endloop
  endfacet
  facet normal -0.199212 -0.829779 0.521326
    outer loop
      vertex -0.424658 -1.306963 0.190676
      vertex -0.209589 -1.323292 0.246870
      vertex -0.414017 -1.274213 0.246870
    endloop
  endfacet
  facet normal -0.177744 -0.740358 0.648288
    outer loop
      vertex -0.414017 -1.274213 0.246870
      vertex -0.209589 -1.323292 0.246870
      vertex -0.202893 -1.281017 0.296985
    endloop
  endfacet
  facet normal -0.177744 -0.740358 0.648288
    outer loop
      vertex -0.414017 -1.274213 0.246870
      vertex -0.202893 -1.281017 0.296985
      vertex -0.400790 -1.233506 0.296985
    endloop
  endfacet
  facet normal -0.151881 -0.632631 0.759415
    outer loop
      vertex -0.400790 -1.233506 0.296985
      vertex -0.202893 -1.281017 0.296985
      vertex -0.195053 -1.231519 0.339787
    endloop
  endfacet
  facet normal -0.151881 -0.632631 0.759415
    outer loop
      vertex -0.400790 -1.233506 0.296985
      vertex -0.195053 -1.231519 0.339787
      vertex -0.385304 -1.185844 0.339787
    endloop
  endfacet
  facet normal -0.122249 -0.509203 0.851920
    outer loop
      vertex -0.385304 -1.185844 0.339787
      vertex -0.195053 -1.231519 0.339787
      vertex -0.186263 -1.176017 0.374223
    endloop
  endfacet
  facet normal -0.122249 -0.509203 0.851920
    outer loop
      vertex -0.385304 -1.185844 0.339787
      vertex -0.186263 -1.176017 0.374223
      vertex -0.367939 -1.132400 0.374223
    endloop
  endfacet
  facet normal -0.089571 -0.373091 0.923461
    outer loop
      vertex -0.367939 -1.132400 0.374223
      vertex -0.186263 -1.176017 0.374223
      vertex -0.176738 -1.115878 0.399444
    endloop
  endfacet
  facet normal -0.089571 -0.373091 0.923461
    outer loop
      vertex -0.367939 -1.132400 0.374223
      vertex -0.176738 -1.115878 0.399444
      vertex -0.349123 -1.074491 0.399444
    endloop
  endfacet
  facet normal -0.054656 -0.227659 0.972206
    outer loop
      vertex -0.349123 -1.074491 0.399444
      vertex -0.176738 -1.115878 0.399444
      vertex -0.166713 -1.052582 0.414829
    endloop
  endfacet
  facet normal -0.054656 -0.227659 0.972206
    outer loop
      vertex -0.349123 -1.074491 0.399444
      vertex -0.166713 -1.052582 0.414829
      vertex -0.329320 -1.013543 0.414829
    endloop
  endfacet
  facet normal -0.018372 -0.076526 0.996898
    outer loop
      vertex -0.329320 -1.013543 0.414829
      vertex -0.166713 -1.052582 0.414829
      vertex -0.156434 -0.987688 0.420000
    endloop
  endfacet
  facet normal -0.018372 -0.076526 0.996898
    outer loop
      vertex -0.329320 -1.013543 0.414829
      vertex -0.156434 -0.987688 0.420000
      vertex -0.309017 -0.951057 0.420000
    endloop
  endfacet
  facet normal 0.018372 0.076526 0.996898
    outer loop
      vertex -0.309017 -0.951057 0.420000
      vertex -0.156434 -0.987688 0.420000
      vertex -0.146156 -0.922795 0.414829
    endloop
  endfacet
  facet normal 0.018372 0.076526 0.996898
    outer loop
      vertex -0.309017 -0.951057 0.420000
      vertex -0.146156 -0.922795 0.414829
      vertex -0.288714 -0.888570 0.414829
    endloop
  endfacet
  facet normal 0.054656 0.227659 0.972206
    outer loop
      vertex -0.288714 -0.888570 0.414829
      vertex -0.146156 -0.922795 0.414829
      vertex -0.136131 -0.859499 0.399444
    endloop
  endfacet
  facet normal 0.054656 0.227659 0.972206
    outer loop
      vertex -0.288714 -0.888570 0.414829
      vertex -0.136131 -0.859499 0.399444
      vertex -0.268911 -0.827622 0.399444
    endloop
  endfacet
  facet normal 0.089571 0.373091 0.923461
    outer loop
      vertex -0.268911 -0.827622 0.399444
      vertex -0.136131 -0.859499 0.399444
      vertex -0.126606 -0.799360 0.374223
    endloop
  endfacet
  facet normal 0.089571 0.373091 0.923461
    outer loop
      vertex -0.268911 -0.827622 0.399444
      vertex -0.126606 -0.799360 0.374223
      vertex -0.250095 -0.769713 0.374223
    endloop
  endfacet
  facet normal 0.122249 0.509203 0.851920
    outer loop
      vertex -0.250095 -0.769713 0.374223
      vertex -0.126606 -0.799360 0.374223
      vertex -0.117816 -0.743858 0.339787
    endloop
  endfacet
  facet normal 0.122249 0.509203 0.851920
    outer loop
      vertex -0.250095 -0.769713 0.374223
      vertex -0.117816 -0.743858 0.339787
      vertex -0.232730 -0.716269 0.339787
    endloop
  endfacet
  facet normal 0.151881 0.632631 0.759415
    outer loop
      vertex -0.232730 -0.716269 0.339787
      vertex -0.117816 -0.743858 0.339787
      vertex -0.109976 -0.694360 0.296985
    endloop
  endfacet
  facet normal 0.151881 0.632631 0.759415
    outer loop
      vertex -0.232730 -0.716269 0.339787
      vertex -0.109976 -0.694360 0.296985
      vertex -0.217244 -0.668607 0.296985
    endloop
  endfacet
  facet normal 0.177744 0.740358 0.648288
    outer loop
      vertex -0.217244 -0.668607 0.296985
      vertex -0.109976 -0.694360 0.296985
      vertex -0.103280 -0.652085 0.246870
    endloop
  endfacet
  facet normal 0.177744 0.740358 0.648288
    outer loop
      vertex -0.217244 -0.668607 0.296985
      vertex -0.103280 -0.652085 0.246870
      vertex -0.204017 -0.627900 0.246870
    endloop
  endfacet
  facet normal 0.199212 0.829779 0.521326
    outer loop
      vertex -0.204017 -0.627900 0.246870
      vertex -0.103280 -0.652085 0.246870
      vertex -0.097893 -0.618073 0.190676
    endloop
  endfacet
  facet normal 0.199212 0.829779 0.521326
    outer loop
      vertex -0.204017 -0.627900 0.246870
      vertex -0.097893 -0.618073 0.190676
      vertex -0.193376 -0.595150 0.190676
    endloop
  endfacet
  facet normal 0.215773 0.898758 0.381676
    outer loop
      vertex -0.193376 -0.595150 0.190676
      vertex -0.097893 -0.618073 0.190676
      vertex -0.093948 -0.593162 0.129787
    endloop
  endfacet
  facet normal 0.215773 0.898758 0.381676
    outer loop
      vertex -0.193376 -0.595150 0.190676
      vertex -0.093948 -0.593162 0.129787
      vertex -0.185582 -0.571163 0.129787
    endloop
  endfacet
  facet normal 0.227033 0.945662 0.232765
    outer loop
      vertex -0.185582 -0.571163 0.129787
      vertex -0.093948 -0.593162 0.129787
      vertex -0.091541 -0.577966 0.065702
    endloop
  endfacet
  facet normal 0.227033 0.945662 0.232765
    outer loop
      vertex -0.185582 -0.571163 0.129787
      vertex -0.091541 -0.577966 0.065702
      vertex -0.180828 -0.556531 0.065702
    endloop
  endfacet
  facet normal 0.232730 0.969391 0.078219
    outer loop
      vertex -0.180828 -0.556531 0.065702
      vertex -0.091541 -0.577966 0.065702
      vertex -0.090732 -0.572859 0.000000
    endloop
  endfacet
  facet normal 0.232730 0.969391 0.078219
    outer loop
      vertex -0.180828 -0.556531 0.065702
      vertex -0.090732 -0.572859 0.000000
      vertex -0.179230 -0.551613 0.000000
    endloop
  endfacet
  facet normal 0.232730 0.969391 -0.078219
    outer loop
      vertex -0.179230 -0.551613 0.000000
      vertex -0.090732 -0.572859 0.000000
      vertex -0.091541 -0.577966 -0.065702
    endloop
  endfacet
  facet normal 0.232730 0.969391 -0.078219
    outer loop
      vertex -0.179230 -0.551613 0.000000
      vertex -0.091541 -0.577966 -0.065702
      vertex -0.180828 -0.556531 -0.065702
    endloop
  endfacet
  facet normal 0.227033 0.945662 -0.232765
    outer loop
      vertex -0.180828 -0.556531 -0.065702
      vertex -0.091541 -0.577966 -0.065702
      vertex -0.093948 -0.593162 -0.129787
    endloop
  endfacet
  facet normal 0.227033 0.945662 -0.232765
    outer loop
      vertex -0.180828 -0.556531 -0.065702
      vertex -0.093948 -0.593162 -0.129787
      vertex -0.185582 -0.571163 -0.129787
    endloop
  endfacet
  facet normal 0.215773 0.898758 -0.381676
    outer loop
      vertex -0.185582 -0.571163 -0.129787
      vertex -0.093948 -0.593162 -0.129787
      vertex -0.097893 -0.618073 -0.190676
    endloop
  endfacet
  facet normal 0.215773 0.898758 -0.381676
    outer loop
      vertex -0.185582 -0.571163 -0.129787
      vertex -0.097893 -0.618073 -0.190676
      vertex -0.193376 -0.595150 -0.190676
    endloop
  endfacet
  facet normal 0.199212 0.829779 -0.521326
    outer loop
      vertex -0.193376 -0.595150 -0.190676
      vertex -0.097893 -0.618073 -0.190676
      vertex -0.103280 -0.652085 -0.246870
    endloop
  endfacet
  facet normal 0.199212 0.829779 -0.521326
    outer loop
      vertex -0.193376 -0.595150 -0.190676
      vertex -0.103280 -0.652085 -0.246870
      vertex -0.204017 -0.627900 -0.246870
    endloop
  endfacet
  facet normal 0.177744 0.740358 -0.648288
    outer loop
      vertex -0.204017 -0.627900 -0.246870
      vertex -0.103280 -0.652085 -0.246870
      vertex -0.109976 -0.694360 -0.296985
    endloop
  endfacet
  facet normal 0.177744 0.740358 -0.648288
    outer loop
      vertex -0.204017 -0.627900 -0.246870
      vertex -0.109976 -0.694360 -0.296985
      vertex -0.217244 -0.668607 -0.296985
    endloop
  endfacet
  facet normal 0.151881 0.632631 -0.759415
    outer loop
      vertex -0.217244 -0.668607 -0.296985
      vertex -0.109976 -0.694360 -0.296985
      vertex -0.117816 -0.743858 -0.339787
    endloop
  endfacet
  facet normal 0.151881 0.632631 -0.759415
    outer loop
      vertex -0.217244 -0.668607 -0.296985
      vertex -0.117816 -0.743858 -0.339787
      vertex -0.232730 -0.716269 -0.339787
    endloop
  endfacet
  facet normal 0.122249 0.509203 -0.851920
    outer loop
      vertex -0.232730 -0.716269 -0.339787
      vertex -0.117816 -0.743858 -0.339787
      vertex -0.126606 -0.799360 -0.374223
    endloop
  endfacet
  facet normal 0.122249 0.509203 -0.851920
    outer loop
      vertex -0.232730 -0.716269 -0.339787
      vertex -0.126606 -0.799360 -0.374223
      vertex -0.250095 -0.769713 -0.374223
    endloop
  endfacet
  facet normal 0.089571 0.373091 -0.923461
    outer loop
      vertex -0.250095 -0.769713 -0.374223
      vertex -0.126606 -0.799360 -0.374223
      vertex -0.136131 -0.859499 -0.399444
    endloop
  endfacet
  facet normal 0.089571 0.373091 -0.923461
    outer loop
      vertex -0.250095 -0.769713 -0.374223
      vertex -0.136131 -0.859499 -0.399444
      vertex -0.268911 -0.827622 -0.399444
    endloop
  endfacet
  facet normal 0.054656 0.227659 -0.972206
    outer loop
      vertex -0.268911 -0.827622 -0.399444
      vertex -0.136131 -0.859499 -0.399444
      vertex -0.146156 -0.922795 -0.414829
    endloop
  endfacet
  facet normal 0.054656 0.227659 -0.972206
    outer loop
      vertex -0.268911 -0.827622 -0.399444
      vertex -0.146156 -0.922795 -0.414829
      vertex -0.288714 -0.888570 -0.414829
    endloop
  endfacet
  facet normal 0.018372 0.076526 -0.996898
    outer loop
      vertex -0.288714 -0.888570 -0.414829
      vertex -0.146156 -0.922795 -0.414829
      vertex -0.156434 -0.987688 -0.420000
    endloop
  endfacet
  facet normal 0.018372 0.076526 -0.996898
    outer loop
      vertex -0.288714 -0.888570 -0.414829
      vertex -0.156434 -0.987688 -0.420000
      vertex -0.309017 -0.951057 -0.420000
    endloop
  endfacet
  facet normal -0.018372 -0.076526 -0.996898
    outer loop
      vertex -0.309017 -0.951057 -0.420000
      vertex -0.156434 -0.987688 -0.420000
      vertex -0.166713 -1.052582 -0.414829
    endloop
  endfacet
  facet normal -0.018372 -0.076526 -0.996898
    outer loop
      vertex -0.309017 -0.951057 -0.420000
      vertex -0.166713 -1.052582 -0.414829
      vertex -0.329320 -1.013543 -0.414829
    endloop
  endfacet
  facet normal -0.054656 -0.227659 -0.972206
    outer loop
      vertex -0.329320 -1.013543 -0.414829
      vertex -0.166713 -1.052582 -0.414829
      vertex -0.176738 -1.115878 -0.399444
    endloop
  endfacet
  facet normal -0.054656 -0.227659 -0.972206
    outer loop
      vertex -0.329320 -1.013543 -0.414829
      vertex -0.176738 -1.115878 -0.399444
      vertex -0.349123 -1.074491 -0.399444
    endloop
  endfacet
  facet normal -0.089571 -0.373091 -0.923461
    outer loop
      vertex -0.349123 -1.074491 -0.399444
      vertex -0.176738 -1.115878 -0.399444
      vertex -0.186263 -1.176017 -0.374223
    endloop
  endfacet
  facet normal -0.089571 -0.373091 -0.923461
    outer loop
      vertex -0.349123 -1.074491 -0.399444
      vertex -0.186263 -1.176017 -0.374223
      vertex -0.367939 -1.132400 -0.374223
    endloop
  endfacet
  facet normal -0.122249 -0.509203 -0.851920
    outer loop
      vertex -0.367939 -1.132400 -0.374223
      vertex -0.186263 -1.176017 -0.374223
      vertex -0.195053 -1.231519 -0.339787
    endloop
  endfacet
  facet normal -0.122249 -0.509203 -0.851920
    outer loop
      vertex -0.367939 -1.132400 -0.374223
      vertex -0.195053 -1.231519 -0.339787
      vertex -0.385304 -1.185844 -0.339787
    endloop
  endfacet
  facet normal -0.151881 -0.632631 -0.759415
    outer loop
      vertex -0.385304 -1.185844 -0.339787
      vertex -0.195053 -1.231519 -0.339787
      vertex -0.202893 -1.281017 -0.296985
    endloop
  endfacet
  facet normal -0.151881 -0.632631 -0.759415
    outer loop
      vertex -0.385304 -1.185844 -0.339787
      vertex -0.202893 -1.281017 -0.296985
      vertex -0.400790 -1.233506 -0.296985
    endloop
  endfacet
  facet normal -0.177744 -0.740358 -0.648288
    outer loop
      vertex -0.400790 -1.233506 -0.296985
      vertex -0.202893 -1.281017 -0.296985
      vertex -0.209589 -1.323292 -0.246870
    endloop
  endfacet
  facet normal -0.177744 -0.740358 -0.648288
    outer loop
      vertex -0.400790 -1.233506 -0.296985
      vertex -0.209589 -1.323292 -0.246870
      vertex -0.414017 -1.274213 -0.246870
    endloop
  endfacet
  facet normal -0.199212 -0.829779 -0.521326
    outer loop
      vertex -0.414017 -1.274213 -0.246870
      vertex -0.209589 -1.323292 -0.246870
      vertex -0.214976 -1.357304 -0.190676
    endloop
  endfacet
  facet normal -0.199212 -0.829779 -0.521326
    outer loop
      vertex -0.414017 -1.274213 -0.246870
      vertex -0.214976 -1.357304 -0.190676
      vertex -0.424658 -1.306963 -0.190676
    endloop
  endfacet
  facet normal -0.215773 -0.898758 -0.381676
    outer loop
      vertex -0.424658 -1.306963 -0.190676
      vertex -0.214976 -1.357304 -0.190676
      vertex -0.218921 -1.382214 -0.129787
    endloop
  endfacet
  facet normal -0.215773 -0.898758 -0.381676
    outer loop
      vertex -0.424658 -1.306963 -0.190676
      vertex -0.218921 -1.382214 -0.129787
      vertex -0.432452 -1.330950 -0.129787
    endloop
  endfacet
  facet normal -0.227033 -0.945662 -0.232765
    outer loop
      vertex -0.432452 -1.330950 -0.129787
      vertex -0.218921 -1.382214 -0.129787
      vertex -0.221328 -1.397410 -0.065702
    endloop
  endfacet
  facet normal -0.227033 -0.945662 -0.232765
    outer loop
      vertex -0.432452 -1.330950 -0.129787
      vertex -0.221328 -1.397410 -0.065702
      vertex -0.437206 -1.345582 -0.065702
    endloop
  endfacet
  facet normal -0.232730 -0.969391 -0.078219
    outer loop
      vertex -0.437206 -1.345582 -0.065702
      vertex -0.221328 -1.397410 -0.065702
      vertex -0.222137 -1.402517 -0.000000
    endloop
  endfacet
  facet normal -0.232730 -0.969391 -0.078219
    outer loop
      vertex -0.437206 -1.345582 -0.065702
      vertex -0.222137 -1.402517 -0.000000
      vertex -0.438804 -1.350500 -0.000000
    endloop
  endfacet
  facet normal -0.078219 -0.993863 0.078219
    outer loop
      vertex -0.222137 -1.402517 0.000000
      vertex -0.000000 -1.420000 0.000000
      vertex -0.000000 -1.414829 0.065702
    endloop
  endfacet
  facet normal -0.078219 -0.993863 0.078219
    outer loop
      vertex -0.222137 -1.402517 0.000000
      vertex -0.000000 -1.414829 0.065702
      vertex -0.221328 -1.397410 0.065702
    endloop
  endfacet
  facet normal -0.076304 -0.969535 0.232765
    outer loop
      vertex -0.221328 -1.397410 0.065702
      vertex -0.000000 -1.414829 0.065702
      vertex -0.000000 -1.399444 0.129787
    endloop
  endfacet
  facet normal -0.076304 -0.969535 0.232765
    outer loop
      vertex -0.221328 -1.397410 0.065702
      vertex -0.000000 -1.399444 0.129787
      vertex -0.218921 -1.382214 0.129787
    endloop
  endfacet
  facet normal -0.072519 -0.921447 0.381676
    outer loop
      vertex -0.218921 -1.382214 0.129787
      vertex -0.000000 -1.399444 0.129787
      vertex -0.000000 -1.374223 0.190676
    endloop
  endfacet
  facet normal -0.072519 -0.921447 0.381676
    outer loop
      vertex -0.218921 -1.382214 0.129787
      vertex -0.000000 -1.374223 0.190676
      vertex -0.214976 -1.357304 0.190676
    endloop
  endfacet
  facet normal -0.066954 -0.850727 0.521326
    outer loop
      vertex -0.214976 -1.357304 0.190676
      vertex -0.000000 -1.374223 0.190676
      vertex -0.000000 -1.339787 0.246870
    endloop
  endfacet
  facet normal -0.066954 -0.850727 0.521326
    outer loop
      vertex -0.214976 -1.357304 0.190676
      vertex -0.000000 -1.339787 0.246870
      vertex -0.209589 -1.323292 0.246870
    endloop
  endfacet
  facet normal -0.059738 -0.759048 0.648288
    outer loop
      vertex -0.209589 -1.323292 0.246870
      vertex -0.000000 -1.339787 0.246870
      vertex -0.000000 -1.296985 0.296985
    endloop
  endfacet
  facet normal -0.059738 -0.759048 0.648288
    outer loop
      vertex -0.209589 -1.323292 0.246870
      vertex -0.000000 -1.296985 0.296985
      vertex -0.202893 -1.281017 0.296985
    endloop
  endfacet
  facet normal -0.051046 -0.648601 0.759415
    outer loop
      vertex -0.202893 -1.281017 0.296985
      vertex -0.000000 -1.296985 0.296985
      vertex -0.000000 -1.246870 0.339787
    endloop
  endfacet
  facet normal -0.051046 -0.648601 0.759415
    outer loop
      vertex -0.202893 -1.281017 0.296985
      vertex -0.000000 -1.246870 0.339787
      vertex -0.195053 -1.231519 0.339787
    endloop
  endfacet
  facet normal -0.041087 -0.522057 0.851920
    outer loop
      vertex -0.195053 -1.231519 0.339787
      vertex -0.000000 -1.246870 0.339787
      vertex -0.000000 -1.190676 0.374223
    endloop
  endfacet
  facet normal -0.041087 -0.522057 0.851920
    outer loop
      vertex -0.195053 -1.231519 0.339787
      vertex -0.000000 -1.190676 0.374223
      vertex -0.186263 -1.176017 0.374223
    endloop
  endfacet
  facet normal -0.030104 -0.382510 0.923461
    outer loop
      vertex -0.186263 -1.176017 0.374223
      vertex -0.000000 -1.190676 0.374223
      vertex -0.000000 -1.129787 0.399444
    endloop
  endfacet
  facet normal -0.030104 -0.382510 0.923461
    outer loop
      vertex -0.186263 -1.176017 0.374223
      vertex -0.000000 -1.129787 0.399444
      vertex -0.176738 -1.115878 0.399444
    endloop
  endfacet
  facet normal -0.018369 -0.233406 0.972206
    outer loop
      vertex -0.176738 -1.115878 0.399444
      vertex -0.000000 -1.129787 0.399444
      vertex -0.000000 -1.065702 0.414829
    endloop
  endfacet
  facet normal -0.018369 -0.233406 0.972206
    outer loop
      vertex -0.176738 -1.115878 0.399444
      vertex -0.000000 -1.065702 0.414829
      vertex -0.166713 -1.052582 0.414829
    endloop
  endfacet
  facet normal -0.006175 -0.078458 0.996898
    outer loop
      vertex -0.166713 -1.052582 0.414829
      vertex -0.000000 -1.065702 0.414829
      vertex -0.000000 -1.000000 0.420000
    endloop
  endfacet
  facet normal -0.006175 -0.078458 0.996898
    outer loop
      vertex -0.166713 -1.052582 0.414829
      vertex -0.000000 -1.000000 0.420000
      vertex -0.156434 -0.987688 0.420000
    endloop
  endfacet
  facet normal 0.006175 0.078458 0.996898
    outer loop
      vertex -0.156434 -0.987688 0.420000
      vertex -0.000000 -1.000000 0.420000
      vertex -0.000000 -0.934298 0.414829
    endloop
  endfacet
  facet normal 0.006175 0.078458 0.996898
    outer loop
      vertex -0.156434 -0.987688 0.420000
      vertex -0.000000 -0.934298 0.414829
      vertex -0.146156 -0.922795 0.414829
    endloop
  endfacet
  facet normal 0.018369 0.233406 0.972206
    outer loop
      vertex -0.146156 -0.922795 0.414829
      vertex -0.000000 -0.934298 0.414829
      vertex -0.000000 -0.870213 0.399444
    endloop
  endfacet
  facet normal 0.018369 0.233406 0.972206
    outer loop
      vertex -0.146156 -0.922795 0.414829
      vertex -0.000000 -0.870213 0.399444
      vertex -0.136131 -0.859499 0.399444
    endloop
  endfacet
  facet normal 0.030104 0.382510 0.923461
    outer loop
      vertex -0.136131 -0.859499 0.399444
      vertex -0.000000 -0.870213 0.399444
      vertex -0.000000 -0.809324 0.374223
    endloop
  endfacet
  facet normal 0.030104 0.382510 0.923461
    outer loop
      vertex -0.136131 -0.859499 0.399444
      vertex -0.000000 -0.809324 0.374223
      vertex -0.126606 -0.799360 0.374223
    endloop
  endfacet
  facet normal 0.041087 0.522057 0.851920
    outer loop
      vertex -0.126606 -0.799360 0.374223
      vertex -0.000000 -0.809324 0.374223
      vertex -0.000000 -0.753130 0.339787
    endloop
  endfacet
  facet normal 0.041087 0.522057 0.851920
    outer loop
      vertex -0.126606 -0.799360 0.374223
      vertex -0.000000 -0.753130 0.339787
      vertex -0.117816 -0.743858 0.339787
    endloop
  endfacet
  facet normal 0.051046 0.648601 0.759415
    outer loop
      vertex -0.117816 -0.743858 0.339787
      vertex -0.000000 -0.753130 0.339787
      vertex -0.000000 -0.703015 0.296985
    endloop
  endfacet
  facet normal 0.051046 0.648601 0.759415
    outer loop
      vertex -0.117816 -0.743858 0.339787
      vertex -0.000000 -0.703015 0.296985
      vertex -0.109976 -0.694360 0.296985
    endloop
  endfacet
  facet normal 0.059738 0.759048 0.648288
    outer loop
      vertex -0.109976 -0.694360 0.296985
      vertex -0.000000 -0.703015 0.296985
      vertex -0.000000 -0.660213 0.246870
    endloop
  endfacet
  facet normal 0.059738 0.759048 0.648288
    outer loop
      vertex -0.109976 -0.694360 0.296985
      vertex -0.000000 -0.660213 0.246870
      vertex -0.103280 -0.652085 0.246870
    endloop
  endfacet
  facet normal 0.066954 0.850727 0.521326
    outer loop
      vertex -0.103280 -0.652085 0.246870
      vertex -0.000000 -0.660213 0.246870
      vertex -0.000000 -0.625777 0.190676
    endloop
  endfacet
  facet normal 0.066954 0.850727 0.521326
    outer loop
      vertex -0.103280 -0.652085 0.246870
      vertex -0.000000 -0.625777 0.190676
      vertex -0.097893 -0.618073 0.190676
    endloop
  endfacet
  facet normal 0.072519 0.921447 0.381676
    outer loop
      vertex -0.097893 -0.618073 0.190676
      vertex -0.000000 -0.625777 0.190676
      vertex -0.000000 -0.600556 0.129787
    endloop
  endfacet
  facet normal 0.072519 0.921447 0.381676
    outer loop
      vertex -0.097893 -0.618073 0.190676
      vertex -0.000000 -0.600556 0.129787
      vertex -0.093948 -0.593162 0.129787
    endloop
  endfacet
  facet normal 0.076304 0.969535 0.232765
    outer loop
      vertex -0.093948 -0.593162 0.129787
      vertex -0.000000 -0.600556 0.129787
      vertex -0.000000 -0.585171 0.065702
    endloop
  endfacet
  facet normal 0.076304 0.969535 0.232765
    outer loop
      vertex -0.093948 -0.593162 0.129787
      vertex -0.000000 -0.585171 0.065702
      vertex -0.091541 -0.577966 0.065702
    endloop
  endfacet
  facet normal 0.078219 0.993863 0.078219
    outer loop
      vertex -0.091541 -0.577966 0.065702
      vertex -0.000000 -0.585171 0.065702
      vertex -0.000000 -0.580000 0.000000
    endloop
  endfacet
  facet normal 0.078219 0.993863 0.078219
    outer loop
      vertex -0.091541 -0.577966 0.065702
      vertex -0.000000 -0.580000 0.000000
      vertex -0.090732 -0.572859 0.000000
    endloop
  endfacet
  facet normal 0.078219 0.993863 -0.078219
    outer loop
      vertex -0.090732 -0.572859 0.000000
      vertex -0.000000 -0.580000 0.000000
      vertex -0.000000 -0.585171 -0.065702
    endloop
  endfacet
  facet normal 0.078219 0.993863 -0.078219
    outer loop
      vertex -0.090732 -0.572859 0.000000
      vertex -0.000000 -0.585171 -0.065702
      vertex -0.091541 -0.577966 -0.065702
    endloop
  endfacet
  facet normal 0.076304 0.969535 -0.232765
    outer loop
      vertex -0.091541 -0.577966 -0.065702
      vertex -0.000000 -0.585171 -0.065702
      vertex -0.000000 -0.600556 -0.129787
    endloop
  endfacet
  facet normal 0.076304 0.969535 -0.232765
    outer loop
      vertex -0.091541 -0.577966 -0.065702
      vertex -0.000000 -0.600556 -0.129787
      vertex -0.093948 -0.593162 -0.129787
    endloop
  endfacet
  facet normal 0.072519 0.921447 -0.381676
    outer loop
      vertex -0.093948 -0.593162 -0.129787
      vertex -0.000000 -0.600556 -0.129787
      vertex -0.000000 -0.625777 -0.190676
    endloop
  endfacet
  facet normal 0.072519 0.921447 -0.381676
    outer loop
      vertex -0.093948 -0.593162 -0.129787
      vertex -0.000000 -0.625777 -0.190676
      vertex -0.097893 -0.618073 -0.190676
    endloop
  endfacet
  facet normal 0.066954 0.850727 -0.521326
    outer loop
      vertex -0.097893 -0.618073 -0.190676
      vertex -0.000000 -0.625777 -0.190676
      vertex -0.000000 -0.660213 -0.246870
    endloop
  endfacet
  facet normal 0.066954 0.850727 -0.521326
    outer loop
      vertex -0.097893 -0.618073 -0.190676
      vertex -0.000000 -0.660213 -0.246870
      vertex -0.103280 -0.652085 -0.246870
    endloop
  endfacet
  facet normal 0.059738 0.759048 -0.648288
    outer loop
      vertex -0.103280 -0.652085 -0.246870
      vertex -0.000000 -0.660213 -0.246870
      vertex -0.000000 -0.703015 -0.296985
    endloop
  endfacet
  facet normal 0.059738 0.759048 -0.648288
    outer loop
      vertex -0.103280 -0.652085 -0.246870
      vertex -0.000000 -0.703015 -0.296985
      vertex -0.109976 -0.694360 -0.296985
    endloop
  endfacet
  facet normal 0.051046 0.648601 -0.759415
    outer loop
      vertex -0.109976 -0.694360 -0.296985
      vertex -0.000000 -0.703015 -0.296985
      vertex -0.000000 -0.753130 -0.339787
    endloop
  endfacet
  facet normal 0.051046 0.648601 -0.759415
    outer loop
      vertex -0.109976 -0.694360 -0.296985
      vertex -0.000000 -0.753130 -0.339787
      vertex -0.117816 -0.743858 -0.339787
    endloop
  endfacet
  facet normal 0.041087 0.522057 -0.851920
    outer loop
      vertex -0.117816 -0.743858 -0.339787
      vertex -0.000000 -0.753130 -0.339787
      vertex -0.000000 -0.809324 -0.374223
    endloop
  endfacet
  facet normal 0.041087 0.522057 -0.851920
    outer loop
      vertex -0.117816 -0.743858 -0.339787
      vertex -0.000000 -0.809324 -0.374223
      vertex -0.126606 -0.799360 -0.374223
    endloop
  endfacet
  facet normal 0.030104 0.382510 -0.923461
    outer loop
      vertex -0.126606 -0.799360 -0.374223
      vertex -0.000000 -0.809324 -0.374223
      vertex -0.000000 -0.870213 -0.399444
    endloop
  endfacet
  facet normal 0.030104 0.382510 -0.923461
    outer loop
      vertex -0.126606 -0.799360 -0.374223
      vertex -0.000000 -0.870213 -0.399444
      vertex -0.136131 -0.859499 -0.399444
    endloop
  endfacet
  facet normal 0.018369 0.233406 -0.972206
    outer loop
      vertex -0.136131 -0.859499 -0.399444
      vertex -0.000000 -0.870213 -0.399444
      vertex -0.000000 -0.934298 -0.414829
    endloop
  endfacet
  facet normal 0.018369 0.233406 -0.972206
    outer loop
      vertex -0.136131 -0.859499 -0.399444
      vertex -0.000000 -0.934298 -0.414829
      vertex -0.146156 -0.922795 -0.414829
    endloop
  endfacet
  facet normal 0.006175 0.078458 -0.996898
    outer loop
      vertex -0.146156 -0.922795 -0.414829
      vertex -0.000000 -0.934298 -0.414829
      vertex -0.000000 -1.000000 -0.420000
    endloop
  endfacet
  facet normal 0.006175 0.078458 -0.996898
    outer loop
      vertex -0.146156 -0.922795 -0.414829
      vertex -0.000000 -1.000000 -0.420000
      vertex -0.156434 -0.987688 -0.420000
    endloop
  endfacet
  facet normal -0.006175 -0.078458 -0.996898
    outer loop
      vertex -0.156434 -0.987688 -0.420000
      vertex -0.000000 -1.000000 -0.420000
      vertex -0.000000 -1.065702 -0.414829
    endloop
  endfacet
  facet normal -0.006175 -0.078458 -0.996898
    outer loop
      vertex -0.156434 -0.987688 -0.420000
      vertex -0.000000 -1.065702 -0.414829
      vertex -0.166713 -1.052582 -0.414829
    endloop
  endfacet
  facet normal -0.018369 -0.233406 -0.972206
    outer loop
      vertex -0.166713 -1.052582 -0.414829
      vertex -0.000000 -1.065702 -0.414829
      vertex -0.000000 -1.129787 -0.399444
    endloop
  endfacet
  facet normal -0.018369 -0.233406 -0.972206
    outer loop
      vertex -0.166713 -1.052582 -0.414829
      vertex -0.000000 -1.129787 -0.399444
      vertex -0.176738 -1.115878 -0.399444
    endloop
  endfacet
  facet normal -0.030104 -0.382510 -0.923461
    outer loop
      vertex -0.176738 -1.115878 -0.399444
      vertex -0.000000 -1.129787 -0.399444
      vertex -0.000000 -1.190676 -0.374223
    endloop
  endfacet
  facet normal -0.030104 -0.382510 -0.923461
    outer loop
      vertex -0.176738 -1.115878 -0.399444
      vertex -0.000000 -1.190676 -0.374223
      vertex -0.186263 -1.176017 -0.374223
    endloop
  endfacet
  facet normal -0.041087 -0.522057 -0.851920
    outer loop
      vertex -0.186263 -1.176017 -0.374223
      vertex -0.000000 -1.190676 -0.374223
      vertex -0.000000 -1.246870 -0.339787
    endloop
  endfacet
  facet normal -0.041087 -0.522057 -0.851920
    outer loop
      vertex -0.186263 -1.176017 -0.374223
      vertex -0.000000 -1.246870 -0.339787
      vertex -0.195053 -1.231519 -0.339787
    endloop
  endfacet
  facet normal -0.051046 -0.648601 -0.759415
    outer loop
      vertex -0.195053 -1.231519 -0.339787
      vertex -0.000000 -1.246870 -0.339787
      vertex -0.000000 -1.296985 -0.296985
    endloop
  endfacet
  facet normal -0.051046 -0.648601 -0.759415
    outer loop
      vertex -0.195053 -1.231519 -0.339787
      vertex -0.000000 -1.296985 -0.296985
      vertex -0.202893 -1.281017 -0.296985
    endloop
  endfacet
  facet normal -0.059738 -0.759048 -0.648288
    outer loop
      vertex -0.202893 -1.281017 -0.296985
      vertex -0.000000 -1.296985 -0.296985
      vertex -0.000000 -1.339787 -0.246870
    endloop
  endfacet
  facet normal -0.059738 -0.759048 -0.648288
    outer loop
      vertex -0.202893 -1.281017 -0.296985
      vertex -0.000000 -1.339787 -0.246870
      vertex -0.209589 -1.323292 -0.246870
    endloop
  endfacet
  facet normal -0.066954 -0.850727 -0.521326
    outer loop
      vertex -0.209589 -1.323292 -0.246870
      vertex -0.000000 -1.339787 -0.246870
      vertex -0.000000 -1.374223 -0.190676
    endloop
  endfacet
  facet normal -0.066954 -0.850727 -0.521326
    outer loop
      vertex -0.209589 -1.323292 -0.246870
      vertex -0.000000 -1.374223 -0.190676
      vertex -0.214976 -1.357304 -0.190676
    endloop
  endfacet
  facet normal -0.072519 -0.921447 -0.381676
    outer loop
      vertex -0.214976 -1.357304 -0.190676
      vertex -0.000000 -1.374223 -0.190676
      vertex -0.000000 -1.399444 -0.129787
    endloop
  endfacet
  facet normal -0.072519 -0.921447 -0.381676
    outer loop
      vertex -0.214976 -1.357304 -0.190676
      vertex -0.000000 -1.399444 -0.129787
      vertex -0.218921 -1.382214 -0.129787
    endloop
  endfacet
  facet normal -0.076304 -0.969535 -0.232765
    outer loop
      vertex -0.218921 -1.382214 -0.129787
      vertex -0.000000 -1.399444 -0.129787
      vertex -0.000000 -1.414829 -0.065702
    endloop
  endfacet
  facet normal -0.076304 -0.969535 -0.232765
    outer loop
      vertex -0.218921 -1.382214 -0.129787
      vertex -0.000000 -1.414829 -0.065702
      vertex -0.221328 -1.397410 -0.065702
    endloop
  endfacet
  facet normal -0.078219 -0.993863 -0.078219
    outer loop
      vertex -0.221328 -1.397410 -0.065702
      vertex -0.000000 -1.414829 -0.065702
      vertex -0.000000 -1.420000 -0.000000
    endloop
  endfacet
  facet normal -0.078219 -0.993863 -0.078219
    outer loop
      vertex -0.221328 -1.397410 -0.065702
      vertex -0.000000 -1.420000 -0.000000
      vertex -0.222137 -1.402517 -0.000000
    endloop
  endfacet
  facet normal 0.078219 -0.993863 0.078219
    outer loop
      vertex -0.000000 -1.420000 0.000000
      vertex 0.222137 -1.402517 0.000000
      vertex 0.221328 -1.397410 0.065702
    endloop
  endfacet
  facet normal 0.078219 -0.993863 0.078219
    outer loop
      vertex -0.000000 -1.420000 0.000000
      vertex 0.221328 -1.397410 0.065702
      vertex -0.000000 -1.414829 0.065702
    endloop
  endfacet
  facet normal 0.076304 -0.969535 0.232765
    outer loop
      vertex -0.000000 -1.414829 0.065702
      vertex 0.221328 -1.397410 0.065702
      vertex 0.218921 -1.382214 0.129787
    endloop
  endfacet
  facet normal 0.076304 -0.969535 0.232765
    outer loop
      vertex -0.000000 -1.414829 0.065702
      vertex 0.218921 -1.382214 0.129787
      vertex -0.000000 -1.399444 0.129787
    endloop
  endfacet
  facet normal 0.072519 -0.921447 0.381676
    outer loop
      vertex -0.000000 -1.399444 0.129787
      vertex 0.218921 -1.382214 0.129787
      vertex 0.214976 -1.357304 0.190676
    endloop
  endfacet
  facet normal 0.072519 -0.921447 0.381676
    outer loop
      vertex -0.000000 -1.399444 0.129787
      vertex 0.214976 -1.357304 0.190676
      vertex -0.000000 -1.374223 0.190676
    endloop
  endfacet
  facet normal 0.066954 -0.850727 0.521326
    outer loop
      vertex -0.000000 -1.374223 0.190676
      vertex 0.214976 -1.357304 0.190676
      vertex 0.209589 -1.323292 0.246870
    endloop
  endfacet
  facet normal 0.066954 -0.850727 0.521326
    outer loop
      vertex -0.000000 -1.374223 0.190676
      vertex 0.209589 -1.323292 0.246870
      vertex -0.000000 -1.339787 0.246870
    endloop
  endfacet
  facet normal 0.059738 -0.759048 0.648288
    outer loop
      vertex -0.000000 -1.339787 0.246870
      vertex 0.209589 -1.323292 0.246870
      vertex 0.202893 -1.281017 0.296985
    endloop
  endfacet
  facet normal 0.059738 -0.759048 0.648288
    outer loop
      vertex -0.000000 -1.339787 0.246870
      vertex 0.202893 -1.281017 0.296985
      vertex -0.000000 -1.296985 0.296985
    endloop
  endfacet
  facet normal 0.051046 -0.648601 0.759415
    outer loop
      vertex -0.000000 -1.296985 0.296985
      vertex 0.202893 -1.281017 0.296985
      vertex 0.195053 -1.231519 0.339787
    endloop
  endfacet
  facet normal 0.051046 -0.648601 0.759415
    outer loop
      vertex -0.000000 -1.296985 0.296985
      vertex 0.195053 -1.231519 0.339787
      vertex -0.000000 -1.246870 0.339787
    endloop
  endfacet
  facet normal 0.041087 -0.522057 0.851920
    outer loop
      vertex -0.000000 -1.246870 0.339787
      vertex 0.195053 -1.231519 0.339787
      vertex 0.186263 -1.176017 0.374223
    endloop
  endfacet
  facet normal 0.041087 -0.522057 0.851920
    outer loop
      vertex -0.000000 -1.246870 0.339787
      vertex 0.186263 -1.176017 0.374223
      vertex -0.000000 -1.190676 0.374223
    endloop
  endfacet
  facet normal 0.030104 -0.382510 0.923461
    outer loop
      vertex -0.000000 -1.190676 0.374223
      vertex 0.186263 -1.176017 0.374223
      vertex 0.176738 -1.115878 0.399444
    endloop
  endfacet
  facet normal 0.030104 -0.382510 0.923461
    outer loop
      vertex -0.000000 -1.190676 0.374223
      vertex 0.176738 -1.115878 0.399444
      vertex -0.000000 -1.129787 0.399444
    endloop
  endfacet
  facet normal 0.018369 -0.233406 0.972206
    outer loop
      vertex -0.000000 -1.129787 0.399444
      vertex 0.176738 -1.115878 0.399444
      vertex 0.166713 -1.052582 0.414829
    endloop
  endfacet
  facet normal 0.018369 -0.233406 0.972206
    outer loop
      vertex -0.000000 -1.129787 0.399444
      vertex 0.166713 -1.052582 0.414829
      vertex -0.000000 -1.065702 0.414829
    endloop
  endfacet
  facet normal 0.006175 -0.078458 0.996898
    outer loop
      vertex -0.000000 -1.065702 0.414829
      vertex 0.166713 -1.052582 0.414829
      vertex 0.156434 -0.987688 0.420000
    endloop
  endfacet
  facet normal 0.006175 -0.078458 0.996898
    outer loop
      vertex -0.000000 -1.065702 0.414829
      vertex 0.156434 -0.987688 0.420000
      vertex -0.000000 -1.000000 0.420000
    endloop
  endfacet
  facet normal -0.006175 0.078458 0.996898
    outer loop
      vertex -0.000000 -1.000000 0.420000
      vertex 0.156434 -0.987688 0.420000
      vertex 0.146156 -0.922795 0.414829
    endloop
  endfacet
  facet normal -0.006175 0.078458 0.996898
    outer loop
      vertex -0.000000 -1.000000 0.420000
      vertex 0.146156 -0.922795 0.414829
      vertex -0.000000 -0.934298 0.414829
    endloop
  endfacet
  facet normal -0.018369 0.233406 0.972206
    outer loop
      vertex -0.000000 -0.934298 0.414829
      vertex 0.146156 -0.922795 0.414829
      vertex 0.136131 -0.859499 0.399444
    endloop
  endfacet
  facet normal -0.018369 0.233406 0.972206
    outer loop
      vertex -0.000000 -0.934298 0.414829
      vertex 0.136131 -0.859499 0.399444
      vertex -0.000000 -0.870213 0.399444
    endloop
  endfacet
  facet normal -0.030104 0.382510 0.923461
    outer loop
      vertex -0.000000 -0.870213 0.399444
      vertex 0.136131 -0.859499 0.399444
      vertex 0.126606 -0.799360 0.374223
    endloop
  endfacet
  facet normal -0.030104 0.382510 0.923461
    outer loop
      vertex -0.000000 -0.870213 0.399444
      vertex 0.126606 -0.799360 0.374223
      vertex -0.000000 -0.809324 0.374223
    endloop
  endfacet
  facet normal -0.041087 0.522057 0.851920
    outer loop
      vertex -0.000000 -0.809324 0.374223
      vertex 0.126606 -0.799360 0.374223
      vertex 0.117816 -0.743858 0.339787
    endloop
  endfacet
  facet normal -0.041087 0.522057 0.851920
    outer loop
      vertex -0.000000 -0.809324 0.374223
      vertex 0.117816 -0.743858 0.339787
      vertex -0.000000 -0.753130 0.339787
    endloop
  endfacet
  facet normal -0.051046 0.648601 0.759415
    outer loop
      vertex -0.000000 -0.753130 0.339787
      vertex 0.117816 -0.743858 0.339787
      vertex 0.109976 -0.694360 0.296985
    endloop
  endfacet
  facet normal -0.051046 0.648601 0.759415
    outer loop
      vertex -0.000000 -0.753130 0.339787
      vertex 0.109976 -0.694360 0.296985
      vertex -0.000000 -0.703015 0.296985
    endloop
  endfacet
  facet normal -0.059738 0.759048 0.648288
    outer loop
      vertex -0.000000 -0.703015 0.296985
      vertex 0.109976 -0.694360 0.296985
      vertex 0.103280 -0.652085 0.246870
    endloop
  endfacet
  facet normal -0.059738 0.759048 0.648288
    outer loop
      vertex -0.000000 -0.703015 0.296985
      vertex 0.103280 -0.652085 0.246870
      vertex -0.000000 -0.660213 0.246870
    endloop
  endfacet
  facet normal -0.066954 0.850727 0.521326
    outer loop
      vertex -0.000000 -0.660213 0.246870
      vertex 0.103280 -0.652085 0.246870
      vertex 0.097893 -0.618073 0.190676
    endloop
  endfacet
  facet normal -0.066954 0.850727 0.521326
    outer loop
      vertex -0.000000 -0.660213 0.246870
      vertex 0.097893 -0.618073 0.190676
      vertex -0.000000 -0.625777 0.190676
    endloop
  endfacet
  facet normal -0.072519 0.921447 0.381676
    outer loop
      vertex -0.000000 -0.625777 0.190676
      vertex 0.097893 -0.618073 0.190676
      vertex 0.093948 -0.593162 0.129787
    endloop
  endfacet
  facet normal -0.072519 0.921447 0.381676
    outer loop
      vertex -0.000000 -0.625777 0.190676
      vertex 0.093948 -0.593162 0.129787
      vertex -0.000000 -0.600556 0.129787
    endloop
  endfacet
  facet normal -0.076304 0.969535 0.232765
    outer loop
      vertex -0.000000 -0.600556 0.129787
      vertex 0.093948 -0.593162 0.129787
      vertex 0.091541 -0.577966 0.065702
    endloop
  endfacet
  facet normal -0.076304 0.969535 0.232765
    outer loop
      vertex -0.000000 -0.600556 0.129787
      vertex 0.091541 -0.577966 0.065702
      vertex -0.000000 -0.585171 0.065702
    endloop
  endfacet
  facet normal -0.078219 0.993863 0.078219
    outer loop
      vertex -0.000000 -0.585171 0.065702
      vertex 0.091541 -0.577966 0.065702
      vertex 0.090732 -0.572859 0.000000
    endloop
  endfacet
  facet normal -0.078219 0.993863 0.078219
    outer loop
      vertex -0.000000 -0.585171 0.065702
      vertex 0.090732 -0.572859 0.000000
      vertex -0.000000 -0.580000 0.000000
    endloop
  endfacet
  facet normal -0.078219 0.993863 -0.078219
    outer loop
      vertex -0.000000 -0.580000 0.000000
      vertex 0.090732 -0.572859 0.000000
      vertex 0.091541 -0.577966 -0.065702
    endloop
  endfacet
  facet normal -0.078219 0.993863 -0.078219
    outer loop
      vertex -0.000000 -0.580000 0.000000
      vertex 0.091541 -0.577966 -0.065702
      vertex -0.000000 -0.585171 -0.065702
    endloop
  endfacet
  facet normal -0.076304 0.969535 -0.232765
    outer loop
      vertex -0.000000 -0.585171 -0.065702
      vertex 0.091541 -0.577966 -0.065702
      vertex 0.093948 -0.593162 -0.129787
    endloop
  endfacet
  facet normal -0.076304 0.969535 -0.232765
    outer loop
      vertex -0.000000 -0.585171 -0.065702
      vertex 0.093948 -0.593162 -0.129787
      vertex -0.000000 -0.600556 -0.129787
    endloop
  endfacet
  facet normal -0.072519 0.921447 -0.381676
    outer loop
      vertex -0.000000 -0.600556 -0.129787
      vertex 0.093948 -0.593162 -0.129787
      vertex 0.097893 -0.618073 -0.190676
    endloop
  endfacet
  facet normal -0.072519 0.921447 -0.381676
    outer loop
      vertex -0.000000 -0.600556 -0.129787
      vertex 0.097893 -0.618073 -0.190676
      vertex -0.000000 -0.625777 -0.190676
    endloop
  endfacet
  facet normal -0.066954 0.850727 -0.521326
    outer loop
      vertex -0.000000 -0.625777 -0.190676
      vertex 0.097893 -0.618073 -0.190676
      vertex 0.103280 -0.652085 -0.246870
    endloop
  endfacet
  facet normal -0.066954 0.850727 -0.521326
    outer loop
      vertex -0.000000 -0.625777 -0.190676
      vertex 0.103280 -0.652085 -0.246870
      vertex -0.000000 -0.660213 -0.246870
    endloop
  endfacet
  facet normal -0.059738 0.759048 -0.648288
    outer loop
      vertex -0.000000 -0.660213 -0.246870
      vertex 0.103280 -0.652085 -0.246870
      vertex 0.109976 -0.694360 -0.296985
    endloop
  endfacet
  facet normal -0.059738 0.759048 -0.648288
    outer loop
      vertex -0.000000 -0.660213 -0.246870
      vertex 0.109976 -0.694360 -0.296985
      vertex -0.000000 -0.703015 -0.296985
    endloop
  endfacet
  facet normal -0.051046 0.648601 -0.759415
    outer loop
      vertex -0.000000 -0.703015 -0.296985
      vertex 0.109976 -0.694360 -0.296985
      vertex 0.117816 -0.743858 -0.339787
    endloop
  endfacet
  facet normal -0.051046 0.648601 -0.759415
    outer loop
      vertex -0.000000 -0.703015 -0.296985
      vertex 0.117816 -0.743858 -0.339787
      vertex -0.000000 -0.753130 -0.339787
    endloop
  endfacet
  facet normal -0.041087 0.522057 -0.851920
    outer loop
      vertex -0.000000 -0.753130 -0.339787
      vertex 0.117816 -0.743858 -0.339787
      vertex 0.126606 -0.799360 -0.374223
    endloop
  endfacet
  facet normal -0.041087 0.522057 -0.851920
    outer loop
      vertex -0.000000 -0.753130 -0.339787
      vertex 0.126606 -0.799360 -0.374223
      vertex -0.000000 -0.809324 -0.374223
    endloop
  endfacet
  facet normal -0.030104 0.382510 -0.923461
    outer loop
      vertex -0.000000 -0.809324 -0.374223
      vertex 0.126606 -0.799360 -0.374223
      vertex 0.136131 -0.859499 -0.399444
    endloop
  endfacet
  facet normal -0.030104 0.382510 -0.923461
    outer loop
      vertex -0.000000 -0.809324 -0.374223
      vertex 0.136131 -0.859499 -0.399444
      vertex -0.000000 -0.870213 -0.399444
    endloop
  endfacet
  facet normal -0.018369 0.233406 -0.972206
    outer loop
      vertex -0.000000 -0.870213 -0.399444
      vertex 0.136131 -0.859499 -0.399444
      vertex 0.146156 -0.922795 -0.414829
    endloop
  endfacet
  facet normal -0.018369 0.233406 -0.972206
    outer loop
      vertex -0.000000 -0.870213 -0.399444
      vertex 0.146156 -0.922795 -0.414829
      vertex -0.000000 -0.934298 -0.414829
    endloop
  endfacet
  facet normal -0.006175 0.078458 -0.996898
    outer loop
      vertex -0.000000 -0.934298 -0.414829
      vertex 0.146156 -0.922795 -0.414829
      vertex 0.156434 -0.987688 -0.420000
    endloop
  endfacet
  facet normal -0.006175 0.078458 -0.996898
    outer loop
      vertex -0.000000 -0.934298 -0.414829
      vertex 0.156434 -0.987688 -0.420000
      vertex -0.000000 -1.000000 -0.420000
    endloop
  endfacet
  facet normal 0.006175 -0.078458 -0.996898
    outer loop
      vertex -0.000000 -1.000000 -0.420000
      vertex 0.156434 -0.987688 -0.420000
      vertex 0.166713 -1.052582 -0.414829
    endloop
  endfacet
  facet normal 0.006175 -0.078458 -0.996898
    outer loop
      vertex -0.000000 -1.000000 -0.420000
      vertex 0.166713 -1.052582 -0.414829
      vertex -0.000000 -1.065702 -0.414829
    endloop
  endfacet
  facet normal 0.018369 -0.233406 -0.972206
    outer loop
      vertex -0.000000 -1.065702 -0.414829
      vertex 0.166713 -1.052582 -0.414829
      vertex 0.176738 -1.115878 -0.399444
    endloop
  endfacet
  facet normal 0.018369 -0.233406 -0.972206
    outer loop
      vertex -0.000000 -1.065702 -0.414829
      vertex 0.176738 -1.115878 -0.399444
      vertex -0.000000 -1.129787 -0.399444
    endloop
  endfacet
  facet normal 0.030104 -0.382510 -0.923461
    outer loop
      vertex -0.000000 -1.129787 -0.399444
      vertex 0.176738 -1.115878 -0.399444
      vertex 0.186263 -1.176017 -0.374223
    endloop
  endfacet
  facet normal 0.030104 -0.382510 -0.923461
    outer loop
      vertex -0.000000 -1.129787 -0.399444
      vertex 0.186263 -1.176017 -0.374223
      vertex -0.000000 -1.190676 -0.374223
    endloop
  endfacet
  facet normal 0.041087 -0.522057 -0.851920
    outer loop
      vertex -0.000000 -1.190676 -0.374223
      vertex 0.186263 -1.176017 -0.374223
      vertex 0.195053 -1.231519 -0.339787
    endloop
  endfacet
  facet normal 0.041087 -0.522057 -0.851920
    outer loop
      vertex -0.000000 -1.190676 -0.374223
      vertex 0.195053 -1.231519 -0.339787
      vertex -0.000000 -1.246870 -0.339787
    endloop
  endfacet
  facet normal 0.051046 -0.648601 -0.759415
    outer loop
      vertex -0.000000 -1.246870 -0.339787
      vertex 0.195053 -1.231519 -0.339787
      vertex 0.202893 -1.281017 -0.296985
    endloop
  endfacet
  facet normal 0.051046 -0.648601 -0.759415
    outer loop
      vertex -0.000000 -1.246870 -0.339787
      vertex 0.202893 -1.281017 -0.296985
      vertex -0.000000 -1.296985 -0.296985
    endloop
  endfacet
  facet normal 0.059738 -0.759048 -0.648288
    outer loop
      vertex -0.000000 -1.296985 -0.296985
      vertex 0.202893 -1.281017 -0.296985
      vertex 0.209589 -1.323292 -0.246870
    endloop
  endfacet
  facet normal 0.059738 -0.759048 -0.648288
    outer loop
      vertex -0.000000 -1.296985 -0.296985
      vertex 0.209589 -1.323292 -0.246870
      vertex -0.000000 -1.339787 -0.246870
    endloop
  endfacet
  facet normal 0.066954 -0.850727 -0.521326
    outer loop
      vertex -0.000000 -1.339787 -0.246870
      vertex 0.209589 -1.323292 -0.246870
      vertex 0.214976 -1.357304 -0.190676
    endloop
  endfacet
  facet normal 0.066954 -0.850727 -0.521326
    outer loop
      vertex -0.000000 -1.339787 -0.246870
      vertex 0.214976 -1.357304 -0.190676
      vertex -0.000000 -1.374223 -0.190676
    endloop
  endfacet
  facet normal 0.072519 -0.921447 -0.381676
    outer loop
      vertex -0.000000 -1.374223 -0.190676
      vertex 0.214976 -1.357304 -0.190676
      vertex 0.218921 -1.382214 -0.129787
    endloop
  endfacet
  facet normal 0.072519 -0.921447 -0.381676
    outer loop
      vertex -0.000000 -1.374223 -0.190676
      vertex 0.218921 -1.382214 -0.129787
      vertex -0.000000 -1.399444 -0.129787
    endloop
  endfacet
  facet normal 0.076304 -0.969535 -0.232765
    outer loop
      vertex -0.000000 -1.399444 -0.129787
      vertex 0.218921 -1.382214 -0.129787
      vertex 0.221328 -1.397410 -0.065702
    endloop
  endfacet
  facet normal 0.076304 -0.969535 -0.232765
    outer loop
      vertex -0.000000 -1.399444 -0.129787
      vertex 0.221328 -1.397410 -0.065702
      vertex -0.000000 -1.414829 -0.065702
    endloop
  endfacet
  facet normal 0.078219 -0.993863 -0.078219
    outer loop
      vertex -0.000000 -1.414829 -0.065702
      vertex 0.221328 -1.397410 -0.065702
      vertex 0.222137 -1.402517 -0.000000
    endloop
  endfacet
  facet normal 0.078219 -0.993863 -0.078219
    outer loop
      vertex -0.000000 -1.414829 -0.065702
      vertex 0.222137 -1.402517 -0.000000
      vertex -0.000000 -1.420000 -0.000000
    endloop
  endfacet
  facet normal 0.232730 -0.969391 0.078219
    outer loop
      vertex 0.222137 -1.402517 0.000000
      vertex 0.438804 -1.350500 0.000000
      vertex 0.437206 -1.345582 0.065702
    endloop
  endfacet
  facet normal 0.232730 -0.969391 0.078219
    outer loop
      vertex 0.222137 -1.402517 0.000000
      vertex 0.437206 -1.345582 0.065702
      vertex 0.221328 -1.397410 0.065702
    endloop
  endfacet
  facet normal 0.227033 -0.945662 0.232765
    outer loop
      vertex 0.221328 -1.397410 0.065702
      vertex 0.437206 -1.345582 0.065702
      vertex 0.432452 -1.330950 0.129787
    endloop
  endfacet
  facet normal 0.227033 -0.945662 0.232765
    outer loop
      vertex 0.221328 -1.397410 0.065702
      vertex 0.432452 -1.330950 0.129787
      vertex 0.218921 -1.382214 0.129787
    endloop
  endfacet
  facet normal 0.215773 -0.898758 0.381676
    outer loop
      vertex 0.218921 -1.382214 0.129787
      vertex 0.432452 -1.330950 0.129787
      vertex 0.424658 -1.306963 0.190676
    endloop
  endfacet
  facet normal 0.215773 -0.898758 0.381676
    outer loop
      vertex 0.218921 -1.382214 0.129787
      vertex 0.424658 -1.306963 0.190676
      vertex 0.214976 -1.357304 0.190676
    endloop
  endfacet
  facet normal 0.199212 -0.829779 0.521326
    outer loop
      vertex 0.214976 -1.357304 0.190676
      vertex 0.424658 -1.306963 0.190676
      vertex 0.414017 -1.274213 0.246870
    endloop
  endfacet
  facet normal 0.199212 -0.829779 0.521326
    outer loop
      vertex 0.214976 -1.357304 0.190676
      vertex 0.414017 -1.274213 0.246870
      vertex 0.209589 -1.323292 0.246870
    endloop
  endfacet
  facet normal 0.177744 -0.740358 0.648288
    outer loop
      vertex 0.209589 -1.323292 0.246870
      vertex 0.414017 -1.274213 0.246870
      vertex 0.400790 -1.233506 0.296985
    endloop
  endfacet
  facet normal 0.177744 -0.740358 0.648288
    outer loop
      vertex 0.209589 -1.323292 0.246870
      vertex 0.400790 -1.233506 0.296985
      vertex 0.202893 -1.281017 0.296985
    endloop
  endfacet
  facet normal 0.151881 -0.632631 0.759415
    outer loop
      vertex 0.202893 -1.281017 0.296985
      vertex 0.400790 -1.233506 0.296985
      vertex 0.385304 -1.185844 0.339787
    endloop
  endfacet
  facet normal 0.151881 -0.632631 0.759415
    outer loop
      vertex 0.202893 -1.281017 0.296985
      vertex 0.385304 -1.185844 0.339787
      vertex 0.195053 -1.231519 0.339787
    endloop
  endfacet
  facet normal 0.122249 -0.509203 0.851920
    outer loop
      vertex 0.195053 -1.231519 0.339787
      vertex 0.385304 -1.185844 0.339787
      vertex 0.367939 -1.132400 0.374223
    endloop
  endfacet
  facet normal 0.122249 -0.509203 0.851920
    outer loop
      vertex 0.195053 -1.231519 0.339787
      vertex 0.367939 -1.132400 0.374223
      vertex 0.186263 -1.176017 0.374223
    endloop
  endfacet
  facet normal 0.089571 -0.373091 0.923461
    outer loop
      vertex 0.186263 -1.176017 0.374223
      vertex 0.367939 -1.132400 0.374223
      vertex 0.349123 -1.074491 0.399444
    endloop
  endfacet
  facet normal 0.089571 -0.373091 0.923461
    outer loop
      vertex 0.186263 -1.176017 0.374223
      vertex 0.349123 -1.074491 0.399444
      vertex 0.176738 -1.115878 0.399444
    endloop
  endfacet
  facet normal 0.054656 -0.227659 0.972206
    outer loop
      vertex 0.176738 -1.115878 0.399444
      vertex 0.349123 -1.074491 0.399444
      vertex 0.329320 -1.013543 0.414829
    endloop
  endfacet
  facet normal 0.054656 -0.227659 0.972206
    outer loop
      vertex 0.176738 -1.115878 0.399444
      vertex 0.329320 -1.013543 0.414829
      vertex 0.166713 -1.052582 0.414829
    endloop
  endfacet
  facet normal 0.018372 -0.076526 0.996898
    outer loop
      vertex 0.166713 -1.052582 0.414829
      vertex 0.329320 -1.013543 0.414829
      vertex 0.309017 -0.951057 0.420000
    endloop
  endfacet
  facet normal 0.018372 -0.076526 0.996898
    outer loop
      vertex 0.166713 -1.052582 0.414829
      vertex 0.309017 -0.951057 0.420000
      vertex 0.156434 -0.987688 0.420000
    endloop
  endfacet
  facet normal -0.018372 0.076526 0.996898
    outer loop
      vertex 0.156434 -0.987688 0.420000
      vertex 0.309017 -0.951057 0.420000
      vertex 0.288714 -0.888570 0.414829
    endloop
  endfacet
  facet normal -0.018372 0.076526 0.996898
    outer loop
      vertex 0.156434 -0.987688 0.420000
      vertex 0.288714 -0.888570 0.414829
      vertex 0.146156 -0.922795 0.414829
    endloop
  endfacet
  facet normal -0.054656 0.227659 0.972206
    outer loop
      vertex 0.146156 -0.922795 0.414829
      vertex 0.288714 -0.888570 0.414829
      vertex 0.268911 -0.827622 0.399444
    endloop
  endfacet
  facet normal -0.054656 0.227659 0.972206
    outer loop
      vertex 0.146156 -0.922795 0.414829
      vertex 0.268911 -0.827622 0.399444
      vertex 0.136131 -0.859499 0.399444
    endloop
  endfacet
  facet normal -0.089571 0.373091 0.923461
    outer loop
      vertex 0.136131 -0.859499 0.399444
      vertex 0.268911 -0.827622 0.399444
      vertex 0.250095 -0.769713 0.374223
    endloop
  endfacet
  facet normal -0.089571 0.373091 0.923461
    outer loop
      vertex 0.136131 -0.859499 0.399444
      vertex 0.250095 -0.769713 0.374223
      vertex 0.126606 -0.799360 0.374223
    endloop
  endfacet
  facet normal -0.122249 0.509203 0.851920
    outer loop
      vertex 0.126606 -0.799360 0.374223
      vertex 0.250095 -0.769713 0.374223
      vertex 0.232730 -0.716269 0.339787
    endloop
  endfacet
  facet normal -0.122249 0.509203 0.851920
    outer loop
      vertex 0.126606 -0.799360 0.374223
      vertex 0.232730 -0.716269 0.339787
      vertex 0.117816 -0.743858 0.339787
    endloop
  endfacet
  facet normal -0.151881 0.632631 0.759415
    outer loop
      vertex 0.117816 -0.743858 0.339787
      vertex 0.232730 -0.716269 0.339787
      vertex 0.217244 -0.668607 0.296985
    endloop
  endfacet
  facet normal -0.151881 0.632631 0.759415
    outer loop
      vertex 0.117816 -0.743858 0.339787
      vertex 0.217244 -0.668607 0.296985
      vertex 0.109976 -0.694360 0.296985
    endloop
  endfacet
  facet normal -0.177744 0.740358 0.648288
    outer loop
      vertex 0.109976 -0.694360 0.296985
      vertex 0.217244 -0.668607 0.296985
      vertex 0.204017 -0.627900 0.246870
    endloop
  endfacet
  facet normal -0.177744 0.740358 0.648288
    outer loop
      vertex 0.109976 -0.694360 0.296985
      vertex 0.204017 -0.627900 0.246870
      vertex 0.103280 -0.652085 0.246870
    endloop
  endfacet
  facet normal -0.199212 0.829779 0.521326
    outer loop
      vertex 0.103280 -0.652085 0.246870
      vertex 0.204017 -0.627900 0.246870
      vertex 0.193376 -0.595150 0.190676
    endloop
  endfacet
  facet normal -0.199212 0.829779 0.521326
    outer loop
      vertex 0.103280 -0.652085 0.246870
      vertex 0.193376 -0.595150 0.190676
      vertex 0.097893 -0.618073 0.190676
    endloop
  endfacet
  facet normal -0.215773 0.898758 0.381676
    outer loop
      vertex 0.097893 -0.618073 0.190676
      vertex 0.193376 -0.595150 0.190676
      vertex 0.185582 -0.571163 0.129787
    endloop
  endfacet
  facet normal -0.215773 0.898758 0.381676
    outer loop
      vertex 0.097893 -0.618073 0.190676
      vertex 0.185582 -0.571163 0.129787
      vertex 0.093948 -0.593162 0.129787
    endloop
  endfacet
  facet normal -0.227033 0.945662 0.232765
    outer loop
      vertex 0.093948 -0.593162 0.129787
      vertex 0.185582 -0.571163 0.129787
      vertex 0.180828 -0.556531 0.065702
    endloop
  endfacet
  facet normal -0.227033 0.945662 0.232765
    outer loop
      vertex 0.093948 -0.593162 0.129787
      vertex 0.180828 -0.556531 0.065702
      vertex 0.091541 -0.577966 0.065702
    endloop
  endfacet
  facet normal -0.232730 0.969391 0.078219
    outer loop
      vertex 0.091541 -0.577966 0.065702
      vertex 0.180828 -0.556531 0.065702
      vertex 0.179230 -0.551613 0.000000
    endloop
  endfacet
  facet normal -0.232730 0.969391 0.078219
    outer loop
      vertex 0.091541 -0.577966 0.065702
      vertex 0.179230 -0.551613 0.000000
      vertex 0.090732 -0.572859 0.000000
    endloop
  endfacet
  facet normal -0.232730 0.969391 -0.078219
    outer loop
      vertex 0.090732 -0.572859 0.000000
      vertex 0.179230 -0.551613 0.000000
      vertex 0.180828 -0.556531 -0.065702
    endloop
  endfacet
  facet normal -0.232730 0.969391 -0.078219
    outer loop
      vertex 0.090732 -0.572859 0.000000
      vertex 0.180828 -0.556531 -0.065702
      vertex 0.091541 -0.577966 -0.065702
    endloop
  endfacet
  facet normal -0.227033 0.945662 -0.232765
    outer loop
      vertex 0.091541 -0.577966 -0.065702
      vertex 0.180828 -0.556531 -0.065702
      vertex 0.185582 -0.571163 -0.129787
    endloop
  endfacet
  facet normal -0.227033 0.945662 -0.232765
    outer loop
      vertex 0.091541 -0.577966 -0.065702
      vertex 0.185582 -0.571163 -0.129787
      vertex 0.093948 -0.593162 -0.129787
    endloop
  endfacet
  facet normal -0.215773 0.898758 -0.381676
    outer loop
      vertex 0.093948 -0.593162 -0.129787
      vertex 0.185582 -0.571163 -0.129787
      vertex 0.193376 -0.595150 -0.190676
    endloop
  endfacet
  facet normal -0.215773 0.898758 -0.381676
    outer loop
      vertex 0.093948 -0.593162 -0.129787
      vertex 0.193376 -0.595150 -0.190676
      vertex 0.097893 -0.618073 -0.190676
    endloop
  endfacet
  facet normal -0.199212 0.829779 -0.521326
    outer loop
      vertex 0.097893 -0.618073 -0.190676
      vertex 0.193376 -0.595150 -0.190676
      vertex 0.204017 -0.627900 -0.246870
    endloop
  endfacet
  facet normal -0.199212 0.829779 -0.521326
    outer loop
      vertex 0.097893 -0.618073 -0.190676
      vertex 0.204017 -0.627900 -0.246870
      vertex 0.103280 -0.652085 -0.246870
    endloop
  endfacet
  facet normal -0.177744 0.740358 -0.648288
    outer loop
      vertex 0.103280 -0.652085 -0.246870
      vertex 0.204017 -0.627900 -0.246870
      vertex 0.217244 -0.668607 -0.296985
    endloop
  endfacet
  facet normal -0.177744 0.740358 -0.648288
    outer loop
      vertex 0.103280 -0.652085 -0.246870
      vertex 0.217244 -0.668607 -0.296985
      vertex 0.109976 -0.694360 -0.296985
    endloop
  endfacet
  facet normal -0.151881 0.632631 -0.759415
    outer loop
      vertex 0.109976 -0.694360 -0.296985
      vertex 0.217244 -0.668607 -0.296985
      vertex 0.232730 -0.716269 -0.339787
    endloop
  endfacet
  facet normal -0.151881 0.632631 -0.759415
    outer loop
      vertex 0.109976 -0.694360 -0.296985
      vertex 0.232730 -0.716269 -0.339787
      vertex 0.117816 -0.743858 -0.339787
    endloop
  endfacet
  facet normal -0.122249 0.509203 -0.851920
    outer loop
      vertex 0.117816 -0.743858 -0.339787
      vertex 0.232730 -0.716269 -0.339787
      vertex 0.250095 -0.769713 -0.374223
    endloop
  endfacet
  facet normal -0.122249 0.509203 -0.851920
    outer loop
      vertex 0.117816 -0.743858 -0.339787
      vertex 0.250095 -0.769713 -0.374223
      vertex 0.126606 -0.799360 -0.374223
    endloop
  endfacet
  facet normal -0.089571 0.373091 -0.923461
    outer loop
      vertex 0.126606 -0.799360 -0.374223
      vertex 0.250095 -0.769713 -0.374223
      vertex 0.268911 -0.827622 -0.399444
    endloop
  endfacet
  facet normal -0.089571 0.373091 -0.923461
    outer loop
      vertex 0.126606 -0.799360 -0.374223
      vertex 0.268911 -0.827622 -0.399444
      vertex 0.136131 -0.859499 -0.399444
    endloop
  endfacet
  facet normal -0.054656 0.227659 -0.972206
    outer loop
      vertex 0.136131 -0.859499 -0.399444
      vertex 0.268911 -0.827622 -0.399444
      vertex 0.288714 -0.888570 -0.414829
    endloop
  endfacet
  facet normal -0.054656 0.227659 -0.972206
    outer loop
      vertex 0.136131 -0.859499 -0.399444
      vertex 0.288714 -0.888570 -0.414829
      vertex 0.146156 -0.922795 -0.414829
    endloop
  endfacet
  facet normal -0.018372 0.076526 -0.996898
    outer loop
      vertex 0.146156 -0.922795 -0.414829
      vertex 0.288714 -0.888570 -0.414829
      vertex 0.309017 -0.951057 -0.420000
    endloop
  endfacet
  facet normal -0.018372 0.076526 -0.996898
    outer loop
      vertex 0.146156 -0.922795 -0.414829
      vertex 0.309017 -0.951057 -0.420000
      vertex 0.156434 -0.987688 -0.420000
    endloop
  endfacet
  facet normal 0.018372 -0.076526 -0.996898
    outer loop
      vertex 0.156434 -0.987688 -0.420000
      vertex 0.309017 -0.951057 -0.420000
      vertex 0.329320 -1.013543 -0.414829
    endloop
  endfacet
  facet normal 0.018372 -0.076526 -0.996898
    outer loop
      vertex 0.156434 -0.987688 -0.420000
      vertex 0.329320 -1.013543 -0.414829
      vertex 0.166713 -1.052582 -0.414829
    endloop
  endfacet
  facet normal 0.054656 -0.227659 -0.972206
    outer loop
      vertex 0.166713 -1.052582 -0.414829
      vertex 0.329320 -1.013543 -0.414829
      vertex 0.349123 -1.074491 -0.399444
    endloop
  endfacet
  facet normal 0.054656 -0.227659 -0.972206
    outer loop
      vertex 0.166713 -1.052582 -0.414829
      vertex 0.349123 -1.074491 -0.399444
      vertex 0.176738 -1.115878 -0.399444
    endloop
  endfacet
  facet normal 0.089571 -0.373091 -0.923461
    outer loop
      vertex 0.176738 -1.115878 -0.399444
      vertex 0.349123 -1.074491 -0.399444
      vertex 0.367939 -1.132400 -0.374223
    endloop
  endfacet
  facet normal 0.089571 -0.373091 -0.923461
    outer loop
      vertex 0.176738 -1.115878 -0.399444
      vertex 0.367939 -1.132400 -0.374223
      vertex 0.186263 -1.176017 -0.374223
    endloop
  endfacet
  facet normal 0.122249 -0.509203 -0.851920
    outer loop
      vertex 0.186263 -1.176017 -0.374223
      vertex 0.367939 -1.132400 -0.374223
      vertex 0.385304 -1.185844 -0.339787
    endloop
  endfacet
  facet normal 0.122249 -0.509203 -0.851920
    outer loop
      vertex 0.186263 -1.176017 -0.374223
      vertex 0.385304 -1.185844 -0.339787
      vertex 0.195053 -1.231519 -0.339787
    endloop
  endfacet
  facet normal 0.151881 -0.632631 -0.759415
    outer loop
      vertex 0.195053 -1.231519 -0.339787
      vertex 0.385304 -1.185844 -0.339787
      vertex 0.400790 -1.233506 -0.296985
    endloop
  endfacet
  facet normal 0.151881 -0.632631 -0.759415
    outer loop
      vertex 0.195053 -1.231519 -0.339787
      vertex 0.400790 -1.233506 -0.296985
      vertex 0.202893 -1.281017 -0.296985
    endloop
  endfacet
  facet normal 0.177744 -0.740358 -0.648288
    outer loop
      vertex 0.202893 -1.281017 -0.296985
      vertex 0.400790 -1.233506 -0.296985
      vertex 0.414017 -1.274213 -0.246870
    endloop
  endfacet
  facet normal 0.177744 -0.740358 -0.648288
    outer loop
      vertex 0.202893 -1.281017 -0.296985
      vertex 0.414017 -1.274213 -0.246870
      vertex 0.209589 -1.323292 -0.246870
    endloop
  endfacet
  facet normal 0.199212 -0.829779 -0.521326
    outer loop
      vertex 0.209589 -1.323292 -0.246870
      vertex 0.414017 -1.274213 -0.246870
      vertex 0.424658 -1.306963 -0.190676
    endloop
  endfacet
  facet normal 0.199212 -0.829779 -0.521326
    outer loop
      vertex 0.209589 -1.323292 -0.246870
      vertex 0.424658 -1.306963 -0.190676
      vertex 0.214976 -1.357304 -0.190676
    endloop
  endfacet
  facet normal 0.215773 -0.898758 -0.381676
    outer loop
      vertex 0.214976 -1.357304 -0.190676
      vertex 0.424658 -1.306963 -0.190676
      vertex 0.432452 -1.330950 -0.129787
    endloop
  endfacet
  facet normal 0.215773 -0.898758 -0.381676
    outer loop
      vertex 0.214976 -1.357304 -0.190676
      vertex 0.432452 -1.330950 -0.129787
      vertex 0.218921 -1.382214 -0.129787
    endloop
  endfacet
  facet normal 0.227033 -0.945662 -0.232765
    outer loop
      vertex 0.218921 -1.382214 -0.129787
      vertex 0.432452 -1.330950 -0.129787
      vertex 0.437206 -1.345582 -0.065702
    endloop
  endfacet
  facet normal 0.227033 -0.945662 -0.232765
    outer loop
      vertex 0.218921 -1.382214 -0.129787
      vertex 0.437206 -1.345582 -0.065702
      vertex 0.221328 -1.397410 -0.065702
    endloop
  endfacet
  facet normal 0.232730 -0.969391 -0.078219
    outer loop
      vertex 0.221328 -1.397410 -0.065702
      vertex 0.437206 -1.345582 -0.065702
      vertex 0.438804 -1.350500 -0.000000
    endloop
  endfacet
  facet normal 0.232730 -0.969391 -0.078219
    outer loop
      vertex 0.221328 -1.397410 -0.065702
      vertex 0.438804 -1.350500 -0.000000
      vertex 0.222137 -1.402517 -0.000000
    endloop
  endfacet
  facet normal 0.381511 -0.921049 0.078219
    outer loop
      vertex 0.438804 -1.350500 0.000000
      vertex 0.644667 -1.265229 0.000000
      vertex 0.642319 -1.260622 0.065702
    endloop
  endfacet
  facet normal 0.381511 -0.921049 0.078219
    outer loop
      vertex 0.438804 -1.350500 0.000000
      vertex 0.642319 -1.260622 0.065702
      vertex 0.437206 -1.345582 0.065702
    endloop
  endfacet
  facet normal 0.372172 -0.898503 0.232765
    outer loop
      vertex 0.437206 -1.345582 0.065702
      vertex 0.642319 -1.260622 0.065702
      vertex 0.635334 -1.246913 0.129787
    endloop
  endfacet
  facet normal 0.372172 -0.898503 0.232765
    outer loop
      vertex 0.437206 -1.345582 0.065702
      vertex 0.635334 -1.246913 0.129787
      vertex 0.432452 -1.330950 0.129787
    endloop
  endfacet
  facet normal 0.353713 -0.853938 0.381676
    outer loop
      vertex 0.432452 -1.330950 0.129787
      vertex 0.635334 -1.246913 0.129787
      vertex 0.623884 -1.224441 0.190676
    endloop
  endfacet
  facet normal 0.353713 -0.853938 0.381676
    outer loop
      vertex 0.432452 -1.330950 0.129787
      vertex 0.623884 -1.224441 0.190676
      vertex 0.424658 -1.306963 0.190676
    endloop
  endfacet
  facet normal 0.326566 -0.788400 0.521326
    outer loop
      vertex 0.424658 -1.306963 0.190676
      vertex 0.623884 -1.224441 0.190676
      vertex 0.608251 -1.193759 0.246870
    endloop
  endfacet
  facet normal 0.326566 -0.788400 0.521326
    outer loop
      vertex 0.424658 -1.306963 0.190676
      vertex 0.608251 -1.193759 0.246870
      vertex 0.414017 -1.274213 0.246870
    endloop
  endfacet
  facet normal 0.291373 -0.703437 0.648288
    outer loop
      vertex 0.414017 -1.274213 0.246870
      vertex 0.608251 -1.193759 0.246870
      vertex 0.588819 -1.155622 0.296985
    endloop
  endfacet
  facet normal 0.291373 -0.703437 0.648288
    outer loop
      vertex 0.414017 -1.274213 0.246870
      vertex 0.588819 -1.155622 0.296985
      vertex 0.400790 -1.233506 0.296985
    endloop
  endfacet
  facet normal 0.248977 -0.601082 0.759415
    outer loop
      vertex 0.400790 -1.233506 0.296985
      vertex 0.588819 -1.155622 0.296985
      vertex 0.566067 -1.110969 0.339787
    endloop
  endfacet
  facet normal 0.248977 -0.601082 0.759415
    outer loop
      vertex 0.400790 -1.233506 0.296985
      vertex 0.566067 -1.110969 0.339787
      vertex 0.385304 -1.185844 0.339787
    endloop
  endfacet
  facet normal 0.200400 -0.483810 0.851920
    outer loop
      vertex 0.385304 -1.185844 0.339787
      vertex 0.566067 -1.110969 0.339787
      vertex 0.540556 -1.060900 0.374223
    endloop
  endfacet
  facet normal 0.200400 -0.483810 0.851920
    outer loop
      vertex 0.385304 -1.185844 0.339787
      vertex 0.540556 -1.060900 0.374223
      vertex 0.367939 -1.132400 0.374223
    endloop
  endfacet
  facet normal 0.146833 -0.354486 0.923461
    outer loop
      vertex 0.367939 -1.132400 0.374223
      vertex 0.540556 -1.060900 0.374223
      vertex 0.512913 -1.006648 0.399444
    endloop
  endfacet
  facet normal 0.146833 -0.354486 0.923461
    outer loop
      vertex 0.367939 -1.132400 0.374223
      vertex 0.512913 -1.006648 0.399444
      vertex 0.349123 -1.074491 0.399444
    endloop
  endfacet
  facet normal 0.089597 -0.216306 0.972206
    outer loop
      vertex 0.349123 -1.074491 0.399444
      vertex 0.512913 -1.006648 0.399444
      vertex 0.483819 -0.949548 0.414829
    endloop
  endfacet
  facet normal 0.089597 -0.216306 0.972206
    outer loop
      vertex 0.349123 -1.074491 0.399444
      vertex 0.483819 -0.949548 0.414829
      vertex 0.329320 -1.013543 0.414829
    endloop
  endfacet
  facet normal 0.030117 -0.072710 0.996898
    outer loop
      vertex 0.329320 -1.013543 0.414829
      vertex 0.483819 -0.949548 0.414829
      vertex 0.453990 -0.891007 0.420000
    endloop
  endfacet
  facet normal 0.030117 -0.072710 0.996898
    outer loop
      vertex 0.329320 -1.013543 0.414829
      vertex 0.453990 -0.891007 0.420000
      vertex 0.309017 -0.951057 0.420000
    endloop
  endfacet
  facet normal -0.030117 0.072710 0.996898
    outer loop
      vertex 0.309017 -0.951057 0.420000
      vertex 0.453990 -0.891007 0.420000
      vertex 0.424162 -0.832465 0.414829
    endloop
  endfacet
  facet normal -0.030117 0.072710 0.996898
    outer loop
      vertex 0.309017 -0.951057 0.420000
      vertex 0.424162 -0.832465 0.414829
      vertex 0.288714 -0.888570 0.414829
    endloop
  endfacet
  facet normal -0.089597 0.216306 0.972206
    outer loop
      vertex 0.288714 -0.888570 0.414829
      vertex 0.424162 -0.832465 0.414829
      vertex 0.395068 -0.775365 0.399444
    endloop
  endfacet
  facet normal -0.089597 0.216306 0.972206
    outer loop
      vertex 0.288714 -0.888570 0.414829
      vertex 0.395068 -0.775365 0.399444
      vertex 0.268911 -0.827622 0.399444
    endloop
  endfacet
  facet normal -0.146833 0.354486 0.923461
    outer loop
      vertex 0.268911 -0.827622 0.399444
      vertex 0.395068 -0.775365 0.399444
      vertex 0.367425 -0.721113 0.374223
    endloop
  endfacet
  facet normal -0.146833 0.354486 0.923461
    outer loop
      vertex 0.268911 -0.827622 0.399444
      vertex 0.367425 -0.721113 0.374223
      vertex 0.250095 -0.769713 0.374223
    endloop
  endfacet
  facet normal -0.200400 0.483810 0.851920
    outer loop
      vertex 0.250095 -0.769713 0.374223
      vertex 0.367425 -0.721113 0.374223
      vertex 0.341914 -0.671044 0.339787
    endloop
  endfacet
  facet normal -0.200400 0.483810 0.851920
    outer loop
      vertex 0.250095 -0.769713 0.374223
      vertex 0.341914 -0.671044 0.339787
      vertex 0.232730 -0.716269 0.339787
    endloop
  endfacet
  facet normal -0.248977 0.601082 0.759415
    outer loop
      vertex 0.232730 -0.716269 0.339787
      vertex 0.341914 -0.671044 0.339787
      vertex 0.319162 -0.626391 0.296985
    endloop
  endfacet
  facet normal -0.248977 0.601082 0.759415
    outer loop
      vertex 0.232730 -0.716269 0.339787
      vertex 0.319162 -0.626391 0.296985
      vertex 0.217244 -0.668607 0.296985
    endloop
  endfacet
  facet normal -0.291373 0.703437 0.648288
    outer loop
      vertex 0.217244 -0.668607 0.296985
      vertex 0.319162 -0.626391 0.296985
      vertex 0.299730 -0.588254 0.246870
    endloop
  endfacet
  facet normal -0.291373 0.703437 0.648288
    outer loop
      vertex 0.217244 -0.668607 0.296985
      vertex 0.299730 -0.588254 0.246870
      vertex 0.204017 -0.627900 0.246870
    endloop
  endfacet
  facet normal -0.326566 0.788400 0.521326
    outer loop
      vertex 0.204017 -0.627900 0.246870
      vertex 0.299730 -0.588254 0.246870
      vertex 0.284097 -0.557572 0.190676
    endloop
  endfacet
  facet normal -0.326566 0.788400 0.521326
    outer loop
      vertex 0.204017 -0.627900 0.246870
      vertex 0.284097 -0.557572 0.190676
      vertex 0.193376 -0.595150 0.190676
    endloop
  endfacet
  facet normal -0.353713 0.853938 0.381676
    outer loop
      vertex 0.193376 -0.595150 0.190676
      vertex 0.284097 -0.557572 0.190676
      vertex 0.272647 -0.535100 0.129787
    endloop
  endfacet
  facet normal -0.353713 0.853938 0.381676
    outer loop
      vertex 0.193376 -0.595150 0.190676
      vertex 0.272647 -0.535100 0.129787
      vertex 0.185582 -0.571163 0.129787
    endloop
  endfacet
  facet normal -0.372172 0.898503 0.232765
    outer loop
      vertex 0.185582 -0.571163 0.129787
      vertex 0.272647 -0.535100 0.129787
      vertex 0.265662 -0.521391 0.065702
    endloop
  endfacet
  facet normal -0.372172 0.898503 0.232765
    outer loop
      vertex 0.185582 -0.571163 0.129787
      vertex 0.265662 -0.521391 0.065702
      vertex 0.180828 -0.556531 0.065702
    endloop
  endfacet
  facet normal -0.381511 0.921049 0.078219
    outer loop
      vertex 0.180828 -0.556531 0.065702
      vertex 0.265662 -0.521391 0.065702
      vertex 0.263314 -0.516784 0.000000
    endloop
  endfacet
  facet normal -0.381511 0.921049 0.078219
    outer loop
      vertex 0.180828 -0.556531 0.065702
      vertex 0.263314 -0.516784 0.000000
      vertex 0.179230 -0.551613 0.000000
    endloop
  endfacet
  facet normal -0.381511 0.921049 -0.078219
    outer loop
      vertex 0.179230 -0.551613 0.000000
      vertex 0.263314 -0.516784 0.000000
      vertex 0.265662 -0.521391 -0.065702
    endloop
  endfacet
  facet normal -0.381511 0.921049 -0.078219
    outer loop
      vertex 0.179230 -0.551613 0.000000
      vertex 0.265662 -0.521391 -0.065702
      vertex 0.180828 -0.556531 -0.065702
    endloop
  endfacet
  facet normal -0.372172 0.898503 -0.232765
    outer loop
      vertex 0.180828 -0.556531 -0.065702
      vertex 0.265662 -0.521391 -0.065702
      vertex 0.272647 -0.535100 -0.129787
    endloop
  endfacet
  facet normal -0.372172 0.898503 -0.232765
    outer loop
      vertex 0.180828 -0.556531 -0.065702
      vertex 0.272647 -0.535100 -0.129787
      vertex 0.185582 -0.571163 -0.129787
    endloop
  endfacet
  facet normal -0.353713 0.853938 -0.381676
    outer loop
      vertex 0.185582 -0.571163 -0.129787
      vertex 0.272647 -0.535100 -0.129787
      vertex 0.284097 -0.557572 -0.190676
    endloop
  endfacet
  facet normal -0.353713 0.853938 -0.381676
    outer loop
      vertex 0.185582 -0.571163 -0.129787
      vertex 0.284097 -0.557572 -0.190676
      vertex 0.193376 -0.595150 -0.190676
    endloop
  endfacet
  facet normal -0.326566 0.788400 -0.521326
    outer loop
      vertex 0.193376 -0.595150 -0.190676
      vertex 0.284097 -0.557572 -0.190676
      vertex 0.299730 -0.588254 -0.246870
    endloop
  endfacet
  facet normal -0.326566 0.788400 -0.521326
    outer loop
      vertex 0.193376 -0.595150 -0.190676
      vertex 0.299730 -0.588254 -0.246870
      vertex 0.204017 -0.627900 -0.246870
    endloop
  endfacet
  facet normal -0.291373 0.703437 -0.648288
    outer loop
      vertex 0.204017 -0.627900 -0.246870
      vertex 0.299730 -0.588254 -0.246870
      vertex 0.319162 -0.626391 -0.296985
    endloop
  endfacet
  facet normal -0.291373 0.703437 -0.648288
    outer loop
      vertex 0.204017 -0.627900 -0.246870
      vertex 0.319162 -0.626391 -0.296985
      vertex 0.217244 -0.668607 -0.296985
    endloop
  endfacet
  facet normal -0.248977 0.601082 -0.759415
    outer loop
      vertex 0.217244 -0.668607 -0.296985
      vertex 0.319162 -0.626391 -0.296985
      vertex 0.341914 -0.671044 -0.339787
    endloop
  endfacet
  facet normal -0.248977 0.601082 -0.759415
    outer loop
      vertex 0.217244 -0.668607 -0.296985
      vertex 0.341914 -0.671044 -0.339787
      vertex 0.232730 -0.716269 -0.339787
    endloop
  endfacet
  facet normal -0.200400 0.483810 -0.851920
    outer loop
      vertex 0.232730 -0.716269 -0.339787
      vertex 0.341914 -0.671044 -0.339787
      vertex 0.367425 -0.721113 -0.374223
    endloop
  endfacet
  facet normal -0.200400 0.483810 -0.851920
    outer loop
      vertex 0.232730 -0.716269 -0.339787
      vertex 0.367425 -0.721113 -0.374223
      vertex 0.250095 -0.769713 -0.374223
    endloop
  endfacet
  facet normal -0.146833 0.354486 -0.923461
    outer loop
      vertex 0.250095 -0.769713 -0.374223
      vertex 0.367425 -0.721113 -0.374223
      vertex 0.395068 -0.775365 -0.399444
    endloop
  endfacet
  facet normal -0.146833 0.354486 -0.923461
    outer loop
      vertex 0.250095 -0.769713 -0.374223
      vertex 0.395068 -0.775365 -0.399444
      vertex 0.268911 -0.827622 -0.399444
    endloop
  endfacet
  facet normal -0.089597 0.216306 -0.972206
    outer loop
      vertex 0.268911 -0.827622 -0.399444
      vertex 0.395068 -0.775365 -0.399444
      vertex 0.424162 -0.832465 -0.414829
    endloop
  endfacet
  facet normal -0.089597 0.216306 -0.972206
    outer loop
      vertex 0.268911 -0.827622 -0.399444
      vertex 0.424162 -0.832465 -0.414829
      vertex 0.288714 -0.888570 -0.414829
    endloop
  endfacet
  facet normal -0.030117 0.072710 -0.996898
    outer loop
      vertex 0.288714 -0.888570 -0.414829
      vertex 0.424162 -0.832465 -0.414829
      vertex 0.453990 -0.891007 -0.420000
    endloop
  endfacet
  facet normal -0.030117 0.072710 -0.996898
    outer loop
      vertex 0.288714 -0.888570 -0.414829
      vertex 0.453990 -0.891007 -0.420000
      vertex 0.309017 -0.951057 -0.420000
    endloop
  endfacet
  facet normal 0.030117 -0.072710 -0.996898
    outer loop
      vertex 0.309017 -0.951057 -0.420000
      vertex 0.453990 -0.891007 -0.420000
      vertex 0.483819 -0.949548 -0.414829
    endloop
  endfacet
  facet normal 0.030117 -0.072710 -0.996898
    outer loop
      vertex 0.309017 -0.951057 -0.420000
      vertex 0.483819 -0.949548 -0.414829
      vertex 0.329320 -1.013543 -0.414829
    endloop
  endfacet
  facet normal 0.089597 -0.216306 -0.972206
    outer loop
      vertex 0.329320 -1.013543 -0.414829
      vertex 0.483819 -0.949548 -0.414829
      vertex 0.512913 -1.006648 -0.399444
    endloop
  endfacet
  facet normal 0.089597 -0.216306 -0.972206
    outer loop
      vertex 0.329320 -1.013543 -0.414829
      vertex 0.512913 -1.006648 -0.399444
      vertex 0.349123 -1.074491 -0.399444
    endloop
  endfacet
  facet normal 0.146833 -0.354486 -0.923461
    outer loop
      vertex 0.349123 -1.074491 -0.399444
      vertex 0.512913 -1.006648 -0.399444
      vertex 0.540556 -1.060900 -0.374223
    endloop
  endfacet
  facet normal 0.146833 -0.354486 -0.923461
    outer loop
      vertex 0.349123 -1.074491 -0.399444
      vertex 0.540556 -1.060900 -0.374223
      vertex 0.367939 -1.132400 -0.374223
    endloop
  endfacet
  facet normal 0.200400 -0.483810 -0.851920
    outer loop
      vertex 0.367939 -1.132400 -0.374223
      vertex 0.540556 -1.060900 -0.374223
      vertex 0.566067 -1.110969 -0.339787
    endloop
  endfacet
  facet normal 0.200400 -0.483810 -0.851920
    outer loop
      vertex 0.367939 -1.132400 -0.374223
      vertex 0.566067 -1.110969 -0.339787
      vertex 0.385304 -1.185844 -0.339787
    endloop
  endfacet
  facet normal 0.248977 -0.601082 -0.759415
    outer loop
      vertex 0.385304 -1.185844 -0.339787
      vertex 0.566067 -1.110969 -0.339787
      vertex 0.588819 -1.155622 -0.296985
    endloop
  endfacet
  facet normal 0.248977 -0.601082 -0.759415
    outer loop
      vertex 0.385304 -1.185844 -0.339787
      vertex 0.588819 -1.155622 -0.296985
      vertex 0.400790 -1.233506 -0.296985
    endloop
  endfacet
  facet normal 0.291373 -0.703437 -0.648288
    outer loop
      vertex 0.400790 -1.233506 -0.296985
      vertex 0.588819 -1.155622 -0.296985
      vertex 0.608251 -1.193759 -0.246870
    endloop
  endfacet
  facet normal 0.291373 -0.703437 -0.648288
    outer loop
      vertex 0.400790 -1.233506 -0.296985
      vertex 0.608251 -1.193759 -0.246870
      vertex 0.414017 -1.274213 -0.246870
    endloop
  endfacet
  facet normal 0.326566 -0.788400 -0.521326
    outer loop
      vertex 0.414017 -1.274213 -0.246870
      vertex 0.608251 -1.193759 -0.246870
      vertex 0.623884 -1.224441 -0.190676
    endloop
  endfacet
  facet normal 0.326566 -0.788400 -0.521326
    outer loop
      vertex 0.414017 -1.274213 -0.246870
      vertex 0.623884 -1.224441 -0.190676
      vertex 0.424658 -1.306963 -0.190676
    endloop
  endfacet
  facet normal 0.353713 -0.853938 -0.381676
    outer loop
      vertex 0.424658 -1.306963 -0.190676
      vertex 0.623884 -1.224441 -0.190676
      vertex 0.635334 -1.246913 -0.129787
    endloop
  endfacet
  facet normal 0.353713 -0.853938 -0.381676
    outer loop
      vertex 0.424658 -1.306963 -0.190676
      vertex 0.635334 -1.246913 -0.129787
      vertex 0.432452 -1.330950 -0.129787
    endloop
  endfacet
  facet normal 0.372172 -0.898503 -0.232765
    outer loop
      vertex 0.432452 -1.330950 -0.129787
      vertex 0.635334 -1.246913 -0.129787
      vertex 0.642319 -1.260622 -0.065702
    endloop
  endfacet
  facet normal 0.372172 -0.898503 -0.232765
    outer loop
      vertex 0.432452 -1.330950 -0.129787
      vertex 0.642319 -1.260622 -0.065702
      vertex 0.437206 -1.345582 -0.065702
    endloop
  endfacet
  facet normal 0.381511 -0.921049 -0.078219
    outer loop
      vertex 0.437206 -1.345582 -0.065702
      vertex 0.642319 -1.260622 -0.065702
      vertex 0.644667 -1.265229 -0.000000
    endloop
  endfacet
  facet normal 0.381511 -0.921049 -0.078219
    outer loop
      vertex 0.437206 -1.345582 -0.065702
      vertex 0.644667 -1.265229 -0.000000
      vertex 0.438804 -1.350500 -0.000000
    endloop
  endfacet
  facet normal 0.520898 -0.850028 0.078219
    outer loop
      vertex 0.644667 -1.265229 0.000000
      vertex 0.834655 -1.148804 0.000000
      vertex 0.831616 -1.144621 0.065702
    endloop
  endfacet
  facet normal 0.520898 -0.850028 0.078219
    outer loop
      vertex 0.644667 -1.265229 0.000000
      vertex 0.831616 -1.144621 0.065702
      vertex 0.642319 -1.260622 0.065702
    endloop
  endfacet
  facet normal 0.508147 -0.829221 0.232765
    outer loop
      vertex 0.642319 -1.260622 0.065702
      vertex 0.831616 -1.144621 0.065702
      vertex 0.822572 -1.132174 0.129787
    endloop
  endfacet
  facet normal 0.508147 -0.829221 0.232765
    outer loop
      vertex 0.642319 -1.260622 0.065702
      vertex 0.822572 -1.132174 0.129787
      vertex 0.635334 -1.246913 0.129787
    endloop
  endfacet
  facet normal 0.482943 -0.788092 0.381676
    outer loop
      vertex 0.635334 -1.246913 0.129787
      vertex 0.822572 -1.132174 0.129787
      vertex 0.807748 -1.111770 0.190676
    endloop
  endfacet
  facet normal 0.482943 -0.788092 0.381676
    outer loop
      vertex 0.635334 -1.246913 0.129787
      vertex 0.807748 -1.111770 0.190676
      vertex 0.623884 -1.224441 0.190676
    endloop
  endfacet
  facet normal 0.445878 -0.727607 0.521326
    outer loop
      vertex 0.623884 -1.224441 0.190676
      vertex 0.807748 -1.111770 0.190676
      vertex 0.787507 -1.083911 0.246870
    endloop
  endfacet
  facet normal 0.445878 -0.727607 0.521326
    outer loop
      vertex 0.623884 -1.224441 0.190676
      vertex 0.787507 -1.083911 0.246870
      vertex 0.608251 -1.193759 0.246870
    endloop
  endfacet
  facet normal 0.397828 -0.649196 0.648288
    outer loop
      vertex 0.608251 -1.193759 0.246870
      vertex 0.787507 -1.083911 0.246870
      vertex 0.762349 -1.049283 0.296985
    endloop
  endfacet
  facet normal 0.397828 -0.649196 0.648288
    outer loop
      vertex 0.608251 -1.193759 0.246870
      vertex 0.762349 -1.049283 0.296985
      vertex 0.588819 -1.155622 0.296985
    endloop
  endfacet
  facet normal 0.339941 -0.554734 0.759415
    outer loop
      vertex 0.588819 -1.155622 0.296985
      vertex 0.762349 -1.049283 0.296985
      vertex 0.732892 -1.008739 0.339787
    endloop
  endfacet
  facet normal 0.339941 -0.554734 0.759415
    outer loop
      vertex 0.588819 -1.155622 0.296985
      vertex 0.732892 -1.008739 0.339787
      vertex 0.566067 -1.110969 0.339787
    endloop
  endfacet
  facet normal 0.273618 -0.446503 0.851920
    outer loop
      vertex 0.566067 -1.110969 0.339787
      vertex 0.732892 -1.008739 0.339787
      vertex 0.699862 -0.963277 0.374223
    endloop
  endfacet
  facet normal 0.273618 -0.446503 0.851920
    outer loop
      vertex 0.566067 -1.110969 0.339787
      vertex 0.699862 -0.963277 0.374223
      vertex 0.540556 -1.060900 0.374223
    endloop
  endfacet
  facet normal 0.200479 -0.327152 0.923461
    outer loop
      vertex 0.540556 -1.060900 0.374223
      vertex 0.699862 -0.963277 0.374223
      vertex 0.664072 -0.914017 0.399444
    endloop
  endfacet
  facet normal 0.200479 -0.327152 0.923461
    outer loop
      vertex 0.540556 -1.060900 0.374223
      vertex 0.664072 -0.914017 0.399444
      vertex 0.512913 -1.006648 0.399444
    endloop
  endfacet
  facet normal 0.122331 -0.199627 0.972206
    outer loop
      vertex 0.512913 -1.006648 0.399444
      vertex 0.664072 -0.914017 0.399444
      vertex 0.626404 -0.862171 0.414829
    endloop
  endfacet
  facet normal 0.122331 -0.199627 0.972206
    outer loop
      vertex 0.512913 -1.006648 0.399444
      vertex 0.626404 -0.862171 0.414829
      vertex 0.483819 -0.949548 0.414829
    endloop
  endfacet
  facet normal 0.041121 -0.067103 0.996898
    outer loop
      vertex 0.483819 -0.949548 0.414829
      vertex 0.626404 -0.862171 0.414829
      vertex 0.587785 -0.809017 0.420000
    endloop
  endfacet
  facet normal 0.041121 -0.067103 0.996898
    outer loop
      vertex 0.483819 -0.949548 0.414829
      vertex 0.587785 -0.809017 0.420000
      vertex 0.453990 -0.891007 0.420000
    endloop
  endfacet
  facet normal -0.041121 0.067103 0.996898
    outer loop
      vertex 0.453990 -0.891007 0.420000
      vertex 0.587785 -0.809017 0.420000
      vertex 0.549166 -0.755863 0.414829
    endloop
  endfacet
  facet normal -0.041121 0.067103 0.996898
    outer loop
      vertex 0.453990 -0.891007 0.420000
      vertex 0.549166 -0.755863 0.414829
      vertex 0.424162 -0.832465 0.414829
    endloop
  endfacet
  facet normal -0.122331 0.199627 0.972206
    outer loop
      vertex 0.424162 -0.832465 0.414829
      vertex 0.549166 -0.755863 0.414829
      vertex 0.511498 -0.704017 0.399444
    endloop
  endfacet
  facet normal -0.122331 0.199627 0.972206
    outer loop
      vertex 0.424162 -0.832465 0.414829
      vertex 0.511498 -0.704017 0.399444
      vertex 0.395068 -0.775365 0.399444
    endloop
  endfacet
  facet normal -0.200479 0.327152 0.923461
    outer loop
      vertex 0.395068 -0.775365 0.399444
      vertex 0.511498 -0.704017 0.399444
      vertex 0.475709 -0.654757 0.374223
    endloop
  endfacet
  facet normal -0.200479 0.327152 0.923461
    outer loop
      vertex 0.395068 -0.775365 0.399444
      vertex 0.475709 -0.654757 0.374223
      vertex 0.367425 -0.721113 0.374223
    endloop
  endfacet
  facet normal -0.273618 0.446503 0.851920
    outer loop
      vertex 0.367425 -0.721113 0.374223
      vertex 0.475709 -0.654757 0.374223
      vertex 0.442679 -0.609295 0.339787
    endloop
  endfacet
  facet normal -0.273618 0.446503 0.851920
    outer loop
      vertex 0.367425 -0.721113 0.374223
      vertex 0.442679 -0.609295 0.339787
      vertex 0.341914 -0.671044 0.339787
    endloop
  endfacet
  facet normal -0.339941 0.554734 0.759415
    outer loop
      vertex 0.341914 -0.671044 0.339787
      vertex 0.442679 -0.609295 0.339787
      vertex 0.413222 -0.568751 0.296985
    endloop
  endfacet
  facet normal -0.339941 0.554734 0.759415
    outer loop
      vertex 0.341914 -0.671044 0.339787
      vertex 0.413222 -0.568751 0.296985
      vertex 0.319162 -0.626391 0.296985
    endloop
  endfacet
  facet normal -0.397828 0.649196 0.648288
    outer loop
      vertex 0.319162 -0.626391 0.296985
      vertex 0.413222 -0.568751 0.296985
      vertex 0.388063 -0.534123 0.246870
    endloop
  endfacet
  facet normal -0.397828 0.649196 0.648288
    outer loop
      vertex 0.319162 -0.626391 0.296985
      vertex 0.388063 -0.534123 0.246870
      vertex 0.299730 -0.588254 0.246870
    endloop
  endfacet
  facet normal -0.445878 0.727607 0.521326
    outer loop
      vertex 0.299730 -0.588254 0.246870
      vertex 0.388063 -0.534123 0.246870
      vertex 0.367823 -0.506264 0.190676
    endloop
  endfacet
  facet normal -0.445878 0.727607 0.521326
    outer loop
      vertex 0.299730 -0.588254 0.246870
      vertex 0.367823 -0.506264 0.190676
      vertex 0.284097 -0.557572 0.190676
    endloop
  endfacet
  facet normal -0.482943 0.788092 0.381676
    outer loop
      vertex 0.284097 -0.557572 0.190676
      vertex 0.367823 -0.506264 0.190676
      vertex 0.352998 -0.485860 0.129787
    endloop
  endfacet
  facet normal -0.482943 0.788092 0.381676
    outer loop
      vertex 0.284097 -0.557572 0.190676
      vertex 0.352998 -0.485860 0.129787
      vertex 0.272647 -0.535100 0.129787
    endloop
  endfacet
  facet normal -0.508147 0.829221 0.232765
    outer loop
      vertex 0.272647 -0.535100 0.129787
      vertex 0.352998 -0.485860 0.129787
      vertex 0.343955 -0.473413 0.065702
    endloop
  endfacet
  facet normal -0.508147 0.829221 0.232765
    outer loop
      vertex 0.272647 -0.535100 0.129787
      vertex 0.343955 -0.473413 0.065702
      vertex 0.265662 -0.521391 0.065702
    endloop
  endfacet
  facet normal -0.520898 0.850028 0.078219
    outer loop
      vertex 0.265662 -0.521391 0.065702
      vertex 0.343955 -0.473413 0.065702
      vertex 0.340915 -0.469230 0.000000
    endloop
  endfacet
  facet normal -0.520898 0.850028 0.078219
    outer loop
      vertex 0.265662 -0.521391 0.065702
      vertex 0.340915 -0.469230 0.000000
      vertex 0.263314 -0.516784 0.000000
    endloop
  endfacet
  facet normal -0.520898 0.850028 -0.078219
    outer loop
      vertex 0.263314 -0.516784 0.000000
      vertex 0.340915 -0.469230 0.000000
      vertex 0.343955 -0.473413 -0.065702
    endloop
  endfacet
  facet normal -0.520898 0.850028 -0.078219
    outer loop
      vertex 0.263314 -0.516784 0.000000
      vertex 0.343955 -0.473413 -0.065702
      vertex 0.265662 -0.521391 -0.065702
    endloop
  endfacet
  facet normal -0.508147 0.829221 -0.232765
    outer loop
      vertex 0.265662 -0.521391 -0.065702
      vertex 0.343955 -0.473413 -0.065702
      vertex 0.352998 -0.485860 -0.129787
    endloop
  endfacet
  facet normal -0.508147 0.829221 -0.232765
    outer loop
      vertex 0.265662 -0.521391 -0.065702
      vertex 0.352998 -0.485860 -0.129787
      vertex 0.272647 -0.535100 -0.129787
    endloop
  endfacet
  facet normal -0.482943 0.788092 -0.381676
    outer loop
      vertex 0.272647 -0.535100 -0.129787
      vertex 0.352998 -0.485860 -0.129787
      vertex 0.367823 -0.506264 -0.190676
    endloop
  endfacet
  facet normal -0.482943 0.788092 -0.381676
    outer loop
      vertex 0.272647 -0.535100 -0.129787
      vertex 0.367823 -0.506264 -0.190676
      vertex 0.284097 -0.557572 -0.190676
    endloop
  endfacet
  facet normal -0.445878 0.727607 -0.521326
    outer loop
      vertex 0.284097 -0.557572 -0.190676
      vertex 0.367823 -0.506264 -0.190676
      vertex 0.388063 -0.534123 -0.246870
    endloop
  endfacet
  facet normal -0.445878 0.727607 -0.521326
    outer loop
      vertex 0.284097 -0.557572 -0.190676
      vertex 0.388063 -0.534123 -0.246870
      vertex 0.299730 -0.588254 -0.246870
    endloop
  endfacet
  facet normal -0.397828 0.649196 -0.648288
    outer loop
      vertex 0.299730 -0.588254 -0.246870
      vertex 0.388063 -0.534123 -0.246870
      vertex 0.413222 -0.568751 -0.296985
    endloop
  endfacet
  facet normal -0.397828 0.649196 -0.648288
    outer loop
      vertex 0.299730 -0.588254 -0.246870
      vertex 0.413222 -0.568751 -0.296985
      vertex 0.319162 -0.626391 -0.296985
    endloop
  endfacet
  facet normal -0.339941 0.554734 -0.759415
    outer loop
      vertex 0.319162 -0.626391 -0.296985
      vertex 0.413222 -0.568751 -0.296985
      vertex 0.442679 -0.609295 -0.339787
    endloop
  endfacet
  facet normal -0.339941 0.554734 -0.759415
    outer loop
      vertex 0.319162 -0.626391 -0.296985
      vertex 0.442679 -0.609295 -0.339787
      vertex 0.341914 -0.671044 -0.339787
    endloop
  endfacet
  facet normal -0.273618 0.446503 -0.851920
    outer loop
      vertex 0.341914 -0.671044 -0.339787
      vertex 0.442679 -0.609295 -0.339787
      vertex 0.475709 -0.654757 -0.374223
    endloop
  endfacet
  facet normal -0.273618 0.446503 -0.851920
    outer loop
      vertex 0.341914 -0.671044 -0.339787
      vertex 0.475709 -0.654757 -0.374223
      vertex 0.367425 -0.721113 -0.374223
    endloop
  endfacet
  facet normal -0.200479 0.327152 -0.923461
    outer loop
      vertex 0.367425 -0.721113 -0.374223
      vertex 0.475709 -0.654757 -0.374223
      vertex 0.511498 -0.704017 -0.399444
    endloop
  endfacet
  facet normal -0.200479 0.327152 -0.923461
    outer loop
      vertex 0.367425 -0.721113 -0.374223
      vertex 0.511498 -0.704017 -0.399444
      vertex 0.395068 -0.775365 -0.399444
    endloop
  endfacet
  facet normal -0.122331 0.199627 -0.972206
    outer loop
      vertex 0.395068 -0.775365 -0.399444
      vertex 0.511498 -0.704017 -0.399444
      vertex 0.549166 -0.755863 -0.414829
    endloop
  endfacet
  facet normal -0.122331 0.199627 -0.972206
    outer loop
      vertex 0.395068 -0.775365 -0.399444
      vertex 0.549166 -0.755863 -0.414829
      vertex 0.424162 -0.832465 -0.414829
    endloop
  endfacet
  facet normal -0.041121 0.067103 -0.996898
    outer loop
      vertex 0.424162 -0.832465 -0.414829
      vertex 0.549166 -0.755863 -0.414829
      vertex 0.587785 -0.809017 -0.420000
    endloop
  endfacet
  facet normal -0.041121 0.067103 -0.996898
    outer loop
      vertex 0.424162 -0.832465 -0.414829
      vertex 0.587785 -0.809017 -0.420000
      vertex 0.453990 -0.891007 -0.420000
    endloop
  endfacet
  facet normal 0.041121 -0.067103 -0.996898
    outer loop
      vertex 0.453990 -0.891007 -0.420000
      vertex 0.587785 -0.809017 -0.420000
      vertex 0.626404 -0.862171 -0.414829
    endloop
  endfacet
  facet normal 0.041121 -0.067103 -0.996898
    outer loop
      vertex 0.453990 -0.891007 -0.420000
      vertex 0.626404 -0.862171 -0.414829
      vertex 0.483819 -0.949548 -0.414829
    endloop
  endfacet
  facet normal 0.122331 -0.199627 -0.972206
    outer loop
      vertex 0.483819 -0.949548 -0.414829
      vertex 0.626404 -0.862171 -0.414829
      vertex 0.664072 -0.914017 -0.399444
    endloop
  endfacet
  facet normal 0.122331 -0.199627 -0.972206
    outer loop
      vertex 0.483819 -0.949548 -0.414829
      vertex 0.664072 -0.914017 -0.399444
      vertex 0.512913 -1.006648 -0.399444
    endloop
  endfacet
  facet normal 0.200479 -0.327152 -0.923461
    outer loop
      vertex 0.512913 -1.006648 -0.399444
      vertex 0.664072 -0.914017 -0.399444
      vertex 0.699862 -0.963277 -0.374223
    endloop
  endfacet
  facet normal 0.200479 -0.327152 -0.923461
    outer loop
      vertex 0.512913 -1.006648 -0.399444
      vertex 0.699862 -0.963277 -0.374223
      vertex 0.540556 -1.060900 -0.374223
    endloop
  endfacet
  facet normal 0.273618 -0.446503 -0.851920
    outer loop
      vertex 0.540556 -1.060900 -0.374223
      vertex 0.699862 -0.963277 -0.374223
      vertex 0.732892 -1.008739 -0.339787
    endloop
  endfacet
  facet normal 0.273618 -0.446503 -0.851920
    outer loop
      vertex 0.540556 -1.060900 -0.374223
      vertex 0.732892 -1.008739 -0.339787
      vertex 0.566067 -1.110969 -0.339787
    endloop
  endfacet
  facet normal 0.339941 -0.554734 -0.759415
    outer loop
      vertex 0.566067 -1.110969 -0.339787
      vertex 0.732892 -1.008739 -0.339787
      vertex 0.762349 -1.049283 -0.296985
    endloop
  endfacet
  facet normal 0.339941 -0.554734 -0.759415
    outer loop
      vertex 0.566067 -1.110969 -0.339787
      vertex 0.762349 -1.049283 -0.296985
      vertex 0.588819 -1.155622 -0.296985
    endloop
  endfacet
  facet normal 0.397828 -0.649196 -0.648288
    outer loop
      vertex 0.588819 -1.155622 -0.296985
      vertex 0.762349 -1.049283 -0.296985
      vertex 0.787507 -1.083911 -0.246870
    endloop
  endfacet
  facet normal 0.397828 -0.649196 -0.648288
    outer loop
      vertex 0.588819 -1.155622 -0.296985
      vertex 0.787507 -1.083911 -0.246870
      vertex 0.608251 -1.193759 -0.246870
    endloop
  endfacet
  facet normal 0.445878 -0.727607 -0.521326
    outer loop
      vertex 0.608251 -1.193759 -0.246870
      vertex 0.787507 -1.083911 -0.246870
      vertex 0.807748 -1.111770 -0.190676
    endloop
  endfacet
  facet normal 0.445878 -0.727607 -0.521326
    outer loop
      vertex 0.608251 -1.193759 -0.246870
      vertex 0.807748 -1.111770 -0.190676
      vertex 0.623884 -1.224441 -0.190676
    endloop
  endfacet
  facet normal 0.482943 -0.788092 -0.381676
    outer loop
      vertex 0.623884 -1.224441 -0.190676
      vertex 0.807748 -1.111770 -0.190676
      vertex 0.822572 -1.132174 -0.129787
    endloop
  endfacet
  facet normal 0.482943 -0.788092 -0.381676
    outer loop
      vertex 0.623884 -1.224441 -0.190676
      vertex 0.822572 -1.132174 -0.129787
      vertex 0.635334 -1.246913 -0.129787
    endloop
  endfacet
  facet normal 0.508147 -0.829221 -0.232765
    outer loop
      vertex 0.635334 -1.246913 -0.129787
      vertex 0.822572 -1.132174 -0.129787
      vertex 0.831616 -1.144621 -0.065702
    endloop
  endfacet
  facet normal 0.508147 -0.829221 -0.232765
    outer loop
      vertex 0.635334 -1.246913 -0.129787
      vertex 0.831616 -1.144621 -0.065702
      vertex 0.642319 -1.260622 -0.065702
    endloop
  endfacet
  facet normal 0.520898 -0.850028 -0.078219
    outer loop
      vertex 0.642319 -1.260622 -0.065702
      vertex 0.831616 -1.144621 -0.065702
      vertex 0.834655 -1.148804 -0.000000
    endloop
  endfacet
  facet normal 0.520898 -0.850028 -0.078219
    outer loop
      vertex 0.642319 -1.260622 -0.065702
      vertex 0.834655 -1.148804 -0.000000
      vertex 0.644667 -1.265229 -0.000000
    endloop
  endfacet
  facet normal 0.647458 -0.758076 0.078219
    outer loop
      vertex 0.834655 -1.148804 0.000000
      vertex 1.004092 -1.004092 0.000000
      vertex 1.000435 -1.000435 0.065702
    endloop
  endfacet
  facet normal 0.647458 -0.758076 0.078219
    outer loop
      vertex 0.834655 -1.148804 0.000000
      vertex 1.000435 -1.000435 0.065702
      vertex 0.831616 -1.144621 0.065702
    endloop
  endfacet
  facet normal 0.631610 -0.739520 0.232765
    outer loop
      vertex 0.831616 -1.144621 0.065702
      vertex 1.000435 -1.000435 0.065702
      vertex 0.989556 -0.989556 0.129787
    endloop
  endfacet
  facet normal 0.631610 -0.739520 0.232765
    outer loop
      vertex 0.831616 -1.144621 0.065702
      vertex 0.989556 -0.989556 0.129787
      vertex 0.822572 -1.132174 0.129787
    endloop
  endfacet
  facet normal 0.600282 -0.702840 0.381676
    outer loop
      vertex 0.822572 -1.132174 0.129787
      vertex 0.989556 -0.989556 0.129787
      vertex 0.971722 -0.971722 0.190676
    endloop
  endfacet
  facet normal 0.600282 -0.702840 0.381676
    outer loop
      vertex 0.822572 -1.132174 0.129787
      vertex 0.971722 -0.971722 0.190676
      vertex 0.807748 -1.111770 0.190676
    endloop
  endfacet
  facet normal 0.554211 -0.648898 0.521326
    outer loop
      vertex 0.807748 -1.111770 0.190676
      vertex 0.971722 -0.971722 0.190676
      vertex 0.947373 -0.947373 0.246870
    endloop
  endfacet
  facet normal 0.554211 -0.648898 0.521326
    outer loop
      vertex 0.807748 -1.111770 0.190676
      vertex 0.947373 -0.947373 0.246870
      vertex 0.787507 -1.083911 0.246870
    endloop
  endfacet
  facet normal 0.494487 -0.578969 0.648288
    outer loop
      vertex 0.787507 -1.083911 0.246870
      vertex 0.947373 -0.947373 0.246870
      vertex 0.917107 -0.917107 0.296985
    endloop
  endfacet
  facet normal 0.494487 -0.578969 0.648288
    outer loop
      vertex 0.787507 -1.083911 0.246870
      vertex 0.917107 -0.917107 0.296985
      vertex 0.762349 -1.049283 0.296985
    endloop
  endfacet
  facet normal 0.422535 -0.494725 0.759415
    outer loop
      vertex 0.762349 -1.049283 0.296985
      vertex 0.917107 -0.917107 0.296985
      vertex 0.881670 -0.881670 0.339787
    endloop
  endfacet
  facet normal 0.422535 -0.494725 0.759415
    outer loop
      vertex 0.762349 -1.049283 0.296985
      vertex 0.881670 -0.881670 0.339787
      vertex 0.732892 -1.008739 0.339787
    endloop
  endfacet
  facet normal 0.340098 -0.398203 0.851920
    outer loop
      vertex 0.732892 -1.008739 0.339787
      vertex 0.881670 -0.881670 0.339787
      vertex 0.841935 -0.841935 0.374223
    endloop
  endfacet
  facet normal 0.340098 -0.398203 0.851920
    outer loop
      vertex 0.732892 -1.008739 0.339787
      vertex 0.841935 -0.841935 0.374223
      vertex 0.699862 -0.963277 0.374223
    endloop
  endfacet
  facet normal 0.249189 -0.291762 0.923461
    outer loop
      vertex 0.699862 -0.963277 0.374223
      vertex 0.841935 -0.841935 0.374223
      vertex 0.798880 -0.798880 0.399444
    endloop
  endfacet
  facet normal 0.249189 -0.291762 0.923461
    outer loop
      vertex 0.699862 -0.963277 0.374223
      vertex 0.798880 -0.798880 0.399444
      vertex 0.664072 -0.914017 0.399444
    endloop
  endfacet
  facet normal 0.152054 -0.178032 0.972206
    outer loop
      vertex 0.664072 -0.914017 0.399444
      vertex 0.798880 -0.798880 0.399444
      vertex 0.753565 -0.753565 0.414829
    endloop
  endfacet
  facet normal 0.152054 -0.178032 0.972206
    outer loop
      vertex 0.664072 -0.914017 0.399444
      vertex 0.753565 -0.753565 0.414829
      vertex 0.626404 -0.862171 0.414829
    endloop
  endfacet
  facet normal 0.051112 -0.059844 0.996898
    outer loop
      vertex 0.626404 -0.862171 0.414829
      vertex 0.753565 -0.753565 0.414829
      vertex 0.707107 -0.707107 0.420000
    endloop
  endfacet
  facet normal 0.051112 -0.059844 0.996898
    outer loop
      vertex 0.626404 -0.862171 0.414829
      vertex 0.707107 -0.707107 0.420000
      vertex 0.587785 -0.809017 0.420000
    endloop
  endfacet
  facet normal -0.051112 0.059844 0.996898
    outer loop
      vertex 0.587785 -0.809017 0.420000
      vertex 0.707107 -0.707107 0.420000
      vertex 0.660648 -0.660648 0.414829
    endloop
  endfacet
  facet normal -0.051112 0.059844 0.996898
    outer loop
      vertex 0.587785 -0.809017 0.420000
      vertex 0.660648 -0.660648 0.414829
      vertex 0.549166 -0.755863 0.414829
    endloop
  endfacet
  facet normal -0.152054 0.178032 0.972206
    outer loop
      vertex 0.549166 -0.755863 0.414829
      vertex 0.660648 -0.660648 0.414829
      vertex 0.615333 -0.615333 0.399444
    endloop
  endfacet
  facet normal -0.152054 0.178032 0.972206
    outer loop
      vertex 0.549166 -0.755863 0.414829
      vertex 0.615333 -0.615333 0.399444
      vertex 0.511498 -0.704017 0.399444
    endloop
  endfacet
  facet normal -0.249189 0.291762 0.923461
    outer loop
      vertex 0.511498 -0.704017 0.399444
      vertex 0.615333 -0.615333 0.399444
      vertex 0.572278 -0.572278 0.374223
    endloop
  endfacet
  facet normal -0.249189 0.291762 0.923461
    outer loop
      vertex 0.511498 -0.704017 0.399444
      vertex 0.572278 -0.572278 0.374223
      vertex 0.475709 -0.654757 0.374223
    endloop
  endfacet
  facet normal -0.340098 0.398203 0.851920
    outer loop
      vertex 0.475709 -0.654757 0.374223
      vertex 0.572278 -0.572278 0.374223
      vertex 0.532543 -0.532543 0.339787
    endloop
  endfacet
  facet normal -0.340098 0.398203 0.851920
    outer loop
      vertex 0.475709 -0.654757 0.374223
      vertex 0.532543 -0.532543 0.339787
      vertex 0.442679 -0.609295 0.339787
    endloop
  endfacet
  facet normal -0.422535 0.494725 0.759415
    outer loop
      vertex 0.442679 -0.609295 0.339787
      vertex 0.532543 -0.532543 0.339787
      vertex 0.497107 -0.497107 0.296985
    endloop
  endfacet
  facet normal -0.422535 0.494725 0.759415
    outer loop
      vertex 0.442679 -0.609295 0.339787
      vertex 0.497107 -0.497107 0.296985
      vertex 0.413222 -0.568751 0.296985
    endloop
  endfacet
  facet normal -0.494487 0.578969 0.648288
    outer loop
      vertex 0.413222 -0.568751 0.296985
      vertex 0.497107 -0.497107 0.296985
      vertex 0.466841 -0.466841 0.246870
    endloop
  endfacet
  facet normal -0.494487 0.578969 0.648288
    outer loop
      vertex 0.413222 -0.568751 0.296985
      vertex 0.466841 -0.466841 0.246870
      vertex 0.388063 -0.534123 0.246870
    endloop
  endfacet
  facet normal -0.554211 0.648898 0.521326
    outer loop
      vertex 0.388063 -0.534123 0.246870
      vertex 0.466841 -0.466841 0.246870
      vertex 0.442491 -0.442491 0.190676
    endloop
  endfacet
  facet normal -0.554211 0.648898 0.521326
    outer loop
      vertex 0.388063 -0.534123 0.246870
      vertex 0.442491 -0.442491 0.190676
      vertex 0.367823 -0.506264 0.190676
    endloop
  endfacet
  facet normal -0.600282 0.702840 0.381676
    outer loop
      vertex 0.367823 -0.506264 0.190676
      vertex 0.442491 -0.442491 0.190676
      vertex 0.424657 -0.424657 0.129787
    endloop
  endfacet
  facet normal -0.600282 0.702840 0.381676
    outer loop
      vertex 0.367823 -0.506264 0.190676
      vertex 0.424657 -0.424657 0.129787
      vertex 0.352998 -0.485860 0.129787
    endloop
  endfacet
  facet normal -0.631610 0.739520 0.232765
    outer loop
      vertex 0.352998 -0.485860 0.129787
      vertex 0.424657 -0.424657 0.129787
      vertex 0.413778 -0.413778 0.065702
    endloop
  endfacet
  facet normal -0.631610 0.739520 0.232765
    outer loop
      vertex 0.352998 -0.485860 0.129787
      vertex 0.413778 -0.413778 0.065702
      vertex 0.343955 -0.473413 0.065702
    endloop
  endfacet
  facet normal -0.647458 0.758076 0.078219
    outer loop
      vertex 0.343955 -0.473413 0.065702
      vertex 0.413778 -0.413778 0.065702
      vertex 0.410122 -0.410122 0.000000
    endloop
  endfacet
  facet normal -0.647458 0.758076 0.078219
    outer loop
      vertex 0.343955 -0.473413 0.065702
      vertex 0.410122 -0.410122 0.000000
      vertex 0.340915 -0.469230 0.000000
    endloop
  endfacet
  facet normal -0.647458 0.758076 -0.078219
    outer loop
      vertex 0.340915 -0.469230 0.000000
      vertex 0.410122 -0.410122 0.000000
      vertex 0.413778 -0.413778 -0.065702
    endloop
  endfacet
  facet normal -0.647458 0.758076 -0.078219
    outer loop
      vertex 0.340915 -0.469230 0.000000
      vertex 0.413778 -0.413778 -0.065702
      vertex 0.343955 -0.473413 -0.065702
    endloop
  endfacet
  facet normal -0.631610 0.739520 -0.232765
    outer loop
      vertex 0.343955 -0.473413 -0.065702
      vertex 0.413778 -0.413778 -0.065702
      vertex 0.424657 -0.424657 -0.129787
    endloop
  endfacet
  facet normal -0.631610 0.739520 -0.232765
    outer loop
      vertex 0.343955 -0.473413 -0.065702
      vertex 0.424657 -0.424657 -0.129787
      vertex 0.352998 -0.485860 -0.129787
    endloop
  endfacet
  facet normal -0.600282 0.702840 -0.381676
    outer loop
      vertex 0.352998 -0.485860 -0.129787
      vertex 0.424657 -0.424657 -0.129787
      vertex 0.442491 -0.442491 -0.190676
    endloop
  endfacet
  facet normal -0.600282 0.702840 -0.381676
    outer loop
      vertex 0.352998 -0.485860 -0.129787
      vertex 0.442491 -0.442491 -0.190676
      vertex 0.367823 -0.506264 -0.190676
    endloop
  endfacet
  facet normal -0.554211 0.648898 -0.521326
    outer loop
      vertex 0.367823 -0.506264 -0.190676
      vertex 0.442491 -0.442491 -0.190676
      vertex 0.466841 -0.466841 -0.246870
    endloop
  endfacet
  facet normal -0.554211 0.648898 -0.521326
    outer loop
      vertex 0.367823 -0.506264 -0.190676
      vertex 0.466841 -0.466841 -0.246870
      vertex 0.388063 -0.534123 -0.246870
    endloop
  endfacet
  facet normal -0.494487 0.578969 -0.648288
    outer loop
      vertex 0.388063 -0.534123 -0.246870
      vertex 0.466841 -0.466841 -0.246870
      vertex 0.497107 -0.497107 -0.296985
    endloop
  endfacet
  facet normal -0.494487 0.578969 -0.648288
    outer loop
      vertex 0.388063 -0.534123 -0.246870
      vertex 0.497107 -0.497107 -0.296985
      vertex 0.413222 -0.568751 -0.296985
    endloop
  endfacet
  facet normal -0.422535 0.494725 -0.759415
    outer loop
      vertex 0.413222 -0.568751 -0.296985
      vertex 0.497107 -0.497107 -0.296985
      vertex 0.532543 -0.532543 -0.339787
    endloop
  endfacet
  facet normal -0.422535 0.494725 -0.759415
    outer loop
      vertex 0.413222 -0.568751 -0.296985
      vertex 0.532543 -0.532543 -0.339787
      vertex 0.442679 -0.609295 -0.339787
    endloop
  endfacet
  facet normal -0.340098 0.398203 -0.851920
    outer loop
      vertex 0.442679 -0.609295 -0.339787
      vertex 0.532543 -0.532543 -0.339787
      vertex 0.572278 -0.572278 -0.374223
    endloop
  endfacet
  facet normal -0.340098 0.398203 -0.851920
    outer loop
      vertex 0.442679 -0.609295 -0.339787
      vertex 0.572278 -0.572278 -0.374223
      vertex 0.475709 -0.654757 -0.374223
    endloop
  endfacet
  facet normal -0.249189 0.291762 -0.923461
    outer loop
      vertex 0.475709 -0.654757 -0.374223
      vertex 0.572278 -0.572278 -0.374223
      vertex 0.615333 -0.615333 -0.399444
    endloop
  endfacet
  facet normal -0.249189 0.291762 -0.923461
    outer loop
      vertex 0.475709 -0.654757 -0.374223
      vertex 0.615333 -0.615333 -0.399444
      vertex 0.511498 -0.704017 -0.399444
    endloop
  endfacet
  facet normal -0.152054 0.178032 -0.972206
    outer loop
      vertex 0.511498 -0.704017 -0.399444
      vertex 0.615333 -0.615333 -0.399444
      vertex 0.660648 -0.660648 -0.414829
    endloop
  endfacet
  facet normal -0.152054 0.178032 -0.972206
    outer loop
      vertex 0.511498 -0.704017 -0.399444
      vertex 0.660648 -0.660648 -0.414829
      vertex 0.549166 -0.755863 -0.414829
    endloop
  endfacet
  facet normal -0.051112 0.059844 -0.996898
    outer loop
      vertex 0.549166 -0.755863 -0.414829
      vertex 0.660648 -0.660648 -0.414829
      vertex 0.707107 -0.707107 -0.420000
    endloop
  endfacet
  facet normal -0.051112 0.059844 -0.996898
    outer loop
      vertex 0.549166 -0.755863 -0.414829
      vertex 0.707107 -0.707107 -0.420000
      vertex 0.587785 -0.809017 -0.420000
    endloop
  endfacet
  facet normal 0.051112 -0.059844 -0.996898
    outer loop
      vertex 0.587785 -0.809017 -0.420000
      vertex 0.707107 -0.707107 -0.420000
      vertex 0.753565 -0.753565 -0.414829
    endloop
  endfacet
  facet normal 0.051112 -0.059844 -0.996898
    outer loop
      vertex 0.587785 -0.809017 -0.420000
      vertex 0.753565 -0.753565 -0.414829
      vertex 0.626404 -0.862171 -0.414829
    endloop
  endfacet
  facet normal 0.152054 -0.178032 -0.972206
    outer loop
      vertex 0.626404 -0.862171 -0.414829
      vertex 0.753565 -0.753565 -0.414829
      vertex 0.798880 -0.798880 -0.399444
    endloop
  endfacet
  facet normal 0.152054 -0.178032 -0.972206
    outer loop
      vertex 0.626404 -0.862171 -0.414829
      vertex 0.798880 -0.798880 -0.399444
      vertex 0.664072 -0.914017 -0.399444
    endloop
  endfacet
  facet normal 0.249189 -0.291762 -0.923461
    outer loop
      vertex 0.664072 -0.914017 -0.399444
      vertex 0.798880 -0.798880 -0.399444
      vertex 0.841935 -0.841935 -0.374223
    endloop
  endfacet
  facet normal 0.249189 -0.291762 -0.923461
    outer loop
      vertex 0.664072 -0.914017 -0.399444
      vertex 0.841935 -0.841935 -0.374223
      vertex 0.699862 -0.963277 -0.374223
    endloop
  endfacet
  facet normal 0.340098 -0.398203 -0.851920
    outer loop
      vertex 0.699862 -0.963277 -0.374223
      vertex 0.841935 -0.841935 -0.374223
      vertex 0.881670 -0.881670 -0.339787
    endloop
  endfacet
  facet normal 0.340098 -0.398203 -0.851920
    outer loop
      vertex 0.699862 -0.963277 -0.374223
      vertex 0.881670 -0.881670 -0.339787
      vertex 0.732892 -1.008739 -0.339787
    endloop
  endfacet
  facet normal 0.422535 -0.494725 -0.759415
    outer loop
      vertex 0.732892 -1.008739 -0.339787
      vertex 0.881670 -0.881670 -0.339787
      vertex 0.917107 -0.917107 -0.296985
    endloop
  endfacet
  facet normal 0.422535 -0.494725 -0.759415
    outer loop
      vertex 0.732892 -1.008739 -0.339787
      vertex 0.917107 -0.917107 -0.296985
      vertex 0.762349 -1.049283 -0.296985
    endloop
  endfacet
  facet normal 0.494487 -0.578969 -0.648288
    outer loop
      vertex 0.762349 -1.049283 -0.296985
      vertex 0.917107 -0.917107 -0.296985
      vertex 0.947373 -0.947373 -0.246870
    endloop
  endfacet
  facet normal 0.494487 -0.578969 -0.648288
    outer loop
      vertex 0.762349 -1.049283 -0.296985
      vertex 0.947373 -0.947373 -0.246870
      vertex 0.787507 -1.083911 -0.246870
    endloop
  endfacet
  facet normal 0.554211 -0.648898 -0.521326
    outer loop
      vertex 0.787507 -1.083911 -0.246870
      vertex 0.947373 -0.947373 -0.246870
      vertex 0.971722 -0.971722 -0.190676
    endloop
  endfacet
  facet normal 0.554211 -0.648898 -0.521326
    outer loop
      vertex 0.787507 -1.083911 -0.246870
      vertex 0.971722 -0.971722 -0.190676
      vertex 0.807748 -1.111770 -0.190676
    endloop
  endfacet
  facet normal 0.600282 -0.702840 -0.381676
    outer loop
      vertex 0.807748 -1.111770 -0.190676
      vertex 0.971722 -0.971722 -0.190676
      vertex 0.989556 -0.989556 -0.129787
    endloop
  endfacet
  facet normal 0.600282 -0.702840 -0.381676
    outer loop
      vertex 0.807748 -1.111770 -0.190676
      vertex 0.989556 -0.989556 -0.129787
      vertex 0.822572 -1.132174 -0.129787
    endloop
  endfacet
  facet normal 0.631610 -0.739520 -0.232765
    outer loop
      vertex 0.822572 -1.132174 -0.129787
      vertex 0.989556 -0.989556 -0.129787
      vertex 1.000435 -1.000435 -0.065702
    endloop
  endfacet
  facet normal 0.631610 -0.739520 -0.232765
    outer loop
      vertex 0.822572 -1.132174 -0.129787
      vertex 1.000435 -1.000435 -0.065702
      vertex 0.831616 -1.144621 -0.065702
    endloop
  endfacet
  facet normal 0.647458 -0.758076 -0.078219
    outer loop
      vertex 0.831616 -1.144621 -0.065702
      vertex 1.000435 -1.000435 -0.065702
      vertex 1.004092 -1.004092 -0.000000
    endloop
  endfacet
  facet normal 0.647458 -0.758076 -0.078219
    outer loop
      vertex 0.831616 -1.144621 -0.065702
      vertex 1.004092 -1.004092 -0.000000
      vertex 0.834655 -1.148804 -0.000000
    endloop
  endfacet
  facet normal 0.758076 -0.647458 0.078219
    outer loop
      vertex 1.004092 -1.004092 0.000000
      vertex 1.148804 -0.834655 0.000000
      vertex 1.144621 -0.831616 0.065702
    endloop
  endfacet
  facet normal 0.758076 -0.647458 0.078219
    outer loop
      vertex 1.004092 -1.004092 0.000000
      vertex 1.144621 -0.831616 0.065702
      vertex 1.000435 -1.000435 0.065702
    endloop
  endfacet
  facet normal 0.739520 -0.631610 0.232765
    outer loop
      vertex 1.000435 -1.000435 0.065702
      vertex 1.144621 -0.831616 0.065702
      vertex 1.132174 -0.822572 0.129787
    endloop
  endfacet
  facet normal 0.739520 -0.631610 0.232765
    outer loop
      vertex 1.000435 -1.000435 0.065702
      vertex 1.132174 -0.822572 0.129787
      vertex 0.989556 -0.989556 0.129787
    endloop
  endfacet
  facet normal 0.702840 -0.600282 0.381676
    outer loop
      vertex 0.989556 -0.989556 0.129787
      vertex 1.132174 -0.822572 0.129787
      vertex 1.111770 -0.807748 0.190676
    endloop
  endfacet
  facet normal 0.702840 -0.600282 0.381676
    outer loop
      vertex 0.989556 -0.989556 0.129787
      vertex 1.111770 -0.807748 0.190676
      vertex 0.971722 -0.971722 0.190676
    endloop
  endfacet
  facet normal 0.648898 -0.554211 0.521326
    outer loop
      vertex 0.971722 -0.971722 0.190676
      vertex 1.111770 -0.807748 0.190676
      vertex 1.083911 -0.787507 0.246870
    endloop
  endfacet
  facet normal 0.648898 -0.554211 0.521326
    outer loop
      vertex 0.971722 -0.971722 0.190676
      vertex 1.083911 -0.787507 0.246870
      vertex 0.947373 -0.947373 0.246870
    endloop
  endfacet
  facet normal 0.578969 -0.494487 0.648288
    outer loop
      vertex 0.947373 -0.947373 0.246870
      vertex 1.083911 -0.787507 0.246870
      vertex 1.049283 -0.762349 0.296985
    endloop
  endfacet
  facet normal 0.578969 -0.494487 0.648288
    outer loop
      vertex 0.947373 -0.947373 0.246870
      vertex 1.049283 -0.762349 0.296985
      vertex 0.917107 -0.917107 0.296985
    endloop
  endfacet
  facet normal 0.494725 -0.422535 0.759415
    outer loop
      vertex 0.917107 -0.917107 0.296985
      vertex 1.049283 -0.762349 0.296985
      vertex 1.008739 -0.732892 0.339787
    endloop
  endfacet
  facet normal 0.494725 -0.422535 0.759415
    outer loop
      vertex 0.917107 -0.917107 0.296985
      vertex 1.008739 -0.732892 0.339787
      vertex 0.881670 -0.881670 0.339787
    endloop
  endfacet
  facet normal 0.398203 -0.340098 0.851920
    outer loop
      vertex 0.881670 -0.881670 0.339787
      vertex 1.008739 -0.732892 0.339787
      vertex 0.963277 -0.699862 0.374223
    endloop
  endfacet
  facet normal 0.398203 -0.340098 0.851920
    outer loop
      vertex 0.881670 -0.881670 0.339787
      vertex 0.963277 -0.699862 0.374223
      vertex 0.841935 -0.841935 0.374223
    endloop
  endfacet
  facet normal 0.291762 -0.249189 0.923461
    outer loop
      vertex 0.841935 -0.841935 0.374223
      vertex 0.963277 -0.699862 0.374223
      vertex 0.914017 -0.664072 0.399444
    endloop
  endfacet
  facet normal 0.291762 -0.249189 0.923461
    outer loop
      vertex 0.841935 -0.841935 0.374223
      vertex 0.914017 -0.664072 0.399444
      vertex 0.798880 -0.798880 0.399444
    endloop
  endfacet
  facet normal 0.178032 -0.152054 0.972206
    outer loop
      vertex 0.798880 -0.798880 0.399444
      vertex 0.914017 -0.664072 0.399444
      vertex 0.862171 -0.626404 0.414829
    endloop
  endfacet
  facet normal 0.178032 -0.152054 0.972206
    outer loop
      vertex 0.798880 -0.798880 0.399444
      vertex 0.862171 -0.626404 0.414829
      vertex 0.753565 -0.753565 0.414829
    endloop
  endfacet
  facet normal 0.059844 -0.051112 0.996898
    outer loop
      vertex 0.753565 -0.753565 0.414829
      vertex 0.862171 -0.626404 0.414829
      vertex 0.809017 -0.587785 0.420000
    endloop
  endfacet
  facet normal 0.059844 -0.051112 0.996898
    outer loop
      vertex 0.753565 -0.753565 0.414829
      vertex 0.809017 -0.587785 0.420000
      vertex 0.707107 -0.707107 0.420000
    endloop
  endfacet
  facet normal -0.059844 0.051112 0.996898
    outer loop
      vertex 0.707107 -0.707107 0.420000
      vertex 0.809017 -0.587785 0.420000
      vertex 0.755863 -0.549166 0.414829
    endloop
  endfacet
  facet normal -0.059844 0.051112 0.996898
    outer loop
      vertex 0.707107 -0.707107 0.420000
      vertex 0.755863 -0.549166 0.414829
      vertex 0.660648 -0.660648 0.414829
    endloop
  endfacet
  facet normal -0.178032 0.152054 0.972206
    outer loop
      vertex 0.660648 -0.660648 0.414829
      vertex 0.755863 -0.549166 0.414829
      vertex 0.704017 -0.511498 0.399444
    endloop
  endfacet
  facet normal -0.178032 0.152054 0.972206
    outer loop
      vertex 0.660648 -0.660648 0.414829
      vertex 0.704017 -0.511498 0.399444
      vertex 0.615333 -0.615333 0.399444
    endloop
  endfacet
  facet normal -0.291762 0.249189 0.923461
    outer loop
      vertex 0.615333 -0.615333 0.399444
      vertex 0.704017 -0.511498 0.399444
      vertex 0.654757 -0.475709 0.374223
    endloop
  endfacet
  facet normal -0.291762 0.249189 0.923461
    outer loop
      vertex 0.615333 -0.615333 0.399444
      vertex 0.654757 -0.475709 0.374223
      vertex 0.572278 -0.572278 0.374223
    endloop
  endfacet
  facet normal -0.398203 0.340098 0.851920
    outer loop
      vertex 0.572278 -0.572278 0.374223
      vertex 0.654757 -0.475709 0.374223
      vertex 0.609295 -0.442679 0.339787
    endloop
  endfacet
  facet normal -0.398203 0.340098 0.851920
    outer loop
      vertex 0.572278 -0.572278 0.374223
      vertex 0.609295 -0.442679 0.339787
      vertex 0.532543 -0.532543 0.339787
    endloop
  endfacet
  facet normal -0.494725 0.422535 0.759415
    outer loop
      vertex 0.532543 -0.532543 0.339787
      vertex 0.609295 -0.442679 0.339787
      vertex 0.568751 -0.413222 0.296985
    endloop
  endfacet
  facet normal -0.494725 0.422535 0.759415
    outer loop
      vertex 0.532543 -0.532543 0.339787
      vertex 0.568751 -0.413222 0.296985
      vertex 0.497107 -0.497107 0.296985
    endloop
  endfacet
  facet normal -0.578969 0.494487 0.648288
    outer loop
      vertex 0.497107 -0.497107 0.296985
      vertex 0.568751 -0.413222 0.296985
      vertex 0.534123 -0.388063 0.246870
    endloop
  endfacet
  facet normal -0.578969 0.494487 0.648288
    outer loop
      vertex 0.497107 -0.497107 0.296985
      vertex 0.534123 -0.388063 0.246870
      vertex 0.466841 -0.466841 0.246870
    endloop
  endfacet
  facet normal -0.648898 0.554211 0.521326
    outer loop
      vertex 0.466841 -0.466841 0.246870
      vertex 0.534123 -0.388063 0.246870
      vertex 0.506264 -0.367823 0.190676
    endloop
  endfacet
  facet normal -0.648898 0.554211 0.521326
    outer loop
      vertex 0.466841 -0.466841 0.246870
      vertex 0.506264 -0.367823 0.190676
      vertex 0.442491 -0.442491 0.190676
    endloop
  endfacet
  facet normal -0.702840 0.600282 0.381676
    outer loop
      vertex 0.442491 -0.442491 0.190676
      vertex 0.506264 -0.367823 0.190676
      vertex 0.485860 -0.352998 0.129787
    endloop
  endfacet
  facet normal -0.702840 0.600282 0.381676
    outer loop
      vertex 0.442491 -0.442491 0.190676
      vertex 0.485860 -0.352998 0.129787
      vertex 0.424657 -0.424657 0.129787
    endloop
  endfacet
  facet normal -0.739520 0.631610 0.232765
    outer loop
      vertex 0.424657 -0.424657 0.129787
      vertex 0.485860 -0.352998 0.129787
      vertex 0.473413 -0.343955 0.065702
    endloop
  endfacet
  facet normal -0.739520 0.631610 0.232765
    outer loop
      vertex 0.424657 -0.424657 0.129787
      vertex 0.473413 -0.343955 0.065702
      vertex 0.413778 -0.413778 0.065702
    endloop
  endfacet
  facet normal -0.758076 0.647458 0.078219
    outer loop
      vertex 0.413778 -0.413778 0.065702
      vertex 0.473413 -0.343955 0.065702
      vertex 0.469230 -0.340915 0.000000
    endloop
  endfacet
  facet normal -0.758076 0.647458 0.078219
    outer loop
      vertex 0.413778 -0.413778 0.065702
      vertex 0.469230 -0.340915 0.000000
      vertex 0.410122 -0.410122 0.000000
    endloop
  endfacet
  facet normal -0.758076 0.647458 -0.078219
    outer loop
      vertex 0.410122 -0.410122 0.000000
      vertex 0.469230 -0.340915 0.000000
      vertex 0.473413 -0.343955 -0.065702
    endloop
  endfacet
  facet normal -0.758076 0.647458 -0.078219
    outer loop
      vertex 0.410122 -0.410122 0.000000
      vertex 0.473413 -0.343955 -0.065702
      vertex 0.413778 -0.413778 -0.065702
    endloop
  endfacet
  facet normal -0.739520 0.631610 -0.232765
    outer loop
      vertex 0.413778 -0.413778 -0.065702
      vertex 0.473413 -0.343955 -0.065702
      vertex 0.485860 -0.352998 -0.129787
    endloop
  endfacet
  facet normal -0.739520 0.631610 -0.232765
    outer loop
      vertex 0.413778 -0.413778 -0.065702
      vertex 0.485860 -0.352998 -0.129787
      vertex 0.424657 -0.424657 -0.129787
    endloop
  endfacet
  facet normal -0.702840 0.600282 -0.381676
    outer loop
      vertex 0.424657 -0.424657 -0.129787
      vertex 0.485860 -0.352998 -0.129787
      vertex 0.506264 -0.367823 -0.190676
    endloop
  endfacet
  facet normal -0.702840 0.600282 -0.381676
    outer loop
      vertex 0.424657 -0.424657 -0.129787
      vertex 0.506264 -0.367823 -0.190676
      vertex 0.442491 -0.442491 -0.190676
    endloop
  endfacet
  facet normal -0.648898 0.554211 -0.521326
    outer loop
      vertex 0.442491 -0.442491 -0.190676
      vertex 0.506264 -0.367823 -0.190676
      vertex 0.534123 -0.388063 -0.246870
    endloop
  endfacet
  facet normal -0.648898 0.554211 -0.521326
    outer loop
      vertex 0.442491 -0.442491 -0.190676
      vertex 0.534123 -0.388063 -0.246870
      vertex 0.466841 -0.466841 -0.246870
    endloop
  endfacet
  facet normal -0.578969 0.494487 -0.648288
    outer loop
      vertex 0.466841 -0.466841 -0.246870
      vertex 0.534123 -0.388063 -0.246870
      vertex 0.568751 -0.413222 -0.296985
    endloop
  endfacet
  facet normal -0.578969 0.494487 -0.648288
    outer loop
      vertex 0.466841 -0.466841 -0.246870
      vertex 0.568751 -0.413222 -0.296985
      vertex 0.497107 -0.497107 -0.296985
    endloop
  endfacet
  facet normal -0.494725 0.422535 -0.759415
    outer loop
      vertex 0.497107 -0.497107 -0.296985
      vertex 0.568751 -0.413222 -0.296985
      vertex 0.609295 -0.442679 -0.339787
    endloop
  endfacet
  facet normal -0.494725 0.422535 -0.759415
    outer loop
      vertex 0.497107 -0.497107 -0.296985
      vertex 0.609295 -0.442679 -0.339787
      vertex 0.532543 -0.532543 -0.339787
    endloop
  endfacet
  facet normal -0.398203 0.340098 -0.851920
    outer loop
      vertex 0.532543 -0.532543 -0.339787
      vertex 0.609295 -0.442679 -0.339787
      vertex 0.654757 -0.475709 -0.374223
    endloop
  endfacet
  facet normal -0.398203 0.340098 -0.851920
    outer loop
      vertex 0.532543 -0.532543 -0.339787
      vertex 0.654757 -0.475709 -0.374223
      vertex 0.572278 -0.572278 -0.374223
    endloop
  endfacet
  facet normal -0.291762 0.249189 -0.923461
    outer loop
      vertex 0.572278 -0.572278 -0.374223
      vertex 0.654757 -0.475709 -0.374223
      vertex 0.704017 -0.511498 -0.399444
    endloop
  endfacet
  facet normal -0.291762 0.249189 -0.923461
    outer loop
      vertex 0.572278 -0.572278 -0.374223
      vertex 0.704017 -0.511498 -0.399444
      vertex 0.615333 -0.615333 -0.399444
    endloop
  endfacet
  facet normal -0.178032 0.152054 -0.972206
    outer loop
      vertex 0.615333 -0.615333 -0.399444
      vertex 0.704017 -0.511498 -0.399444
      vertex 0.755863 -0.549166 -0.414829
    endloop
  endfacet
  facet normal -0.178032 0.152054 -0.972206
    outer loop
      vertex 0.615333 -0.615333 -0.399444
      vertex 0.755863 -0.549166 -0.414829
      vertex 0.660648 -0.660648 -0.414829
    endloop
  endfacet
  facet normal -0.059844 0.051112 -0.996898
    outer loop
      vertex 0.660648 -0.660648 -0.414829
      vertex 0.755863 -0.549166 -0.414829
      vertex 0.809017 -0.587785 -0.420000
    endloop
  endfacet
  facet normal -0.059844 0.051112 -0.996898
    outer loop
      vertex 0.660648 -0.660648 -0.414829
      vertex 0.809017 -0.587785 -0.420000
      vertex 0.707107 -0.707107 -0.420000
    endloop
  endfacet
  facet normal 0.059844 -0.051112 -0.996898
    outer loop
      vertex 0.707107 -0.707107 -0.420000
      vertex 0.809017 -0.587785 -0.420000
      vertex 0.862171 -0.626404 -0.414829
    endloop
  endfacet
  facet normal 0.059844 -0.051112 -0.996898
    outer loop
      vertex 0.707107 -0.707107 -0.420000
      vertex 0.862171 -0.626404 -0.414829
      vertex 0.753565 -0.753565 -0.414829
    endloop
  endfacet
  facet normal 0.178032 -0.152054 -0.972206
    outer loop
      vertex 0.753565 -0.753565 -0.414829
      vertex 0.862171 -0.626404 -0.414829
      vertex 0.914017 -0.664072 -0.399444
    endloop
  endfacet
  facet normal 0.178032 -0.152054 -0.972206
    outer loop
      vertex 0.753565 -0.753565 -0.414829
      vertex 0.914017 -0.664072 -0.399444
      vertex 0.798880 -0.798880 -0.399444
    endloop
  endfacet
  facet normal 0.291762 -0.249189 -0.923461
    outer loop
      vertex 0.798880 -0.798880 -0.399444
      vertex 0.914017 -0.664072 -0.399444
      vertex 0.963277 -0.699862 -0.374223
    endloop
  endfacet
  facet normal 0.291762 -0.249189 -0.923461
    outer loop
      vertex 0.798880 -0.798880 -0.399444
      vertex 0.963277 -0.699862 -0.374223
      vertex 0.841935 -0.841935 -0.374223
    endloop
  endfacet
  facet normal 0.398203 -0.340098 -0.851920
    outer loop
      vertex 0.841935 -0.841935 -0.374223
      vertex 0.963277 -0.699862 -0.374223
      vertex 1.008739 -0.732892 -0.339787
    endloop
  endfacet
  facet normal 0.398203 -0.340098 -0.851920
    outer loop
      vertex 0.841935 -0.841935 -0.374223
      vertex 1.008739 -0.732892 -0.339787
      vertex 0.881670 -0.881670 -0.339787
    endloop
  endfacet
  facet normal 0.494725 -0.422535 -0.759415
    outer loop
      vertex 0.881670 -0.881670 -0.339787
      vertex 1.008739 -0.732892 -0.339787
      vertex 1.049283 -0.762349 -0.296985
    endloop
  endfacet
  facet normal 0.494725 -0.422535 -0.759415
    outer loop
      vertex 0.881670 -0.881670 -0.339787
      vertex 1.049283 -0.762349 -0.296985
      vertex 0.917107 -0.917107 -0.296985
    endloop
  endfacet
  facet normal 0.578969 -0.494487 -0.648288
    outer loop
      vertex 0.917107 -0.917107 -0.296985
      vertex 1.049283 -0.762349 -0.296985
      vertex 1.083911 -0.787507 -0.246870
    endloop
  endfacet
  facet normal 0.578969 -0.494487 -0.648288
    outer loop
      vertex 0.917107 -0.917107 -0.296985
      vertex 1.083911 -0.787507 -0.246870
      vertex 0.947373 -0.947373 -0.246870
    endloop
  endfacet
  facet normal 0.648898 -0.554211 -0.521326
    outer loop
      vertex 0.947373 -0.947373 -0.246870
      vertex 1.083911 -0.787507 -0.246870
      vertex 1.111770 -0.807748 -0.190676
    endloop
  endfacet
  facet normal 0.648898 -0.554211 -0.521326
    outer loop
      vertex 0.947373 -0.947373 -0.246870
      vertex 1.111770 -0.807748 -0.190676
      vertex 0.971722 -0.971722 -0.190676
    endloop
  endfacet
  facet normal 0.702840 -0.600282 -0.381676
    outer loop
      vertex 0.971722 -0.971722 -0.190676
      vertex 1.111770 -0.807748 -0.190676
      vertex 1.132174 -0.822572 -0.129787
    endloop
  endfacet
  facet normal 0.702840 -0.600282 -0.381676
    outer loop
      vertex 0.971722 -0.971722 -0.190676
      vertex 1.132174 -0.822572 -0.129787
      vertex 0.989556 -0.989556 -0.129787
    endloop
  endfacet
  facet normal 0.739520 -0.631610 -0.232765
    outer loop
      vertex 0.989556 -0.989556 -0.129787
      vertex 1.132174 -0.822572 -0.129787
      vertex 1.144621 -0.831616 -0.065702
    endloop
  endfacet
  facet normal 0.739520 -0.631610 -0.232765
    outer loop
      vertex 0.989556 -0.989556 -0.129787
      vertex 1.144621 -0.831616 -0.065702
      vertex 1.000435 -1.000435 -0.065702
    endloop
  endfacet
  facet normal 0.758076 -0.647458 -0.078219
    outer loop
      vertex 1.000435 -1.000435 -0.065702
      vertex 1.144621 -0.831616 -0.065702
      vertex 1.148804 -0.834655 -0.000000
    endloop
  endfacet
  facet normal 0.758076 -0.647458 -0.078219
    outer loop
      vertex 1.000435 -1.000435 -0.065702
      vertex 1.148804 -0.834655 -0.000000
      vertex 1.004092 -1.004092 -0.000000
    endloop
  endfacet
  facet normal 0.850028 -0.520898 0.078219
    outer loop
      vertex 1.148804 -0.834655 0.000000
      vertex 1.265229 -0.644667 0.000000
      vertex 1.260622 -0.642319 0.065702
    endloop
  endfacet
  facet normal 0.850028 -0.520898 0.078219
    outer loop
      vertex 1.148804 -0.834655 0.000000
      vertex 1.260622 -0.642319 0.065702
      vertex 1.144621 -0.831616 0.065702
    endloop
  endfacet
  facet normal 0.829221 -0.508147 0.232765
    outer loop
      vertex 1.144621 -0.831616 0.065702
      vertex 1.260622 -0.642319 0.065702
      vertex 1.246913 -0.635334 0.129787
    endloop
  endfacet
  facet normal 0.829221 -0.508147 0.232765
    outer loop
      vertex 1.144621 -0.831616 0.065702
      vertex 1.246913 -0.635334 0.129787
      vertex 1.132174 -0.822572 0.129787
    endloop
  endfacet
  facet normal 0.788092 -0.482943 0.381676
    outer loop
      vertex 1.132174 -0.822572 0.129787
      vertex 1.246913 -0.635334 0.129787
      vertex 1.224441 -0.623884 0.190676
    endloop
  endfacet
  facet normal 0.788092 -0.482943 0.381676
    outer loop
      vertex 1.132174 -0.822572 0.129787
      vertex 1.224441 -0.623884 0.190676
      vertex 1.111770 -0.807748 0.190676
    endloop
  endfacet
  facet normal 0.727607 -0.445878 0.521326
    outer loop
      vertex 1.111770 -0.807748 0.190676
      vertex 1.224441 -0.623884 0.190676
      vertex 1.193759 -0.608251 0.246870
    endloop
  endfacet
  facet normal 0.727607 -0.445878 0.521326
    outer loop
      vertex 1.111770 -0.807748 0.190676
      vertex 1.193759 -0.608251 0.246870
      vertex 1.083911 -0.787507 0.246870
    endloop
  endfacet
  facet normal 0.649196 -0.397828 0.648288
    outer loop
      vertex 1.083911 -0.787507 0.246870
      vertex 1.193759 -0.608251 0.246870
      vertex 1.155622 -0.588819 0.296985
    endloop
  endfacet
  facet normal 0.649196 -0.397828 0.648288
    outer loop
      vertex 1.083911 -0.787507 0.246870
      vertex 1.155622 -0.588819 0.296985
      vertex 1.049283 -0.762349 0.296985
    endloop
  endfacet
  facet normal 0.554734 -0.339941 0.759415
    outer loop
      vertex 1.049283 -0.762349 0.296985
      vertex 1.155622 -0.588819 0.296985
      vertex 1.110969 -0.566067 0.339787
    endloop
  endfacet
  facet normal 0.554734 -0.339941 0.759415
    outer loop
      vertex 1.049283 -0.762349 0.296985
      vertex 1.110969 -0.566067 0.339787
      vertex 1.008739 -0.732892 0.339787
    endloop
  endfacet
  facet normal 0.446503 -0.273618 0.851920
    outer loop
      vertex 1.008739 -0.732892 0.339787
      vertex 1.110969 -0.566067 0.339787
      vertex 1.060900 -0.540556 0.374223
    endloop
  endfacet
  facet normal 0.446503 -0.273618 0.851920
    outer loop
      vertex 1.008739 -0.732892 0.339787
      vertex 1.060900 -0.540556 0.374223
      vertex 0.963277 -0.699862 0.374223
    endloop
  endfacet
  facet normal 0.327152 -0.200479 0.923461
    outer loop
      vertex 0.963277 -0.699862 0.374223
      vertex 1.060900 -0.540556 0.374223
      vertex 1.006648 -0.512913 0.399444
    endloop
  endfacet
  facet normal 0.327152 -0.200479 0.923461
    outer loop
      vertex 0.963277 -0.699862 0.374223
      vertex 1.006648 -0.512913 0.399444
      vertex 0.914017 -0.664072 0.399444
    endloop
  endfacet
  facet normal 0.199627 -0.122331 0.972206
    outer loop
      vertex 0.914017 -0.664072 0.399444
      vertex 1.006648 -0.512913 0.399444
      vertex 0.949548 -0.483819 0.414829
    endloop
  endfacet
  facet normal 0.199627 -0.122331 0.972206
    outer loop
      vertex 0.914017 -0.664072 0.399444
      vertex 0.949548 -0.483819 0.414829
      vertex 0.862171 -0.626404 0.414829
    endloop
  endfacet
  facet normal 0.067103 -0.041121 0.996898
    outer loop
      vertex 0.862171 -0.626404 0.414829
      vertex 0.949548 -0.483819 0.414829
      vertex 0.891007 -0.453990 0.420000
    endloop
  endfacet
  facet normal 0.067103 -0.041121 0.996898
    outer loop
      vertex 0.862171 -0.626404 0.414829
      vertex 0.891007 -0.453990 0.420000
      vertex 0.809017 -0.587785 0.420000
    endloop
  endfacet
  facet normal -0.067103 0.041121 0.996898
    outer loop
      vertex 0.809017 -0.587785 0.420000
      vertex 0.891007 -0.453990 0.420000
      vertex 0.832465 -0.424162 0.414829
    endloop
  endfacet
  facet normal -0.067103 0.041121 0.996898
    outer loop
      vertex 0.809017 -0.587785 0.420000
      vertex 0.832465 -0.424162 0.414829
      vertex 0.755863 -0.549166 0.414829
    endloop
  endfacet
  facet normal -0.199627 0.122331 0.972206
    outer loop
      vertex 0.755863 -0.549166 0.414829
      vertex 0.832465 -0.424162 0.414829
      vertex 0.775365 -0.395068 0.399444
    endloop
  endfacet
  facet normal -0.199627 0.122331 0.972206
    outer loop
      vertex 0.755863 -0.549166 0.414829
      vertex 0.775365 -0.395068 0.399444
      vertex 0.704017 -0.511498 0.399444
    endloop
  endfacet
  facet normal -0.327152 0.200479 0.923461
    outer loop
      vertex 0.704017 -0.511498 0.399444
      vertex 0.775365 -0.395068 0.399444
      vertex 0.721113 -0.367425 0.374223
    endloop
  endfacet
  facet normal -0.327152 0.200479 0.923461
    outer loop
      vertex 0.704017 -0.511498 0.399444
      vertex 0.721113 -0.367425 0.374223
      vertex 0.654757 -0.475709 0.374223
    endloop
  endfacet
  facet normal -0.446503 0.273618 0.851920
    outer loop
      vertex 0.654757 -0.475709 0.374223
      vertex 0.721113 -0.367425 0.374223
      vertex 0.671044 -0.341914 0.339787
    endloop
  endfacet
  facet normal -0.446503 0.273618 0.851920
    outer loop
      vertex 0.654757 -0.475709 0.374223
      vertex 0.671044 -0.341914 0.339787
      vertex 0.609295 -0.442679 0.339787
    endloop
  endfacet
  facet normal -0.554734 0.339941 0.759415
    outer loop
      vertex 0.609295 -0.442679 0.339787
      vertex 0.671044 -0.341914 0.339787
      vertex 0.626391 -0.319162 0.296985
    endloop
  endfacet
  facet normal -0.554734 0.339941 0.759415
    outer loop
      vertex 0.609295 -0.442679 0.339787
      vertex 0.626391 -0.319162 0.296985
      vertex 0.568751 -0.413222 0.296985
    endloop
  endfacet
  facet normal -0.649196 0.397828 0.648288
    outer loop
      vertex 0.568751 -0.413222 0.296985
      vertex 0.626391 -0.319162 0.296985
      vertex 0.588254 -0.299730 0.246870
    endloop
  endfacet
  facet normal -0.649196 0.397828 0.648288
    outer loop
      vertex 0.568751 -0.413222 0.296985
      vertex 0.588254 -0.299730 0.246870
      vertex 0.534123 -0.388063 0.246870
    endloop
  endfacet
  facet normal -0.727607 0.445878 0.521326
    outer loop
      vertex 0.534123 -0.388063 0.246870
      vertex 0.588254 -0.299730 0.246870
      vertex 0.557572 -0.284097 0.190676
    endloop
  endfacet
  facet normal -0.727607 0.445878 0.521326
    outer loop
      vertex 0.534123 -0.388063 0.246870
      vertex 0.557572 -0.284097 0.190676
      vertex 0.506264 -0.367823 0.190676
    endloop
  endfacet
  facet normal -0.788092 0.482943 0.381676
    outer loop
      vertex 0.506264 -0.367823 0.190676
      vertex 0.557572 -0.284097 0.190676
      vertex 0.535100 -0.272647 0.129787
    endloop
  endfacet
  facet normal -0.788092 0.482943 0.381676
    outer loop
      vertex 0.506264 -0.367823 0.190676
      vertex 0.535100 -0.272647 0.129787
      vertex 0.485860 -0.352998 0.129787
    endloop
  endfacet
  facet normal -0.829221 0.508147 0.232765
    outer loop
      vertex 0.485860 -0.352998 0.129787
      vertex 0.535100 -0.272647 0.129787
      vertex 0.521391 -0.265662 0.065702
    endloop
  endfacet
  facet normal -0.829221 0.508147 0.232765
    outer loop
      vertex 0.485860 -0.352998 0.129787
      vertex 0.521391 -0.265662 0.065702
      vertex 0.473413 -0.343955 0.065702
    endloop
  endfacet
  facet normal -0.850028 0.520898 0.078219
    outer loop
      vertex 0.473413 -0.343955 0.065702
      vertex 0.521391 -0.265662 0.065702
      vertex 0.516784 -0.263314 0.000000
    endloop
  endfacet
  facet normal -0.850028 0.520898 0.078219
    outer loop
      vertex 0.473413 -0.343955 0.065702
      vertex 0.516784 -0.263314 0.000000
      vertex 0.469230 -0.340915 0.000000
    endloop
  endfacet
  facet normal -0.850028 0.520898 -0.078219
    outer loop
      vertex 0.469230 -0.340915 0.000000
      vertex 0.516784 -0.263314 0.000000
      vertex 0.521391 -0.265662 -0.065702
    endloop
  endfacet
  facet normal -0.850028 0.520898 -0.078219
    outer loop
      vertex 0.469230 -0.340915 0.000000
      vertex 0.521391 -0.265662 -0.065702
      vertex 0.473413 -0.343955 -0.065702
    endloop
  endfacet
  facet normal -0.829221 0.508147 -0.232765
    outer loop
      vertex 0.473413 -0.343955 -0.065702
      vertex 0.521391 -0.265662 -0.065702
      vertex 0.535100 -0.272647 -0.129787
    endloop
  endfacet
  facet normal -0.829221 0.508147 -0.232765
    outer loop
      vertex 0.473413 -0.343955 -0.065702
      vertex 0.535100 -0.272647 -0.129787
      vertex 0.485860 -0.352998 -0.129787
    endloop
  endfacet
  facet normal -0.788092 0.482943 -0.381676
    outer loop
      vertex 0.485860 -0.352998 -0.129787
      vertex 0.535100 -0.272647 -0.129787
      vertex 0.557572 -0.284097 -0.190676
    endloop
  endfacet
  facet normal -0.788092 0.482943 -0.381676
    outer loop
      vertex 0.485860 -0.352998 -0.129787
      vertex 0.557572 -0.284097 -0.190676
      vertex 0.506264 -0.367823 -0.190676
    endloop
  endfacet
  facet normal -0.727607 0.445878 -0.521326
    outer loop
      vertex 0.506264 -0.367823 -0.190676
      vertex 0.557572 -0.284097 -0.190676
      vertex 0.588254 -0.299730 -0.246870
    endloop
  endfacet
  facet normal -0.727607 0.445878 -0.521326
    outer loop
      vertex 0.506264 -0.367823 -0.190676
      vertex 0.588254 -0.299730 -0.246870
      vertex 0.534123 -0.388063 -0.246870
    endloop
  endfacet
  facet normal -0.649196 0.397828 -0.648288
    outer loop
      vertex 0.534123 -0.388063 -0.246870
      vertex 0.588254 -0.299730 -0.246870
      vertex 0.626391 -0.319162 -0.296985
    endloop
  endfacet
  facet normal -0.649196 0.397828 -0.648288
    outer loop
      vertex 0.534123 -0.388063 -0.246870
      vertex 0.626391 -0.319162 -0.296985
      vertex 0.568751 -0.413222 -0.296985
    endloop
  endfacet
  facet normal -0.554734 0.339941 -0.759415
    outer loop
      vertex 0.568751 -0.413222 -0.296985
      vertex 0.626391 -0.319162 -0.296985
      vertex 0.671044 -0.341914 -0.339787
    endloop
  endfacet
  facet normal -0.554734 0.339941 -0.759415
    outer loop
      vertex 0.568751 -0.413222 -0.296985
      vertex 0.671044 -0.341914 -0.339787
      vertex 0.609295 -0.442679 -0.339787
    endloop
  endfacet
  facet normal -0.446503 0.273618 -0.851920
    outer loop
      vertex 0.609295 -0.442679 -0.339787
      vertex 0.671044 -0.341914 -0.339787
      vertex 0.721113 -0.367425 -0.374223
    endloop
  endfacet
  facet normal -0.446503 0.273618 -0.851920
    outer loop
      vertex 0.609295 -0.442679 -0.339787
      vertex 0.721113 -0.367425 -0.374223
      vertex 0.654757 -0.475709 -0.374223
    endloop
  endfacet
  facet normal -0.327152 0.200479 -0.923461
    outer loop
      vertex 0.654757 -0.475709 -0.374223
      vertex 0.721113 -0.367425 -0.374223
      vertex 0.775365 -0.395068 -0.399444
    endloop
  endfacet
  facet normal -0.327152 0.200479 -0.923461
    outer loop
      vertex 0.654757 -0.475709 -0.374223
      vertex 0.775365 -0.395068 -0.399444
      vertex 0.704017 -0.511498 -0.399444
    endloop
  endfacet
  facet normal -0.199627 0.122331 -0.972206
    outer loop
      vertex 0.704017 -0.511498 -0.399444
      vertex 0.775365 -0.395068 -0.399444
      vertex 0.832465 -0.424162 -0.414829
    endloop
  endfacet
  facet normal -0.199627 0.122331 -0.972206
    outer loop
      vertex 0.704017 -0.511498 -0.399444
      vertex 0.832465 -0.424162 -0.414829
      vertex 0.755863 -0.549166 -0.414829
    endloop
  endfacet
  facet normal -0.067103 0.041121 -0.996898
    outer loop
      vertex 0.755863 -0.549166 -0.414829
      vertex 0.832465 -0.424162 -0.414829
      vertex 0.891007 -0.453990 -0.420000
    endloop
  endfacet
  facet normal -0.067103 0.041121 -0.996898
    outer loop
      vertex 0.755863 -0.549166 -0.414829
      vertex 0.891007 -0.453990 -0.420000
      vertex 0.809017 -0.587785 -0.420000
    endloop
  endfacet
  facet normal 0.067103 -0.041121 -0.996898
    outer loop
      vertex 0.809017 -0.587785 -0.420000
      vertex 0.891007 -0.453990 -0.420000
      vertex 0.949548 -0.483819 -0.414829
    endloop
  endfacet
  facet normal 0.067103 -0.041121 -0.996898
    outer loop
      vertex 0.809017 -0.587785 -0.420000
      vertex 0.949548 -0.483819 -0.414829
      vertex 0.862171 -0.626404 -0.414829
    endloop
  endfacet
  facet normal 0.199627 -0.122331 -0.972206
    outer loop
      vertex 0.862171 -0.626404 -0.414829
      vertex 0.949548 -0.483819 -0.414829
      vertex 1.006648 -0.512913 -0.399444
    endloop
  endfacet
  facet normal 0.199627 -0.122331 -0.972206
    outer loop
      vertex 0.862171 -0.626404 -0.414829
      vertex 1.006648 -0.512913 -0.399444
      vertex 0.914017 -0.664072 -0.399444
    endloop
  endfacet
  facet normal 0.327152 -0.200479 -0.923461
    outer loop
      vertex 0.914017 -0.664072 -0.399444
      vertex 1.006648 -0.512913 -0.399444
      vertex 1.060900 -0.540556 -0.374223
    endloop
  endfacet
  facet normal 0.327152 -0.200479 -0.923461
    outer loop
      vertex 0.914017 -0.664072 -0.399444
      vertex 1.060900 -0.540556 -0.374223
      vertex 0.963277 -0.699862 -0.374223
    endloop
  endfacet
  facet normal 0.446503 -0.273618 -0.851920
    outer loop
      vertex 0.963277 -0.699862 -0.374223
      vertex 1.060900 -0.540556 -0.374223
      vertex 1.110969 -0.566067 -0.339787
    endloop
  endfacet
  facet normal 0.446503 -0.273618 -0.851920
    outer loop
      vertex 0.963277 -0.699862 -0.374223
      vertex 1.110969 -0.566067 -0.339787
      vertex 1.008739 -0.732892 -0.339787
    endloop
  endfacet
  facet normal 0.554734 -0.339941 -0.759415
    outer loop
      vertex 1.008739 -0.732892 -0.339787
      vertex 1.110969 -0.566067 -0.339787
      vertex 1.155622 -0.588819 -0.296985
    endloop
  endfacet
  facet normal 0.554734 -0.339941 -0.759415
    outer loop
      vertex 1.008739 -0.732892 -0.339787
      vertex 1.155622 -0.588819 -0.296985
      vertex 1.049283 -0.762349 -0.296985
    endloop
  endfacet
  facet normal 0.649196 -0.397828 -0.648288
    outer loop
      vertex 1.049283 -0.762349 -0.296985
      vertex 1.155622 -0.588819 -0.296985
      vertex 1.193759 -0.608251 -0.246870
    endloop
  endfacet
  facet normal 0.649196 -0.397828 -0.648288
    outer loop
      vertex 1.049283 -0.762349 -0.296985
      vertex 1.193759 -0.608251 -0.246870
      vertex 1.083911 -0.787507 -0.246870
    endloop
  endfacet
  facet normal 0.727607 -0.445878 -0.521326
    outer loop
      vertex 1.083911 -0.787507 -0.246870
      vertex 1.193759 -0.608251 -0.246870
      vertex 1.224441 -0.623884 -0.190676
    endloop
  endfacet
  facet normal 0.727607 -0.445878 -0.521326
    outer loop
      vertex 1.083911 -0.787507 -0.246870
      vertex 1.224441 -0.623884 -0.190676
      vertex 1.111770 -0.807748 -0.190676
    endloop
  endfacet
  facet normal 0.788092 -0.482943 -0.381676
    outer loop
      vertex 1.111770 -0.807748 -0.190676
      vertex 1.224441 -0.623884 -0.190676
      vertex 1.246913 -0.635334 -0.129787
    endloop
  endfacet
  facet normal 0.788092 -0.482943 -0.381676
    outer loop
      vertex 1.111770 -0.807748 -0.190676
      vertex 1.246913 -0.635334 -0.129787
      vertex 1.132174 -0.822572 -0.129787
    endloop
  endfacet
  facet normal 0.829221 -0.508147 -0.232765
    outer loop
      vertex 1.132174 -0.822572 -0.129787
      vertex 1.246913 -0.635334 -0.129787
      vertex 1.260622 -0.642319 -0.065702
    endloop
  endfacet
  facet normal 0.829221 -0.508147 -0.232765
    outer loop
      vertex 1.132174 -0.822572 -0.129787
      vertex 1.260622 -0.642319 -0.065702
      vertex 1.144621 -0.831616 -0.065702
    endloop
  endfacet
  facet normal 0.850028 -0.520898 -0.078219
    outer loop
      vertex 1.144621 -0.831616 -0.065702
      vertex 1.260622 -0.642319 -0.065702
      vertex 1.265229 -0.644667 -0.000000
    endloop
  endfacet
  facet normal 0.850028 -0.520898 -0.078219
    outer loop
      vertex 1.144621 -0.831616 -0.065702
      vertex 1.265229 -0.644667 -0.000000
      vertex 1.148804 -0.834655 -0.000000
    endloop
  endfacet
  facet normal 0.921049 -0.381511 0.078219
    outer loop
      vertex 1.265229 -0.644667 0.000000
      vertex 1.350500 -0.438804 0.000000
      vertex 1.345582 -0.437206 0.065702
    endloop
  endfacet
  facet normal 0.921049 -0.381511 0.078219
    outer loop
      vertex 1.265229 -0.644667 0.000000
      vertex 1.345582 -0.437206 0.065702
      vertex 1.260622 -0.642319 0.065702
    endloop
  endfacet
  facet normal 0.898503 -0.372172 0.232765
    outer loop
      vertex 1.260622 -0.642319 0.065702
      vertex 1.345582 -0.437206 0.065702
      vertex 1.330950 -0.432452 0.129787
    endloop
  endfacet
  facet normal 0.898503 -0.372172 0.232765
    outer loop
      vertex 1.260622 -0.642319 0.065702
      vertex 1.330950 -0.432452 0.129787
      vertex 1.246913 -0.635334 0.129787
    endloop
  endfacet
  facet normal 0.853938 -0.353713 0.381676
    outer loop
      vertex 1.246913 -0.635334 0.129787
      vertex 1.330950 -0.432452 0.129787
      vertex 1.306963 -0.424658 0.190676
    endloop
  endfacet
  facet normal 0.853938 -0.353713 0.381676
    outer loop
      vertex 1.246913 -0.635334 0.129787
      vertex 1.306963 -0.424658 0.190676
      vertex 1.224441 -0.623884 0.190676
    endloop
  endfacet
  facet normal 0.788400 -0.326566 0.521326
    outer loop
      vertex 1.224441 -0.623884 0.190676
      vertex 1.306963 -0.424658 0.190676
      vertex 1.274213 -0.414017 0.246870
    endloop
  endfacet
  facet normal 0.788400 -0.326566 0.521326
    outer loop
      vertex 1.224441 -0.623884 0.190676
      vertex 1.274213 -0.414017 0.246870
      vertex 1.193759 -0.608251 0.246870
    endloop
  endfacet
  facet normal 0.703437 -0.291373 0.648288
    outer loop
      vertex 1.193759 -0.608251 0.246870
      vertex 1.274213 -0.414017 0.246870
      vertex 1.233506 -0.400790 0.296985
    endloop
  endfacet
  facet normal 0.703437 -0.291373 0.648288
    outer loop
      vertex 1.193759 -0.608251 0.246870
      vertex 1.233506 -0.400790 0.296985
      vertex 1.155622 -0.588819 0.296985
    endloop
  endfacet
  facet normal 0.601082 -0.248977 0.759415
    outer loop
      vertex 1.155622 -0.588819 0.296985
      vertex 1.233506 -0.400790 0.296985
      vertex 1.185844 -0.385304 0.339787
    endloop
  endfacet
  facet normal 0.601082 -0.248977 0.759415
    outer loop
      vertex 1.155622 -0.588819 0.296985
      vertex 1.185844 -0.385304 0.339787
      vertex 1.110969 -0.566067 0.339787
    endloop
  endfacet
  facet normal 0.483810 -0.200400 0.851920
    outer loop
      vertex 1.110969 -0.566067 0.339787
      vertex 1.185844 -0.385304 0.339787
      vertex 1.132400 -0.367939 0.374223
    endloop
  endfacet
  facet normal 0.483810 -0.200400 0.851920
    outer loop
      vertex 1.110969 -0.566067 0.339787
      vertex 1.132400 -0.367939 0.374223
      vertex 1.060900 -0.540556 0.374223
    endloop
  endfacet
  facet normal 0.354486 -0.146833 0.923461
    outer loop
      vertex 1.060900 -0.540556 0.374223
      vertex 1.132400 -0.367939 0.374223
      vertex 1.074491 -0.349123 0.399444
    endloop
  endfacet
  facet normal 0.354486 -0.146833 0.923461
    outer loop
      vertex 1.060900 -0.540556 0.374223
      vertex 1.074491 -0.349123 0.399444
      vertex 1.006648 -0.512913 0.399444
    endloop
  endfacet
  facet normal 0.216306 -0.089597 0.972206
    outer loop
      vertex 1.006648 -0.512913 0.399444
      vertex 1.074491 -0.349123 0.399444
      vertex 1.013543 -0.329320 0.414829
    endloop
  endfacet
  facet normal 0.216306 -0.089597 0.972206
    outer loop
      vertex 1.006648 -0.512913 0.399444
      vertex 1.013543 -0.329320 0.414829
      vertex 0.949548 -0.483819 0.414829
    endloop
  endfacet
  facet normal 0.072710 -0.030117 0.996898
    outer loop
      vertex 0.949548 -0.483819 0.414829
      vertex 1.013543 -0.329320 0.414829
      vertex 0.951057 -0.309017 0.420000
    endloop
  endfacet
  facet normal 0.072710 -0.030117 0.996898
    outer loop
      vertex 0.949548 -0.483819 0.414829
      vertex 0.951057 -0.309017 0.420000
      vertex 0.891007 -0.453990 0.420000
    endloop
  endfacet
  facet normal -0.072710 0.030117 0.996898
    outer loop
      vertex 0.891007 -0.453990 0.420000
      vertex 0.951057 -0.309017 0.420000
      vertex 0.888570 -0.288714 0.414829
    endloop
  endfacet
  facet normal -0.072710 0.030117 0.996898
    outer loop
      vertex 0.891007 -0.453990 0.420000
      vertex 0.888570 -0.288714 0.414829
      vertex 0.832465 -0.424162 0.414829
    endloop
  endfacet
  facet normal -0.216306 0.089597 0.972206
    outer loop
      vertex 0.832465 -0.424162 0.414829
      vertex 0.888570 -0.288714 0.414829
      vertex 0.827622 -0.268911 0.399444
    endloop
  endfacet
  facet normal -0.216306 0.089597 0.972206
    outer loop
      vertex 0.832465 -0.424162 0.414829
      vertex 0.827622 -0.268911 0.399444
      vertex 0.775365 -0.395068 0.399444
    endloop
  endfacet
  facet normal -0.354486 0.146833 0.923461
    outer loop
      vertex 0.775365 -0.395068 0.399444
      vertex 0.827622 -0.268911 0.399444
      vertex 0.769713 -0.250095 0.374223
    endloop
  endfacet
  facet normal -0.354486 0.146833 0.923461
    outer loop
      vertex 0.775365 -0.395068 0.399444
      vertex 0.769713 -0.250095 0.374223
      vertex 0.721113 -0.367425 0.374223
    endloop
  endfacet
  facet normal -0.483810 0.200400 0.851920
    outer loop
      vertex 0.721113 -0.367425 0.374223
      vertex 0.769713 -0.250095 0.374223
      vertex 0.716269 -0.232730 0.339787
    endloop
  endfacet
  facet normal -0.483810 0.200400 0.851920
    outer loop
      vertex 0.721113 -0.367425 0.374223
      vertex 0.716269 -0.232730 0.339787
      vertex 0.671044 -0.341914 0.339787
    endloop
  endfacet
  facet normal -0.601082 0.248977 0.759415
    outer loop
      vertex 0.671044 -0.341914 0.339787
      vertex 0.716269 -0.232730 0.339787
      vertex 0.668607 -0.217244 0.296985
    endloop
  endfacet
  facet normal -0.601082 0.248977 0.759415
    outer loop
      vertex 0.671044 -0.341914 0.339787
      vertex 0.668607 -0.217244 0.296985
      vertex 0.626391 -0.319162 0.296985
    endloop
  endfacet
  facet normal -0.703437 0.291373 0.648288
    outer loop
      vertex 0.626391 -0.319162 0.296985
      vertex 0.668607 -0.217244 0.296985
      vertex 0.627900 -0.204017 0.246870
    endloop
  endfacet
  facet normal -0.703437 0.291373 0.648288
    outer loop
      vertex 0.626391 -0.319162 0.296985
      vertex 0.627900 -0.204017 0.246870
      vertex 0.588254 -0.299730 0.246870
    endloop
  endfacet
  facet normal -0.788400 0.326566 0.521326
    outer loop
      vertex 0.588254 -0.299730 0.246870
      vertex 0.627900 -0.204017 0.246870
      vertex 0.595150 -0.193376 0.190676
    endloop
  endfacet
  facet normal -0.788400 0.326566 0.521326
    outer loop
      vertex 0.588254 -0.299730 0.246870
      vertex 0.595150 -0.193376 0.190676
      vertex 0.557572 -0.284097 0.190676
    endloop
  endfacet
  facet normal -0.853938 0.353713 0.381676
    outer loop
      vertex 0.557572 -0.284097 0.190676
      vertex 0.595150 -0.193376 0.190676
      vertex 0.571163 -0.185582 0.129787
    endloop
  endfacet
  facet normal -0.853938 0.353713 0.381676
    outer loop
      vertex 0.557572 -0.284097 0.190676
      vertex 0.571163 -0.185582 0.129787
      vertex 0.535100 -0.272647 0.129787
    endloop
  endfacet
  facet normal -0.898503 0.372172 0.232765
    outer loop
      vertex 0.535100 -0.272647 0.129787
      vertex 0.571163 -0.185582 0.129787
      vertex 0.556531 -0.180828 0.065702
    endloop
  endfacet
  facet normal -0.898503 0.372172 0.232765
    outer loop
      vertex 0.535100 -0.272647 0.129787
      vertex 0.556531 -0.180828 0.065702
      vertex 0.521391 -0.265662 0.065702
    endloop
  endfacet
  facet normal -0.921049 0.381511 0.078219
    outer loop
      vertex 0.521391 -0.265662 0.065702
      vertex 0.556531 -0.180828 0.065702
      vertex 0.551613 -0.179230 0.000000
    endloop
  endfacet
  facet normal -0.921049 0.381511 0.078219
    outer loop
      vertex 0.521391 -0.265662 0.065702
      vertex 0.551613 -0.179230 0.000000
      vertex 0.516784 -0.263314 0.000000
    endloop
  endfacet
  facet normal -0.921049 0.381511 -0.078219
    outer loop
      vertex 0.516784 -0.263314 0.000000
      vertex 0.551613 -0.179230 0.000000
      vertex 0.556531 -0.180828 -0.065702
    endloop
  endfacet
  facet normal -0.921049 0.381511 -0.078219
    outer loop
      vertex 0.516784 -0.263314 0.000000
      vertex 0.556531 -0.180828 -0.065702
      vertex 0.521391 -0.265662 -0.065702
    endloop
  endfacet
  facet normal -0.898503 0.372172 -0.232765
    outer loop
      vertex 0.521391 -0.265662 -0.065702
      vertex 0.556531 -0.180828 -0.065702
      vertex 0.571163 -0.185582 -0.129787
    endloop
  endfacet
  facet normal -0.898503 0.372172 -0.232765
    outer loop
      vertex 0.521391 -0.265662 -0.065702
      vertex 0.571163 -0.185582 -0.129787
      vertex 0.535100 -0.272647 -0.129787
    endloop
  endfacet
  facet normal -0.853938 0.353713 -0.381676
    outer loop
      vertex 0.535100 -0.272647 -0.129787
      vertex 0.571163 -0.185582 -0.129787
      vertex 0.595150 -0.193376 -0.190676
    endloop
  endfacet
  facet normal -0.853938 0.353713 -0.381676
    outer loop
      vertex 0.535100 -0.272647 -0.129787
      vertex 0.595150 -0.193376 -0.190676
      vertex 0.557572 -0.284097 -0.190676
    endloop
  endfacet
  facet normal -0.788400 0.326566 -0.521326
    outer loop
      vertex 0.557572 -0.284097 -0.190676
      vertex 0.595150 -0.193376 -0.190676
      vertex 0.627900 -0.204017 -0.246870
    endloop
  endfacet
  facet normal -0.788400 0.326566 -0.521326
    outer loop
      vertex 0.557572 -0.284097 -0.190676
      vertex 0.627900 -0.204017 -0.246870
      vertex 0.588254 -0.299730 -0.246870
    endloop
  endfacet
  facet normal -0.703437 0.291373 -0.648288
    outer loop
      vertex 0.588254 -0.299730 -0.246870
      vertex 0.627900 -0.204017 -0.246870
      vertex 0.668607 -0.217244 -0.296985
    endloop
  endfacet
  facet normal -0.703437 0.291373 -0.648288
    outer loop
      vertex 0.588254 -0.299730 -0.246870
      vertex 0.668607 -0.217244 -0.296985
      vertex 0.626391 -0.319162 -0.296985
    endloop
  endfacet
  facet normal -0.601082 0.248977 -0.759415
    outer loop
      vertex 0.626391 -0.319162 -0.296985
      vertex 0.668607 -0.217244 -0.296985
      vertex 0.716269 -0.232730 -0.339787
    endloop
  endfacet
  facet normal -0.601082 0.248977 -0.759415
    outer loop
      vertex 0.626391 -0.319162 -0.296985
      vertex 0.716269 -0.232730 -0.339787
      vertex 0.671044 -0.341914 -0.339787
    endloop
  endfacet
  facet normal -0.483810 0.200400 -0.851920
    outer loop
      vertex 0.671044 -0.341914 -0.339787
      vertex 0.716269 -0.232730 -0.339787
      vertex 0.769713 -0.250095 -0.374223
    endloop
  endfacet
  facet normal -0.483810 0.200400 -0.851920
    outer loop
      vertex 0.671044 -0.341914 -0.339787
      vertex 0.769713 -0.250095 -0.374223
      vertex 0.721113 -0.367425 -0.374223
    endloop
  endfacet
  facet normal -0.354486 0.146833 -0.923461
    outer loop
      vertex 0.721113 -0.367425 -0.374223
      vertex 0.769713 -0.250095 -0.374223
      vertex 0.827622 -0.268911 -0.399444
    endloop
  endfacet
  facet normal -0.354486 0.146833 -0.923461
    outer loop
      vertex 0.721113 -0.367425 -0.374223
      vertex 0.827622 -0.268911 -0.399444
      vertex 0.775365 -0.395068 -0.399444
    endloop
  endfacet
  facet normal -0.216306 0.089597 -0.972206
    outer loop
      vertex 0.775365 -0.395068 -0.399444
      vertex 0.827622 -0.268911 -0.399444
      vertex 0.888570 -0.288714 -0.414829
    endloop
  endfacet
  facet normal -0.216306 0.089597 -0.972206
    outer loop
      vertex 0.775365 -0.395068 -0.399444
      vertex 0.888570 -0.288714 -0.414829
      vertex 0.832465 -0.424162 -0.414829
    endloop
  endfacet
  facet normal -0.072710 0.030117 -0.996898
    outer loop
      vertex 0.832465 -0.424162 -0.414829
      vertex 0.888570 -0.288714 -0.414829
      vertex 0.951057 -0.309017 -0.420000
    endloop
  endfacet
  facet normal -0.072710 0.030117 -0.996898
    outer loop
      vertex 0.832465 -0.424162 -0.414829
      vertex 0.951057 -0.309017 -0.420000
      vertex 0.891007 -0.453990 -0.420000
    endloop
  endfacet
  facet normal 0.072710 -0.030117 -0.996898
    outer loop
      vertex 0.891007 -0.453990 -0.420000
      vertex 0.951057 -0.309017 -0.420000
      vertex 1.013543 -0.329320 -0.414829
    endloop
  endfacet
  facet normal 0.072710 -0.030117 -0.996898
    outer loop
      vertex 0.891007 -0.453990 -0.420000
      vertex 1.013543 -0.329320 -0.414829
      vertex 0.949548 -0.483819 -0.414829
    endloop
  endfacet
  facet normal 0.216306 -0.089597 -0.972206
    outer loop
      vertex 0.949548 -0.483819 -0.414829
      vertex 1.013543 -0.329320 -0.414829
      vertex 1.074491 -0.349123 -0.399444
    endloop
  endfacet
  facet normal 0.216306 -0.089597 -0.972206
    outer loop
      vertex 0.949548 -0.483819 -0.414829
      vertex 1.074491 -0.349123 -0.399444
      vertex 1.006648 -0.512913 -0.399444
    endloop
  endfacet
  facet normal 0.354486 -0.146833 -0.923461
    outer loop
      vertex 1.006648 -0.512913 -0.399444
      vertex 1.074491 -0.349123 -0.399444
      vertex 1.132400 -0.367939 -0.374223
    endloop
  endfacet
  facet normal 0.354486 -0.146833 -0.923461
    outer loop
      vertex 1.006648 -0.512913 -0.399444
      vertex 1.132400 -0.367939 -0.374223
      vertex 1.060900 -0.540556 -0.374223
    endloop
  endfacet
  facet normal 0.483810 -0.200400 -0.851920
    outer loop
      vertex 1.060900 -0.540556 -0.374223
      vertex 1.132400 -0.367939 -0.374223
      vertex 1.185844 -0.385304 -0.339787
    endloop
  endfacet
  facet normal 0.483810 -0.200400 -0.851920
    outer loop
      vertex 1.060900 -0.540556 -0.374223
      vertex 1.185844 -0.385304 -0.339787
      vertex 1.110969 -0.566067 -0.339787
    endloop
  endfacet
  facet normal 0.601082 -0.248977 -0.759415
    outer loop
      vertex 1.110969 -0.566067 -0.339787
      vertex 1.185844 -0.385304 -0.339787
      vertex 1.233506 -0.400790 -0.296985
    endloop
  endfacet
  facet normal 0.601082 -0.248977 -0.759415
    outer loop
      vertex 1.110969 -0.566067 -0.339787
      vertex 1.233506 -0.400790 -0.296985
      vertex 1.155622 -0.588819 -0.296985
    endloop
  endfacet
  facet normal 0.703437 -0.291373 -0.648288
    outer loop
      vertex 1.155622 -0.588819 -0.296985
      vertex 1.233506 -0.400790 -0.296985
      vertex 1.274213 -0.414017 -0.246870
    endloop
  endfacet
  facet normal 0.703437 -0.291373 -0.648288
    outer loop
      vertex 1.155622 -0.588819 -0.296985
      vertex 1.274213 -0.414017 -0.246870
      vertex 1.193759 -0.608251 -0.246870
    endloop
  endfacet
  facet normal 0.788400 -0.326566 -0.521326
    outer loop
      vertex 1.193759 -0.608251 -0.246870
      vertex 1.274213 -0.414017 -0.246870
      vertex 1.306963 -0.424658 -0.190676
    endloop
  endfacet
  facet normal 0.788400 -0.326566 -0.521326
    outer loop
      vertex 1.193759 -0.608251 -0.246870
      vertex 1.306963 -0.424658 -0.190676
      vertex 1.224441 -0.623884 -0.190676
    endloop
  endfacet
  facet normal 0.853938 -0.353713 -0.381676
    outer loop
      vertex 1.224441 -0.623884 -0.190676
      vertex 1.306963 -0.424658 -0.190676
      vertex 1.330950 -0.432452 -0.129787
    endloop
  endfacet
  facet normal 0.853938 -0.353713 -0.381676
    outer loop
      vertex 1.224441 -0.623884 -0.190676
      vertex 1.330950 -0.432452 -0.129787
      vertex 1.246913 -0.635334 -0.129787
    endloop
  endfacet
  facet normal 0.898503 -0.372172 -0.232765
    outer loop
      vertex 1.246913 -0.635334 -0.129787
      vertex 1.330950 -0.432452 -0.129787
      vertex 1.345582 -0.437206 -0.065702
    endloop
  endfacet
  facet normal 0.898503 -0.372172 -0.232765
    outer loop
      vertex 1.246913 -0.635334 -0.129787
      vertex 1.345582 -0.437206 -0.065702
      vertex 1.260622 -0.642319 -0.065702
    endloop
  endfacet
  facet normal 0.921049 -0.381511 -0.078219
    outer loop
      vertex 1.260622 -0.642319 -0.065702
      vertex 1.345582 -0.437206 -0.065702
      vertex 1.350500 -0.438804 -0.000000
    endloop
  endfacet
  facet normal 0.921049 -0.381511 -0.078219
    outer loop
      vertex 1.260622 -0.642319 -0.065702
      vertex 1.350500 -0.438804 -0.000000
      vertex 1.265229 -0.644667 -0.000000
    endloop
  endfacet
  facet normal 0.969391 -0.232730 0.078219
    outer loop
      vertex 1.350500 -0.438804 0.000000
      vertex 1.402517 -0.222137 0.000000
      vertex 1.397410 -0.221328 0.065702
    endloop
  endfacet
  facet normal 0.969391 -0.232730 0.078219
    outer loop
      vertex 1.350500 -0.438804 0.000000
      vertex 1.397410 -0.221328 0.065702
      vertex 1.345582 -0.437206 0.065702
    endloop
  endfacet
  facet normal 0.945662 -0.227033 0.232765
    outer loop
      vertex 1.345582 -0.437206 0.065702
      vertex 1.397410 -0.221328 0.065702
      vertex 1.382214 -0.218921 0.129787
    endloop
  endfacet
  facet normal 0.945662 -0.227033 0.232765
    outer loop
      vertex 1.345582 -0.437206 0.065702
      vertex 1.382214 -0.218921 0.129787
      vertex 1.330950 -0.432452 0.129787
    endloop
  endfacet
  facet normal 0.898758 -0.215773 0.381676
    outer loop
      vertex 1.330950 -0.432452 0.129787
      vertex 1.382214 -0.218921 0.129787
      vertex 1.357304 -0.214976 0.190676
    endloop
  endfacet
  facet normal 0.898758 -0.215773 0.381676
    outer loop
      vertex 1.330950 -0.432452 0.129787
      vertex 1.357304 -0.214976 0.190676
      vertex 1.306963 -0.424658 0.190676
    endloop
  endfacet
  facet normal 0.829779 -0.199212 0.521326
    outer loop
      vertex 1.306963 -0.424658 0.190676
      vertex 1.357304 -0.214976 0.190676
      vertex 1.323292 -0.209589 0.246870
    endloop
  endfacet
  facet normal 0.829779 -0.199212 0.521326
    outer loop
      vertex 1.306963 -0.424658 0.190676
      vertex 1.323292 -0.209589 0.246870
      vertex 1.274213 -0.414017 0.246870
    endloop
  endfacet
  facet normal 0.740358 -0.177744 0.648288
    outer loop
      vertex 1.274213 -0.414017 0.246870
      vertex 1.323292 -0.209589 0.246870
      vertex 1.281017 -0.202893 0.296985
    endloop
  endfacet
  facet normal 0.740358 -0.177744 0.648288
    outer loop
      vertex 1.274213 -0.414017 0.246870
      vertex 1.281017 -0.202893 0.296985
      vertex 1.233506 -0.400790 0.296985
    endloop
  endfacet
  facet normal 0.632631 -0.151881 0.759415
    outer loop
      vertex 1.233506 -0.400790 0.296985
      vertex 1.281017 -0.202893 0.296985
      vertex 1.231519 -0.195053 0.339787
    endloop
  endfacet
  facet normal 0.632631 -0.151881 0.759415
    outer loop
      vertex 1.233506 -0.400790 0.296985
      vertex 1.231519 -0.195053 0.339787
      vertex 1.185844 -0.385304 0.339787
    endloop
  endfacet
  facet normal 0.509203 -0.122249 0.851920
    outer loop
      vertex 1.185844 -0.385304 0.339787
      vertex 1.231519 -0.195053 0.339787
      vertex 1.176017 -0.186263 0.374223
    endloop
  endfacet
  facet normal 0.509203 -0.122249 0.851920
    outer loop
      vertex 1.185844 -0.385304 0.339787
      vertex 1.176017 -0.186263 0.374223
      vertex 1.132400 -0.367939 0.374223
    endloop
  endfacet
  facet normal 0.373091 -0.089571 0.923461
    outer loop
      vertex 1.132400 -0.367939 0.374223
      vertex 1.176017 -0.186263 0.374223
      vertex 1.115878 -0.176738 0.399444
    endloop
  endfacet
  facet normal 0.373091 -0.089571 0.923461
    outer loop
      vertex 1.132400 -0.367939 0.374223
      vertex 1.115878 -0.176738 0.399444
      vertex 1.074491 -0.349123 0.399444
    endloop
  endfacet
  facet normal 0.227659 -0.054656 0.972206
    outer loop
      vertex 1.074491 -0.349123 0.399444
      vertex 1.115878 -0.176738 0.399444
      vertex 1.052582 -0.166713 0.414829
    endloop
  endfacet
  facet normal 0.227659 -0.054656 0.972206
    outer loop
      vertex 1.074491 -0.349123 0.399444
      vertex 1.052582 -0.166713 0.414829
      vertex 1.013543 -0.329320 0.414829
    endloop
  endfacet
  facet normal 0.076526 -0.018372 0.996898
    outer loop
      vertex 1.013543 -0.329320 0.414829
      vertex 1.052582 -0.166713 0.414829
      vertex 0.987688 -0.156434 0.420000
    endloop
  endfacet
  facet normal 0.076526 -0.018372 0.996898
    outer loop
      vertex 1.013543 -0.329320 0.414829
      vertex 0.987688 -0.156434 0.420000
      vertex 0.951057 -0.309017 0.420000
    endloop
  endfacet
  facet normal -0.076526 0.018372 0.996898
    outer loop
      vertex 0.951057 -0.309017 0.420000
      vertex 0.987688 -0.156434 0.420000
      vertex 0.922795 -0.146156 0.414829
    endloop
  endfacet
  facet normal -0.076526 0.018372 0.996898
    outer loop
      vertex 0.951057 -0.309017 0.420000
      vertex 0.922795 -0.146156 0.414829
      vertex 0.888570 -0.288714 0.414829
    endloop
  endfacet
  facet normal -0.227659 0.054656 0.972206
    outer loop
      vertex 0.888570 -0.288714 0.414829
      vertex 0.922795 -0.146156 0.414829
      vertex 0.859499 -0.136131 0.399444
    endloop
  endfacet
  facet normal -0.227659 0.054656 0.972206
    outer loop
      vertex 0.888570 -0.288714 0.414829
      vertex 0.859499 -0.136131 0.399444
      vertex 0.827622 -0.268911 0.399444
    endloop
  endfacet
  facet normal -0.373091 0.089571 0.923461
    outer loop
      vertex 0.827622 -0.268911 0.399444
      vertex 0.859499 -0.136131 0.399444
      vertex 0.799360 -0.126606 0.374223
    endloop
  endfacet
  facet normal -0.373091 0.089571 0.923461
    outer loop
      vertex 0.827622 -0.268911 0.399444
      vertex 0.799360 -0.126606 0.374223
      vertex 0.769713 -0.250095 0.374223
    endloop
  endfacet
  facet normal -0.509203 0.122249 0.851920
    outer loop
      vertex 0.769713 -0.250095 0.374223
      vertex 0.799360 -0.126606 0.374223
      vertex 0.743858 -0.117816 0.339787
    endloop
  endfacet
  facet normal -0.509203 0.122249 0.851920
    outer loop
      vertex 0.769713 -0.250095 0.374223
      vertex 0.743858 -0.117816 0.339787
      vertex 0.716269 -0.232730 0.339787
    endloop
  endfacet
  facet normal -0.632631 0.151881 0.759415
    outer loop
      vertex 0.716269 -0.232730 0.339787
      vertex 0.743858 -0.117816 0.339787
      vertex 0.694360 -0.109976 0.296985
    endloop
  endfacet
  facet normal -0.632631 0.151881 0.759415
    outer loop
      vertex 0.716269 -0.232730 0.339787
      vertex 0.694360 -0.109976 0.296985
      vertex 0.668607 -0.217244 0.296985
    endloop
  endfacet
  facet normal -0.740358 0.177744 0.648288
    outer loop
      vertex 0.668607 -0.217244 0.296985
      vertex 0.694360 -0.109976 0.296985
      vertex 0.652085 -0.103280 0.246870
    endloop
  endfacet
  facet normal -0.740358 0.177744 0.648288
    outer loop
      vertex 0.668607 -0.217244 0.296985
      vertex 0.652085 -0.103280 0.246870
      vertex 0.627900 -0.204017 0.246870
    endloop
  endfacet
  facet normal -0.829779 0.199212 0.521326
    outer loop
      vertex 0.627900 -0.204017 0.246870
      vertex 0.652085 -0.103280 0.246870
      vertex 0.618073 -0.097893 0.190676
    endloop
  endfacet
  facet normal -0.829779 0.199212 0.521326
    outer loop
      vertex 0.627900 -0.204017 0.246870
      vertex 0.618073 -0.097893 0.190676
      vertex 0.595150 -0.193376 0.190676
    endloop
  endfacet
  facet normal -0.898758 0.215773 0.381676
    outer loop
      vertex 0.595150 -0.193376 0.190676
      vertex 0.618073 -0.097893 0.190676
      vertex 0.593162 -0.093948 0.129787
    endloop
  endfacet
  facet normal -0.898758 0.215773 0.381676
    outer loop
      vertex 0.595150 -0.193376 0.190676
      vertex 0.593162 -0.093948 0.129787
      vertex 0.571163 -0.185582 0.129787
    endloop
  endfacet
  facet normal -0.945662 0.227033 0.232765
    outer loop
      vertex 0.571163 -0.185582 0.129787
      vertex 0.593162 -0.093948 0.129787
      vertex 0.577966 -0.091541 0.065702
    endloop
  endfacet
  facet normal -0.945662 0.227033 0.232765
    outer loop
      vertex 0.571163 -0.185582 0.129787
      vertex 0.577966 -0.091541 0.065702
      vertex 0.556531 -0.180828 0.065702
    endloop
  endfacet
  facet normal -0.969391 0.232730 0.078219
    outer loop
      vertex 0.556531 -0.180828 0.065702
      vertex 0.577966 -0.091541 0.065702
      vertex 0.572859 -0.090732 0.000000
    endloop
  endfacet
  facet normal -0.969391 0.232730 0.078219
    outer loop
      vertex 0.556531 -0.180828 0.065702
      vertex 0.572859 -0.090732 0.000000
      vertex 0.551613 -0.179230 0.000000
    endloop
  endfacet
  facet normal -0.969391 0.232730 -0.078219
    outer loop
      vertex 0.551613 -0.179230 0.000000
      vertex 0.572859 -0.090732 0.000000
      vertex 0.577966 -0.091541 -0.065702
    endloop
  endfacet
  facet normal -0.969391 0.232730 -0.078219
    outer loop
      vertex 0.551613 -0.179230 0.000000
      vertex 0.577966 -0.091541 -0.065702
      vertex 0.556531 -0.180828 -0.065702
    endloop
  endfacet
  facet normal -0.945662 0.227033 -0.232765
    outer loop
      vertex 0.556531 -0.180828 -0.065702
      vertex 0.577966 -0.091541 -0.065702
      vertex 0.593162 -0.093948 -0.129787
    endloop
  endfacet
  facet normal -0.945662 0.227033 -0.232765
    outer loop
      vertex 0.556531 -0.180828 -0.065702
      vertex 0.593162 -0.093948 -0.129787
      vertex 0.571163 -0.185582 -0.129787
    endloop
  endfacet
  facet normal -0.898758 0.215773 -0.381676
    outer loop
      vertex 0.571163 -0.185582 -0.129787
      vertex 0.593162 -0.093948 -0.129787
      vertex 0.618073 -0.097893 -0.190676
    endloop
  endfacet
  facet normal -0.898758 0.215773 -0.381676
    outer loop
      vertex 0.571163 -0.185582 -0.129787
      vertex 0.618073 -0.097893 -0.190676
      vertex 0.595150 -0.193376 -0.190676
    endloop
  endfacet
  facet normal -0.829779 0.199212 -0.521326
    outer loop
      vertex 0.595150 -0.193376 -0.190676
      vertex 0.618073 -0.097893 -0.190676
      vertex 0.652085 -0.103280 -0.246870
    endloop
  endfacet
  facet normal -0.829779 0.199212 -0.521326
    outer loop
      vertex 0.595150 -0.193376 -0.190676
      vertex 0.652085 -0.103280 -0.246870
      vertex 0.627900 -0.204017 -0.246870
    endloop
  endfacet
  facet normal -0.740358 0.177744 -0.648288
    outer loop
      vertex 0.627900 -0.204017 -0.246870
      vertex 0.652085 -0.103280 -0.246870
      vertex 0.694360 -0.109976 -0.296985
    endloop
  endfacet
  facet normal -0.740358 0.177744 -0.648288
    outer loop
      vertex 0.627900 -0.204017 -0.246870
      vertex 0.694360 -0.109976 -0.296985
      vertex 0.668607 -0.217244 -0.296985
    endloop
  endfacet
  facet normal -0.632631 0.151881 -0.759415
    outer loop
      vertex 0.668607 -0.217244 -0.296985
      vertex 0.694360 -0.109976 -0.296985
      vertex 0.743858 -0.117816 -0.339787
    endloop
  endfacet
  facet normal -0.632631 0.151881 -0.759415
    outer loop
      vertex 0.668607 -0.217244 -0.296985
      vertex 0.743858 -0.117816 -0.339787
      vertex 0.716269 -0.232730 -0.339787
    endloop
  endfacet
  facet normal -0.509203 0.122249 -0.851920
    outer loop
      vertex 0.716269 -0.232730 -0.339787
      vertex 0.743858 -0.117816 -0.339787
      vertex 0.799360 -0.126606 -0.374223
    endloop
  endfacet
  facet normal -0.509203 0.122249 -0.851920
    outer loop
      vertex 0.716269 -0.232730 -0.339787
      vertex 0.799360 -0.126606 -0.374223
      vertex 0.769713 -0.250095 -0.374223
    endloop
  endfacet
  facet normal -0.373091 0.089571 -0.923461
    outer loop
      vertex 0.769713 -0.250095 -0.374223
      vertex 0.799360 -0.126606 -0.374223
      vertex 0.859499 -0.136131 -0.399444
    endloop
  endfacet
  facet normal -0.373091 0.089571 -0.923461
    outer loop
      vertex 0.769713 -0.250095 -0.374223
      vertex 0.859499 -0.136131 -0.399444
      vertex 0.827622 -0.268911 -0.399444
    endloop
  endfacet
  facet normal -0.227659 0.054656 -0.972206
    outer loop
      vertex 0.827622 -0.268911 -0.399444
      vertex 0.859499 -0.136131 -0.399444
      vertex 0.922795 -0.146156 -0.414829
    endloop
  endfacet
  facet normal -0.227659 0.054656 -0.972206
    outer loop
      vertex 0.827622 -0.268911 -0.399444
      vertex 0.922795 -0.146156 -0.414829
      vertex 0.888570 -0.288714 -0.414829
    endloop
  endfacet
  facet normal -0.076526 0.018372 -0.996898
    outer loop
      vertex 0.888570 -0.288714 -0.414829
      vertex 0.922795 -0.146156 -0.414829
      vertex 0.987688 -0.156434 -0.420000
    endloop
  endfacet
  facet normal -0.076526 0.018372 -0.996898
    outer loop
      vertex 0.888570 -0.288714 -0.414829
      vertex 0.987688 -0.156434 -0.420000
      vertex 0.951057 -0.309017 -0.420000
    endloop
  endfacet
  facet normal 0.076526 -0.018372 -0.996898
    outer loop
      vertex 0.951057 -0.309017 -0.420000
      vertex 0.987688 -0.156434 -0.420000
      vertex 1.052582 -0.166713 -0.414829
    endloop
  endfacet
  facet normal 0.076526 -0.018372 -0.996898
    outer loop
      vertex 0.951057 -0.309017 -0.420000
      vertex 1.052582 -0.166713 -0.414829
      vertex 1.013543 -0.329320 -0.414829
    endloop
  endfacet
  facet normal 0.227659 -0.054656 -0.972206
    outer loop
      vertex 1.013543 -0.329320 -0.414829
      vertex 1.052582 -0.166713 -0.414829
      vertex 1.115878 -0.176738 -0.399444
    endloop
  endfacet
  facet normal 0.227659 -0.054656 -0.972206
    outer loop
      vertex 1.013543 -0.329320 -0.414829
      vertex 1.115878 -0.176738 -0.399444
      vertex 1.074491 -0.349123 -0.399444
    endloop
  endfacet
  facet normal 0.373091 -0.089571 -0.923461
    outer loop
      vertex 1.074491 -0.349123 -0.399444
      vertex 1.115878 -0.176738 -0.399444
      vertex 1.176017 -0.186263 -0.374223
    endloop
  endfacet
  facet normal 0.373091 -0.089571 -0.923461
    outer loop
      vertex 1.074491 -0.349123 -0.399444
      vertex 1.176017 -0.186263 -0.374223
      vertex 1.132400 -0.367939 -0.374223
    endloop
  endfacet
  facet normal 0.509203 -0.122249 -0.851920
    outer loop
      vertex 1.132400 -0.367939 -0.374223
      vertex 1.176017 -0.186263 -0.374223
      vertex 1.231519 -0.195053 -0.339787
    endloop
  endfacet
  facet normal 0.509203 -0.122249 -0.851920
    outer loop
      vertex 1.132400 -0.367939 -0.374223
      vertex 1.231519 -0.195053 -0.339787
      vertex 1.185844 -0.385304 -0.339787
    endloop
  endfacet
  facet normal 0.632631 -0.151881 -0.759415
    outer loop
      vertex 1.185844 -0.385304 -0.339787
      vertex 1.231519 -0.195053 -0.339787
      vertex 1.281017 -0.202893 -0.296985
    endloop
  endfacet
  facet normal 0.632631 -0.151881 -0.759415
    outer loop
      vertex 1.185844 -0.385304 -0.339787
      vertex 1.281017 -0.202893 -0.296985
      vertex 1.233506 -0.400790 -0.296985
    endloop
  endfacet
  facet normal 0.740358 -0.177744 -0.648288
    outer loop
      vertex 1.233506 -0.400790 -0.296985
      vertex 1.281017 -0.202893 -0.296985
      vertex 1.323292 -0.209589 -0.246870
    endloop
  endfacet
  facet normal 0.740358 -0.177744 -0.648288
    outer loop
      vertex 1.233506 -0.400790 -0.296985
      vertex 1.323292 -0.209589 -0.246870
      vertex 1.274213 -0.414017 -0.246870
    endloop
  endfacet
  facet normal 0.829779 -0.199212 -0.521326
    outer loop
      vertex 1.274213 -0.414017 -0.246870
      vertex 1.323292 -0.209589 -0.246870
      vertex 1.357304 -0.214976 -0.190676
    endloop
  endfacet
  facet normal 0.829779 -0.199212 -0.521326
    outer loop
      vertex 1.274213 -0.414017 -0.246870
      vertex 1.357304 -0.214976 -0.190676
      vertex 1.306963 -0.424658 -0.190676
    endloop
  endfacet
  facet normal 0.898758 -0.215773 -0.381676
    outer loop
      vertex 1.306963 -0.424658 -0.190676
      vertex 1.357304 -0.214976 -0.190676
      vertex 1.382214 -0.218921 -0.129787
    endloop
  endfacet
  facet normal 0.898758 -0.215773 -0.381676
    outer loop
      vertex 1.306963 -0.424658 -0.190676
      vertex 1.382214 -0.218921 -0.129787
      vertex 1.330950 -0.432452 -0.129787
    endloop
  endfacet
  facet normal 0.945662 -0.227033 -0.232765
    outer loop
      vertex 1.330950 -0.432452 -0.129787
      vertex 1.382214 -0.218921 -0.129787
      vertex 1.397410 -0.221328 -0.065702
    endloop
  endfacet
  facet normal 0.945662 -0.227033 -0.232765
    outer loop
      vertex 1.330950 -0.432452 -0.129787
      vertex 1.397410 -0.221328 -0.065702
      vertex 1.345582 -0.437206 -0.065702
    endloop
  endfacet
  facet normal 0.969391 -0.232730 -0.078219
    outer loop
      vertex 1.345582 -0.437206 -0.065702
      vertex 1.397410 -0.221328 -0.065702
      vertex 1.402517 -0.222137 -0.000000
    endloop
  endfacet
  facet normal 0.969391 -0.232730 -0.078219
    outer loop
      vertex 1.345582 -0.437206 -0.065702
      vertex 1.402517 -0.222137 -0.000000
      vertex 1.350500 -0.438804 -0.000000
    endloop
  endfacet
  facet normal 0.993863 -0.078219 0.078219
    outer loop
      vertex 1.402517 -0.222137 0.000000
      vertex 1.420000 -0.000000 0.000000
      vertex 1.414829 -0.000000 0.065702
    endloop
  endfacet
  facet normal 0.993863 -0.078219 0.078219
    outer loop
      vertex 1.402517 -0.222137 0.000000
      vertex 1.414829 -0.000000 0.065702
      vertex 1.397410 -0.221328 0.065702
    endloop
  endfacet
  facet normal 0.969535 -0.076304 0.232765
    outer loop
      vertex 1.397410 -0.221328 0.065702
      vertex 1.414829 -0.000000 0.065702
      vertex 1.399444 -0.000000 0.129787
    endloop
  endfacet
  facet normal 0.969535 -0.076304 0.232765
    outer loop
      vertex 1.397410 -0.221328 0.065702
      vertex 1.399444 -0.000000 0.129787
      vertex 1.382214 -0.218921 0.129787
    endloop
  endfacet
  facet normal 0.921447 -0.072519 0.381676
    outer loop
      vertex 1.382214 -0.218921 0.129787
      vertex 1.399444 -0.000000 0.129787
      vertex 1.374223 -0.000000 0.190676
    endloop
  endfacet
  facet normal 0.921447 -0.072519 0.381676
    outer loop
      vertex 1.382214 -0.218921 0.129787
      vertex 1.374223 -0.000000 0.190676
      vertex 1.357304 -0.214976 0.190676
    endloop
  endfacet
  facet normal 0.850727 -0.066954 0.521326
    outer loop
      vertex 1.357304 -0.214976 0.190676
      vertex 1.374223 -0.000000 0.190676
      vertex 1.339787 -0.000000 0.246870
    endloop
  endfacet
  facet normal 0.850727 -0.066954 0.521326
    outer loop
      vertex 1.357304 -0.214976 0.190676
      vertex 1.339787 -0.000000 0.246870
      vertex 1.323292 -0.209589 0.246870
    endloop
  endfacet
  facet normal 0.759048 -0.059738 0.648288
    outer loop
      vertex 1.323292 -0.209589 0.246870
      vertex 1.339787 -0.000000 0.246870
      vertex 1.296985 -0.000000 0.296985
    endloop
  endfacet
  facet normal 0.759048 -0.059738 0.648288
    outer loop
      vertex 1.323292 -0.209589 0.246870
      vertex 1.296985 -0.000000 0.296985
      vertex 1.281017 -0.202893 0.296985
    endloop
  endfacet
  facet normal 0.648601 -0.051046 0.759415
    outer loop
      vertex 1.281017 -0.202893 0.296985
      vertex 1.296985 -0.000000 0.296985
      vertex 1.246870 -0.000000 0.339787
    endloop
  endfacet
  facet normal 0.648601 -0.051046 0.759415
    outer loop
      vertex 1.281017 -0.202893 0.296985
      vertex 1.246870 -0.000000 0.339787
      vertex 1.231519 -0.195053 0.339787
    endloop
  endfacet
  facet normal 0.522057 -0.041087 0.851920
    outer loop
      vertex 1.231519 -0.195053 0.339787
      vertex 1.246870 -0.000000 0.339787
      vertex 1.190676 -0.000000 0.374223
    endloop
  endfacet
  facet normal 0.522057 -0.041087 0.851920
    outer loop
      vertex 1.231519 -0.195053 0.339787
      vertex 1.190676 -0.000000 0.374223
      vertex 1.176017 -0.186263 0.374223
    endloop
  endfacet
  facet normal 0.382510 -0.030104 0.923461
    outer loop
      vertex 1.176017 -0.186263 0.374223
      vertex 1.190676 -0.000000 0.374223
      vertex 1.129787 -0.000000 0.399444
    endloop
  endfacet
  facet normal 0.382510 -0.030104 0.923461
    outer loop
      vertex 1.176017 -0.186263 0.374223
      vertex 1.129787 -0.000000 0.399444
      vertex 1.115878 -0.176738 0.399444
    endloop
  endfacet
  facet normal 0.233406 -0.018369 0.972206
    outer loop
      vertex 1.115878 -0.176738 0.399444
      vertex 1.129787 -0.000000 0.399444
      vertex 1.065702 -0.000000 0.414829
    endloop
  endfacet
  facet normal 0.233406 -0.018369 0.972206
    outer loop
      vertex 1.115878 -0.176738 0.399444
      vertex 1.065702 -0.000000 0.414829
      vertex 1.052582 -0.166713 0.414829
    endloop
  endfacet
  facet normal 0.078458 -0.006175 0.996898
    outer loop
      vertex 1.052582 -0.166713 0.414829
      vertex 1.065702 -0.000000 0.414829
      vertex 1.000000 -0.000000 0.420000
    endloop
  endfacet
  facet normal 0.078458 -0.006175 0.996898
    outer loop
      vertex 1.052582 -0.166713 0.414829
      vertex 1.000000 -0.000000 0.420000
      vertex 0.987688 -0.156434 0.420000
    endloop
  endfacet
  facet normal -0.078458 0.006175 0.996898
    outer loop
      vertex 0.987688 -0.156434 0.420000
      vertex 1.000000 -0.000000 0.420000
      vertex 0.934298 -0.000000 0.414829
    endloop
  endfacet
  facet normal -0.078458 0.006175 0.996898
    outer loop
      vertex 0.987688 -0.156434 0.420000
      vertex 0.934298 -0.000000 0.414829
      vertex 0.922795 -0.146156 0.414829
    endloop
  endfacet
  facet normal -0.233406 0.018369 0.972206
    outer loop
      vertex 0.922795 -0.146156 0.414829
      vertex 0.934298 -0.000000 0.414829
      vertex 0.870213 -0.000000 0.399444
    endloop
  endfacet
  facet normal -0.233406 0.018369 0.972206
    outer loop
      vertex 0.922795 -0.146156 0.414829
      vertex 0.870213 -0.000000 0.399444
      vertex 0.859499 -0.136131 0.399444
    endloop
  endfacet
  facet normal -0.382510 0.030104 0.923461
    outer loop
      vertex 0.859499 -0.136131 0.399444
      vertex 0.870213 -0.000000 0.399444
      vertex 0.809324 -0.000000 0.374223
    endloop
  endfacet
  facet normal -0.382510 0.030104 0.923461
    outer loop
      vertex 0.859499 -0.136131 0.399444
      vertex 0.809324 -0.000000 0.374223
      vertex 0.799360 -0.126606 0.374223
    endloop
  endfacet
  facet normal -0.522057 0.041087 0.851920
    outer loop
      vertex 0.799360 -0.126606 0.374223
      vertex 0.809324 -0.000000 0.374223
      vertex 0.753130 -0.000000 0.339787
    endloop
  endfacet
  facet normal -0.522057 0.041087 0.851920
    outer loop
      vertex 0.799360 -0.126606 0.374223
      vertex 0.753130 -0.000000 0.339787
      vertex 0.743858 -0.117816 0.339787
    endloop
  endfacet
  facet normal -0.648601 0.051046 0.759415
    outer loop
      vertex 0.743858 -0.117816 0.339787
      vertex 0.753130 -0.000000 0.339787
      vertex 0.703015 -0.000000 0.296985
    endloop
  endfacet
  facet normal -0.648601 0.051046 0.759415
    outer loop
      vertex 0.743858 -0.117816 0.339787
      vertex 0.703015 -0.000000 0.296985
      vertex 0.694360 -0.109976 0.296985
    endloop
  endfacet
  facet normal -0.759048 0.059738 0.648288
    outer loop
      vertex 0.694360 -0.109976 0.296985
      vertex 0.703015 -0.000000 0.296985
      vertex 0.660213 -0.000000 0.246870
    endloop
  endfacet
  facet normal -0.759048 0.059738 0.648288
    outer loop
      vertex 0.694360 -0.109976 0.296985
      vertex 0.660213 -0.000000 0.246870
      vertex 0.652085 -0.103280 0.246870
    endloop
  endfacet
  facet normal -0.850727 0.066954 0.521326
    outer loop
      vertex 0.652085 -0.103280 0.246870
      vertex 0.660213 -0.000000 0.246870
      vertex 0.625777 -0.000000 0.190676
    endloop
  endfacet
  facet normal -0.850727 0.066954 0.521326
    outer loop
      vertex 0.652085 -0.103280 0.246870
      vertex 0.625777 -0.000000 0.190676
      vertex 0.618073 -0.097893 0.190676
    endloop
  endfacet
  facet normal -0.921447 0.072519 0.381676
    outer loop
      vertex 0.618073 -0.097893 0.190676
      vertex 0.625777 -0.000000 0.190676
      vertex 0.600556 -0.000000 0.129787
    endloop
  endfacet
  facet normal -0.921447 0.072519 0.381676
    outer loop
      vertex 0.618073 -0.097893 0.190676
      vertex 0.600556 -0.000000 0.129787
      vertex 0.593162 -0.093948 0.129787
    endloop
  endfacet
  facet normal -0.969535 0.076304 0.232765
    outer loop
      vertex 0.593162 -0.093948 0.129787
      vertex 0.600556 -0.000000 0.129787
      vertex 0.585171 -0.000000 0.065702
    endloop
  endfacet
  facet normal -0.969535 0.076304 0.232765
    outer loop
      vertex 0.593162 -0.093948 0.129787
      vertex 0.585171 -0.000000 0.065702
      vertex 0.577966 -0.091541 0.065702
    endloop
  endfacet
  facet normal -0.993863 0.078219 0.078219
    outer loop
      vertex 0.577966 -0.091541 0.065702
      vertex 0.585171 -0.000000 0.065702
      vertex 0.580000 -0.000000 0.000000
    endloop
  endfacet
  facet normal -0.993863 0.078219 0.078219
    outer loop
      vertex 0.577966 -0.091541 0.065702
      vertex 0.580000 -0.000000 0.000000
      vertex 0.572859 -0.090732 0.000000
    endloop
  endfacet
  facet normal -0.993863 0.078219 -0.078219
    outer loop
      vertex 0.572859 -0.090732 0.000000
      vertex 0.580000 -0.000000 0.000000
      vertex 0.585171 -0.000000 -0.065702
    endloop
  endfacet
  facet normal -0.993863 0.078219 -0.078219
    outer loop
      vertex 0.572859 -0.090732 0.000000
      vertex 0.585171 -0.000000 -0.065702
      vertex 0.577966 -0.091541 -0.065702
    endloop
  endfacet
  facet normal -0.969535 0.076304 -0.232765
    outer loop
      vertex 0.577966 -0.091541 -0.065702
      vertex 0.585171 -0.000000 -0.065702
      vertex 0.600556 -0.000000 -0.129787
    endloop
  endfacet
  facet normal -0.969535 0.076304 -0.232765
    outer loop
      vertex 0.577966 -0.091541 -0.065702
      vertex 0.600556 -0.000000 -0.129787
      vertex 0.593162 -0.093948 -0.129787
    endloop
  endfacet
  facet normal -0.921447 0.072519 -0.381676
    outer loop
      vertex 0.593162 -0.093948 -0.129787
      vertex 0.600556 -0.000000 -0.129787
      vertex 0.625777 -0.000000 -0.190676
    endloop
  endfacet
  facet normal -0.921447 0.072519 -0.381676
    outer loop
      vertex 0.593162 -0.093948 -0.129787
      vertex 0.625777 -0.000000 -0.190676
      vertex 0.618073 -0.097893 -0.190676
    endloop
  endfacet
  facet normal -0.850727 0.066954 -0.521326
    outer loop
      vertex 0.618073 -0.097893 -0.190676
      vertex 0.625777 -0.000000 -0.190676
      vertex 0.660213 -0.000000 -0.246870
    endloop
  endfacet
  facet normal -0.850727 0.066954 -0.521326
    outer loop
      vertex 0.618073 -0.097893 -0.190676
      vertex 0.660213 -0.000000 -0.246870
      vertex 0.652085 -0.103280 -0.246870
    endloop
  endfacet
  facet normal -0.759048 0.059738 -0.648288
    outer loop
      vertex 0.652085 -0.103280 -0.246870
      vertex 0.660213 -0.000000 -0.246870
      vertex 0.703015 -0.000000 -0.296985
    endloop
  endfacet
  facet normal -0.759048 0.059738 -0.648288
    outer loop
      vertex 0.652085 -0.103280 -0.246870
      vertex 0.703015 -0.000000 -0.296985
      vertex 0.694360 -0.109976 -0.296985
    endloop
  endfacet
  facet normal -0.648601 0.051046 -0.759415
    outer loop
      vertex 0.694360 -0.109976 -0.296985
      vertex 0.703015 -0.000000 -0.296985
      vertex 0.753130 -0.000000 -0.339787
    endloop
  endfacet
  facet normal -0.648601 0.051046 -0.759415
    outer loop
      vertex 0.694360 -0.109976 -0.296985
      vertex 0.753130 -0.000000 -0.339787
      vertex 0.743858 -0.117816 -0.339787
    endloop
  endfacet
  facet normal -0.522057 0.041087 -0.851920
    outer loop
      vertex 0.743858 -0.117816 -0.339787
      vertex 0.753130 -0.000000 -0.339787
      vertex 0.809324 -0.000000 -0.374223
    endloop
  endfacet
  facet normal -0.522057 0.041087 -0.851920
    outer loop
      vertex 0.743858 -0.117816 -0.339787
      vertex 0.809324 -0.000000 -0.374223
      vertex 0.799360 -0.126606 -0.374223
    endloop
  endfacet
  facet normal -0.382510 0.030104 -0.923461
    outer loop
      vertex 0.799360 -0.126606 -0.374223
      vertex 0.809324 -0.000000 -0.374223
      vertex 0.870213 -0.000000 -0.399444
    endloop
  endfacet
  facet normal -0.382510 0.030104 -0.923461
    outer loop
      vertex 0.799360 -0.126606 -0.374223
      vertex 0.870213 -0.000000 -0.399444
      vertex 0.859499 -0.136131 -0.399444
    endloop
  endfacet
  facet normal -0.233406 0.018369 -0.972206
    outer loop
      vertex 0.859499 -0.136131 -0.399444
      vertex 0.870213 -0.000000 -0.399444
      vertex 0.934298 -0.000000 -0.414829
    endloop
  endfacet
  facet normal -0.233406 0.018369 -0.972206
    outer loop
      vertex 0.859499 -0.136131 -0.399444
      vertex 0.934298 -0.000000 -0.414829
      vertex 0.922795 -0.146156 -0.414829
    endloop
  endfacet
  facet normal -0.078458 0.006175 -0.996898
    outer loop
      vertex 0.922795 -0.146156 -0.414829
      vertex 0.934298 -0.000000 -0.414829
      vertex 1.000000 -0.000000 -0.420000
    endloop
  endfacet
  facet normal -0.078458 0.006175 -0.996898
    outer loop
      vertex 0.922795 -0.146156 -0.414829
      vertex 1.000000 -0.000000 -0.420000
      vertex 0.987688 -0.156434 -0.420000
    endloop
  endfacet
  facet normal 0.078458 -0.006175 -0.996898
    outer loop
      vertex 0.987688 -0.156434 -0.420000
      vertex 1.000000 -0.000000 -0.420000
      vertex 1.065702 -0.000000 -0.414829
    endloop
  endfacet
  facet normal 0.078458 -0.006175 -0.996898
    outer loop
      vertex 0.987688 -0.156434 -0.420000
      vertex 1.065702 -0.000000 -0.414829
      vertex 1.052582 -0.166713 -0.414829
    endloop
  endfacet
  facet normal 0.233406 -0.018369 -0.972206
    outer loop
      vertex 1.052582 -0.166713 -0.414829
      vertex 1.065702 -0.000000 -0.414829
      vertex 1.129787 -0.000000 -0.399444
    endloop
  endfacet
  facet normal 0.233406 -0.018369 -0.972206
    outer loop
      vertex 1.052582 -0.166713 -0.414829
      vertex 1.129787 -0.000000 -0.399444
      vertex 1.115878 -0.176738 -0.399444
    endloop
  endfacet
  facet normal 0.382510 -0.030104 -0.923461
    outer loop
      vertex 1.115878 -0.176738 -0.399444
      vertex 1.129787 -0.000000 -0.399444
      vertex 1.190676 -0.000000 -0.374223
    endloop
  endfacet
  facet normal 0.382510 -0.030104 -0.923461
    outer loop
      vertex 1.115878 -0.176738 -0.399444
      vertex 1.190676 -0.000000 -0.374223
      vertex 1.176017 -0.186263 -0.374223
    endloop
  endfacet
  facet normal 0.522057 -0.041087 -0.851920
    outer loop
      vertex 1.176017 -0.186263 -0.374223
      vertex 1.190676 -0.000000 -0.374223
      vertex 1.246870 -0.000000 -0.339787
    endloop
  endfacet
  facet normal 0.522057 -0.041087 -0.851920
    outer loop
      vertex 1.176017 -0.186263 -0.374223
      vertex 1.246870 -0.000000 -0.339787
      vertex 1.231519 -0.195053 -0.339787
    endloop
  endfacet
  facet normal 0.648601 -0.051046 -0.759415
    outer loop
      vertex 1.231519 -0.195053 -0.339787
      vertex 1.246870 -0.000000 -0.339787
      vertex 1.296985 -0.000000 -0.296985
    endloop
  endfacet
  facet normal 0.648601 -0.051046 -0.759415
    outer loop
      vertex 1.231519 -0.195053 -0.339787
      vertex 1.296985 -0.000000 -0.296985
      vertex 1.281017 -0.202893 -0.296985
    endloop
  endfacet
  facet normal 0.759048 -0.059738 -0.648288
    outer loop
      vertex 1.281017 -0.202893 -0.296985
      vertex 1.296985 -0.000000 -0.296985
      vertex 1.339787 -0.000000 -0.246870
    endloop
  endfacet
  facet normal 0.759048 -0.059738 -0.648288
    outer loop
      vertex 1.281017 -0.202893 -0.296985
      vertex 1.339787 -0.000000 -0.246870
      vertex 1.323292 -0.209589 -0.246870
    endloop
  endfacet
  facet normal 0.850727 -0.066954 -0.521326
    outer loop
      vertex 1.323292 -0.209589 -0.246870
      vertex 1.339787 -0.000000 -0.246870
      vertex 1.374223 -0.000000 -0.190676
    endloop
  endfacet
  facet normal 0.850727 -0.066954 -0.521326
    outer loop
      vertex 1.323292 -0.209589 -0.246870
      vertex 1.374223 -0.000000 -0.190676
      vertex 1.357304 -0.214976 -0.190676
    endloop
  endfacet
  facet normal 0.921447 -0.072519 -0.381676
    outer loop
      vertex 1.357304 -0.214976 -0.190676
      vertex 1.374223 -0.000000 -0.190676
      vertex 1.399444 -0.000000 -0.129787
    endloop
  endfacet
  facet normal 0.921447 -0.072519 -0.381676
    outer loop
      vertex 1.357304 -0.214976 -0.190676
      vertex 1.399444 -0.000000 -0.129787
      vertex 1.382214 -0.218921 -0.129787
    endloop
  endfacet
  facet normal 0.969535 -0.076304 -0.232765
    outer loop
      vertex 1.382214 -0.218921 -0.129787
      vertex 1.399444 -0.000000 -0.129787
      vertex 1.414829 -0.000000 -0.065702
    endloop
  endfacet
  facet normal 0.969535 -0.076304 -0.232765
    outer loop
      vertex 1.382214 -0.218921 -0.129787
      vertex 1.414829 -0.000000 -0.065702
      vertex 1.397410 -0.221328 -0.065702
    endloop
  endfacet
  facet normal 0.993863 -0.078219 -0.078219
    outer loop
      vertex 1.397410 -0.221328 -0.065702
      vertex 1.414829 -0.000000 -0.065702
      vertex 1.420000 -0.000000 -0.000000
    endloop
  endfacet
  facet normal 0.993863 -0.078219 -0.078219
    outer loop
      vertex 1.397410 -0.221328 -0.065702
      vertex 1.420000 -0.000000 -0.000000
      vertex 1.402517 -0.222137 -0.000000
    endloop
  endfacet
endsolid smartbearing_placeholder
